<?xml version="1.0" ?>
<FlowMonitor>
  <FlowStats>
    <Flow flowId="1" timeFirstTxPacket="+100220527457.0ns" timeFirstRxPacket="+104240686445.0ns" timeLastTxPacket="+199970527457.0ns" timeLastRxPacket="+199970813930.0ns" delaySum="+7808577283.0ns" jitterSum="+5897084605.0ns" lastDelay="+286473.0ns" txBytes="63572" rxBytes="52532" txPackets="691" rxPackets="571" lostPackets="120" timesForwarded="919">
      <delayHistogram nBins="1018" >
        <bin index="0" start="0" width="0.001" count="58" />
        <bin index="1" start="0.001" width="0.001" count="166" />
        <bin index="2" start="0.002" width="0.001" count="122" />
        <bin index="3" start="0.003" width="0.001" count="64" />
        <bin index="4" start="0.004" width="0.001" count="49" />
        <bin index="5" start="0.005" width="0.001" count="22" />
        <bin index="6" start="0.006" width="0.001" count="8" />
        <bin index="7" start="0.007" width="0.001" count="12" />
        <bin index="8" start="0.008" width="0.001" count="1" />
        <bin index="9" start="0.009" width="0.001" count="8" />
        <bin index="10" start="0.01" width="0.001" count="4" />
        <bin index="11" start="0.011" width="0.001" count="5" />
        <bin index="12" start="0.012" width="0.001" count="2" />
        <bin index="13" start="0.013" width="0.001" count="3" />
        <bin index="14" start="0.014" width="0.001" count="8" />
        <bin index="15" start="0.015" width="0.001" count="3" />
        <bin index="16" start="0.016" width="0.001" count="5" />
        <bin index="17" start="0.017" width="0.001" count="3" />
        <bin index="19" start="0.019" width="0.001" count="1" />
        <bin index="20" start="0.02" width="0.001" count="2" />
        <bin index="21" start="0.021" width="0.001" count="2" />
        <bin index="22" start="0.022" width="0.001" count="1" />
        <bin index="23" start="0.023" width="0.001" count="2" />
        <bin index="24" start="0.024" width="0.001" count="3" />
        <bin index="27" start="0.027" width="0.001" count="1" />
        <bin index="28" start="0.028" width="0.001" count="2" />
        <bin index="29" start="0.029" width="0.001" count="1" />
        <bin index="30" start="0.03" width="0.001" count="2" />
        <bin index="33" start="0.033" width="0.001" count="1" />
        <bin index="35" start="0.035" width="0.001" count="1" />
        <bin index="38" start="0.038" width="0.001" count="1" />
        <bin index="39" start="0.039" width="0.001" count="1" />
        <bin index="41" start="0.041" width="0.001" count="1" />
        <bin index="766" start="0.766" width="0.001" count="1" />
        <bin index="780" start="0.78" width="0.001" count="1" />
        <bin index="890" start="0.89" width="0.001" count="1" />
        <bin index="902" start="0.902" width="0.001" count="1" />
        <bin index="1014" start="1.014" width="0.001" count="1" />
        <bin index="1017" start="1.017" width="0.001" count="1" />
      </delayHistogram>
      <jitterHistogram nBins="1014" >
        <bin index="0" start="0" width="0.001" count="297" />
        <bin index="1" start="0.001" width="0.001" count="82" />
        <bin index="2" start="0.002" width="0.001" count="48" />
        <bin index="3" start="0.003" width="0.001" count="26" />
        <bin index="4" start="0.004" width="0.001" count="13" />
        <bin index="5" start="0.005" width="0.001" count="6" />
        <bin index="6" start="0.006" width="0.001" count="7" />
        <bin index="7" start="0.007" width="0.001" count="7" />
        <bin index="8" start="0.008" width="0.001" count="6" />
        <bin index="9" start="0.009" width="0.001" count="8" />
        <bin index="10" start="0.01" width="0.001" count="4" />
        <bin index="11" start="0.011" width="0.001" count="6" />
        <bin index="12" start="0.012" width="0.001" count="6" />
        <bin index="13" start="0.013" width="0.001" count="14" />
        <bin index="14" start="0.014" width="0.001" count="2" />
        <bin index="15" start="0.015" width="0.001" count="1" />
        <bin index="16" start="0.016" width="0.001" count="3" />
        <bin index="17" start="0.017" width="0.001" count="7" />
        <bin index="18" start="0.018" width="0.001" count="1" />
        <bin index="19" start="0.019" width="0.001" count="1" />
        <bin index="21" start="0.021" width="0.001" count="2" />
        <bin index="23" start="0.023" width="0.001" count="1" />
        <bin index="24" start="0.024" width="0.001" count="2" />
        <bin index="25" start="0.025" width="0.001" count="1" />
        <bin index="26" start="0.026" width="0.001" count="1" />
        <bin index="27" start="0.027" width="0.001" count="1" />
        <bin index="29" start="0.029" width="0.001" count="3" />
        <bin index="30" start="0.03" width="0.001" count="1" />
        <bin index="32" start="0.032" width="0.001" count="3" />
        <bin index="33" start="0.033" width="0.001" count="1" />
        <bin index="38" start="0.038" width="0.001" count="1" />
        <bin index="115" start="0.115" width="0.001" count="1" />
        <bin index="121" start="0.121" width="0.001" count="1" />
        <bin index="123" start="0.123" width="0.001" count="1" />
        <bin index="124" start="0.124" width="0.001" count="1" />
        <bin index="762" start="0.762" width="0.001" count="1" />
        <bin index="765" start="0.765" width="0.001" count="1" />
        <bin index="1009" start="1.009" width="0.001" count="1" />
        <bin index="1013" start="1.013" width="0.001" count="1" />
      </jitterHistogram>
      <packetSizeHistogram nBins="5" >
        <bin index="4" start="80" width="20" count="571" />
      </packetSizeHistogram>
      <flowInterruptionsHistogram nBins="33" >
        <bin index="2" start="0.5" width="0.25" count="2" />
        <bin index="4" start="1" width="0.25" count="2" />
        <bin index="6" start="1.5" width="0.25" count="1" />
        <bin index="8" start="2" width="0.25" count="2" />
        <bin index="9" start="2.25" width="0.25" count="1" />
        <bin index="17" start="4.25" width="0.25" count="1" />
        <bin index="32" start="8" width="0.25" count="1" />
      </flowInterruptionsHistogram>
    </Flow>
    <Flow flowId="2" timeFirstTxPacket="+100404588904.0ns" timeFirstRxPacket="+100429593708.0ns" timeLastTxPacket="+199904588904.0ns" timeLastRxPacket="+199904875596.0ns" delaySum="+3714231057.0ns" jitterSum="+2998938592.0ns" lastDelay="+286692.0ns" txBytes="73324" rxBytes="72864" txPackets="797" rxPackets="792" lostPackets="5" timesForwarded="488">
      <delayHistogram nBins="898" >
        <bin index="0" start="0" width="0.001" count="484" />
        <bin index="1" start="0.001" width="0.001" count="166" />
        <bin index="2" start="0.002" width="0.001" count="65" />
        <bin index="3" start="0.003" width="0.001" count="16" />
        <bin index="4" start="0.004" width="0.001" count="10" />
        <bin index="5" start="0.005" width="0.001" count="8" />
        <bin index="6" start="0.006" width="0.001" count="3" />
        <bin index="8" start="0.008" width="0.001" count="5" />
        <bin index="9" start="0.009" width="0.001" count="6" />
        <bin index="10" start="0.01" width="0.001" count="5" />
        <bin index="11" start="0.011" width="0.001" count="2" />
        <bin index="12" start="0.012" width="0.001" count="1" />
        <bin index="13" start="0.013" width="0.001" count="2" />
        <bin index="15" start="0.015" width="0.001" count="1" />
        <bin index="18" start="0.018" width="0.001" count="1" />
        <bin index="19" start="0.019" width="0.001" count="1" />
        <bin index="21" start="0.021" width="0.001" count="1" />
        <bin index="23" start="0.023" width="0.001" count="1" />
        <bin index="25" start="0.025" width="0.001" count="2" />
        <bin index="26" start="0.026" width="0.001" count="1" />
        <bin index="28" start="0.028" width="0.001" count="1" />
        <bin index="29" start="0.029" width="0.001" count="1" />
        <bin index="33" start="0.033" width="0.001" count="1" />
        <bin index="34" start="0.034" width="0.001" count="1" />
        <bin index="36" start="0.036" width="0.001" count="1" />
        <bin index="40" start="0.04" width="0.001" count="1" />
        <bin index="41" start="0.041" width="0.001" count="1" />
        <bin index="45" start="0.045" width="0.001" count="1" />
        <bin index="649" start="0.649" width="0.001" count="1" />
        <bin index="773" start="0.773" width="0.001" count="1" />
        <bin index="897" start="0.897" width="0.001" count="1" />
      </delayHistogram>
      <jitterHistogram nBins="873" >
        <bin index="0" start="0" width="0.001" count="644" />
        <bin index="1" start="0.001" width="0.001" count="45" />
        <bin index="2" start="0.002" width="0.001" count="11" />
        <bin index="3" start="0.003" width="0.001" count="12" />
        <bin index="4" start="0.004" width="0.001" count="7" />
        <bin index="5" start="0.005" width="0.001" count="7" />
        <bin index="6" start="0.006" width="0.001" count="6" />
        <bin index="7" start="0.007" width="0.001" count="8" />
        <bin index="8" start="0.008" width="0.001" count="13" />
        <bin index="9" start="0.009" width="0.001" count="4" />
        <bin index="10" start="0.01" width="0.001" count="2" />
        <bin index="11" start="0.011" width="0.001" count="2" />
        <bin index="12" start="0.012" width="0.001" count="3" />
        <bin index="13" start="0.013" width="0.001" count="3" />
        <bin index="15" start="0.015" width="0.001" count="1" />
        <bin index="16" start="0.016" width="0.001" count="2" />
        <bin index="20" start="0.02" width="0.001" count="1" />
        <bin index="22" start="0.022" width="0.001" count="1" />
        <bin index="23" start="0.023" width="0.001" count="1" />
        <bin index="24" start="0.024" width="0.001" count="3" />
        <bin index="26" start="0.026" width="0.001" count="1" />
        <bin index="28" start="0.028" width="0.001" count="1" />
        <bin index="29" start="0.029" width="0.001" count="1" />
        <bin index="32" start="0.032" width="0.001" count="1" />
        <bin index="33" start="0.033" width="0.001" count="1" />
        <bin index="35" start="0.035" width="0.001" count="2" />
        <bin index="39" start="0.039" width="0.001" count="1" />
        <bin index="40" start="0.04" width="0.001" count="2" />
        <bin index="44" start="0.044" width="0.001" count="1" />
        <bin index="123" start="0.123" width="0.001" count="1" />
        <bin index="124" start="0.124" width="0.001" count="1" />
        <bin index="648" start="0.648" width="0.001" count="1" />
        <bin index="872" start="0.872" width="0.001" count="1" />
      </jitterHistogram>
      <packetSizeHistogram nBins="5" >
        <bin index="4" start="80" width="20" count="792" />
      </packetSizeHistogram>
      <flowInterruptionsHistogram nBins="4" >
        <bin index="3" start="0.75" width="0.25" count="1" />
      </flowInterruptionsHistogram>
    </Flow>
    <Flow flowId="3" timeFirstTxPacket="+100422508704.0ns" timeFirstRxPacket="+100469732304.0ns" timeLastTxPacket="+199922508704.0ns" timeLastRxPacket="+197299631877.0ns" delaySum="+3505101350.0ns" jitterSum="+5104870369.0ns" lastDelay="+2123173.0ns" txBytes="73324" rxBytes="57132" txPackets="797" rxPackets="621" lostPackets="155" timesForwarded="459">
      <delayHistogram nBins="1971" >
        <bin index="0" start="0" width="0.001" count="315" />
        <bin index="1" start="0.001" width="0.001" count="177" />
        <bin index="2" start="0.002" width="0.001" count="31" />
        <bin index="3" start="0.003" width="0.001" count="16" />
        <bin index="4" start="0.004" width="0.001" count="12" />
        <bin index="5" start="0.005" width="0.001" count="7" />
        <bin index="6" start="0.006" width="0.001" count="4" />
        <bin index="7" start="0.007" width="0.001" count="9" />
        <bin index="8" start="0.008" width="0.001" count="5" />
        <bin index="9" start="0.009" width="0.001" count="8" />
        <bin index="10" start="0.01" width="0.001" count="5" />
        <bin index="11" start="0.011" width="0.001" count="2" />
        <bin index="12" start="0.012" width="0.001" count="1" />
        <bin index="13" start="0.013" width="0.001" count="4" />
        <bin index="14" start="0.014" width="0.001" count="3" />
        <bin index="16" start="0.016" width="0.001" count="2" />
        <bin index="17" start="0.017" width="0.001" count="1" />
        <bin index="18" start="0.018" width="0.001" count="4" />
        <bin index="19" start="0.019" width="0.001" count="1" />
        <bin index="20" start="0.02" width="0.001" count="1" />
        <bin index="21" start="0.021" width="0.001" count="2" />
        <bin index="22" start="0.022" width="0.001" count="2" />
        <bin index="25" start="0.025" width="0.001" count="1" />
        <bin index="26" start="0.026" width="0.001" count="1" />
        <bin index="35" start="0.035" width="0.001" count="1" />
        <bin index="36" start="0.036" width="0.001" count="1" />
        <bin index="39" start="0.039" width="0.001" count="1" />
        <bin index="40" start="0.04" width="0.001" count="1" />
        <bin index="44" start="0.044" width="0.001" count="1" />
        <bin index="47" start="0.047" width="0.001" count="1" />
        <bin index="1970" start="1.97" width="0.001" count="1" />
      </delayHistogram>
      <jitterHistogram nBins="1954" >
        <bin index="0" start="0" width="0.001" count="481" />
        <bin index="1" start="0.001" width="0.001" count="26" />
        <bin index="2" start="0.002" width="0.001" count="19" />
        <bin index="3" start="0.003" width="0.001" count="8" />
        <bin index="4" start="0.004" width="0.001" count="11" />
        <bin index="5" start="0.005" width="0.001" count="10" />
        <bin index="6" start="0.006" width="0.001" count="7" />
        <bin index="7" start="0.007" width="0.001" count="10" />
        <bin index="8" start="0.008" width="0.001" count="5" />
        <bin index="9" start="0.009" width="0.001" count="6" />
        <bin index="10" start="0.01" width="0.001" count="1" />
        <bin index="11" start="0.011" width="0.001" count="4" />
        <bin index="12" start="0.012" width="0.001" count="4" />
        <bin index="13" start="0.013" width="0.001" count="1" />
        <bin index="14" start="0.014" width="0.001" count="3" />
        <bin index="15" start="0.015" width="0.001" count="1" />
        <bin index="16" start="0.016" width="0.001" count="2" />
        <bin index="17" start="0.017" width="0.001" count="3" />
        <bin index="18" start="0.018" width="0.001" count="1" />
        <bin index="19" start="0.019" width="0.001" count="1" />
        <bin index="20" start="0.02" width="0.001" count="3" />
        <bin index="21" start="0.021" width="0.001" count="2" />
        <bin index="22" start="0.022" width="0.001" count="1" />
        <bin index="23" start="0.023" width="0.001" count="1" />
        <bin index="31" start="0.031" width="0.001" count="2" />
        <bin index="34" start="0.034" width="0.001" count="2" />
        <bin index="35" start="0.035" width="0.001" count="2" />
        <bin index="42" start="0.042" width="0.001" count="1" />
        <bin index="1951" start="1.951" width="0.001" count="1" />
        <bin index="1953" start="1.953" width="0.001" count="1" />
      </jitterHistogram>
      <packetSizeHistogram nBins="5" >
        <bin index="4" start="80" width="20" count="621" />
      </packetSizeHistogram>
      <flowInterruptionsHistogram nBins="27" >
        <bin index="5" start="1.25" width="0.25" count="1" />
        <bin index="10" start="2.5" width="0.25" count="1" />
        <bin index="12" start="3" width="0.25" count="1" />
        <bin index="19" start="4.75" width="0.25" count="1" />
        <bin index="26" start="6.5" width="0.25" count="1" />
      </flowInterruptionsHistogram>
    </Flow>
    <Flow flowId="4" timeFirstTxPacket="+100454044915.0ns" timeFirstRxPacket="+100473925058.0ns" timeLastTxPacket="+199954044915.0ns" timeLastRxPacket="+199211861630.0ns" delaySum="+12953674022.0ns" jitterSum="+12469481880.0ns" lastDelay="+7816715.0ns" txBytes="66424" rxBytes="47380" txPackets="722" rxPackets="515" lostPackets="141" timesForwarded="945">
      <delayHistogram nBins="2016" >
        <bin index="0" start="0" width="0.001" count="7" />
        <bin index="1" start="0.001" width="0.001" count="141" />
        <bin index="2" start="0.002" width="0.001" count="171" />
        <bin index="3" start="0.003" width="0.001" count="61" />
        <bin index="4" start="0.004" width="0.001" count="26" />
        <bin index="5" start="0.005" width="0.001" count="10" />
        <bin index="6" start="0.006" width="0.001" count="12" />
        <bin index="7" start="0.007" width="0.001" count="9" />
        <bin index="8" start="0.008" width="0.001" count="7" />
        <bin index="9" start="0.009" width="0.001" count="6" />
        <bin index="10" start="0.01" width="0.001" count="3" />
        <bin index="11" start="0.011" width="0.001" count="4" />
        <bin index="12" start="0.012" width="0.001" count="6" />
        <bin index="13" start="0.013" width="0.001" count="4" />
        <bin index="14" start="0.014" width="0.001" count="2" />
        <bin index="15" start="0.015" width="0.001" count="3" />
        <bin index="16" start="0.016" width="0.001" count="1" />
        <bin index="17" start="0.017" width="0.001" count="3" />
        <bin index="18" start="0.018" width="0.001" count="2" />
        <bin index="19" start="0.019" width="0.001" count="3" />
        <bin index="20" start="0.02" width="0.001" count="5" />
        <bin index="22" start="0.022" width="0.001" count="4" />
        <bin index="24" start="0.024" width="0.001" count="1" />
        <bin index="26" start="0.026" width="0.001" count="3" />
        <bin index="28" start="0.028" width="0.001" count="1" />
        <bin index="30" start="0.03" width="0.001" count="1" />
        <bin index="33" start="0.033" width="0.001" count="2" />
        <bin index="38" start="0.038" width="0.001" count="1" />
        <bin index="42" start="0.042" width="0.001" count="2" />
        <bin index="43" start="0.043" width="0.001" count="1" />
        <bin index="44" start="0.044" width="0.001" count="2" />
        <bin index="46" start="0.046" width="0.001" count="1" />
        <bin index="47" start="0.047" width="0.001" count="1" />
        <bin index="51" start="0.051" width="0.001" count="1" />
        <bin index="60" start="0.06" width="0.001" count="1" />
        <bin index="759" start="0.759" width="0.001" count="1" />
        <bin index="884" start="0.884" width="0.001" count="1" />
        <bin index="1008" start="1.008" width="0.001" count="1" />
        <bin index="1766" start="1.766" width="0.001" count="1" />
        <bin index="1891" start="1.891" width="0.001" count="1" />
        <bin index="2015" start="2.015" width="0.001" count="2" />
      </delayHistogram>
      <jitterHistogram nBins="2014" >
        <bin index="0" start="0" width="0.001" count="233" />
        <bin index="1" start="0.001" width="0.001" count="77" />
        <bin index="2" start="0.002" width="0.001" count="31" />
        <bin index="3" start="0.003" width="0.001" count="26" />
        <bin index="4" start="0.004" width="0.001" count="14" />
        <bin index="5" start="0.005" width="0.001" count="14" />
        <bin index="6" start="0.006" width="0.001" count="15" />
        <bin index="7" start="0.007" width="0.001" count="8" />
        <bin index="8" start="0.008" width="0.001" count="7" />
        <bin index="9" start="0.009" width="0.001" count="7" />
        <bin index="10" start="0.01" width="0.001" count="7" />
        <bin index="11" start="0.011" width="0.001" count="4" />
        <bin index="12" start="0.012" width="0.001" count="3" />
        <bin index="13" start="0.013" width="0.001" count="4" />
        <bin index="14" start="0.014" width="0.001" count="3" />
        <bin index="15" start="0.015" width="0.001" count="6" />
        <bin index="16" start="0.016" width="0.001" count="2" />
        <bin index="17" start="0.017" width="0.001" count="2" />
        <bin index="18" start="0.018" width="0.001" count="4" />
        <bin index="19" start="0.019" width="0.001" count="3" />
        <bin index="20" start="0.02" width="0.001" count="4" />
        <bin index="21" start="0.021" width="0.001" count="2" />
        <bin index="22" start="0.022" width="0.001" count="2" />
        <bin index="23" start="0.023" width="0.001" count="2" />
        <bin index="24" start="0.024" width="0.001" count="3" />
        <bin index="25" start="0.025" width="0.001" count="2" />
        <bin index="28" start="0.028" width="0.001" count="1" />
        <bin index="30" start="0.03" width="0.001" count="1" />
        <bin index="31" start="0.031" width="0.001" count="2" />
        <bin index="32" start="0.032" width="0.001" count="1" />
        <bin index="35" start="0.035" width="0.001" count="1" />
        <bin index="37" start="0.037" width="0.001" count="1" />
        <bin index="39" start="0.039" width="0.001" count="1" />
        <bin index="40" start="0.04" width="0.001" count="3" />
        <bin index="41" start="0.041" width="0.001" count="1" />
        <bin index="43" start="0.043" width="0.001" count="2" />
        <bin index="44" start="0.044" width="0.001" count="2" />
        <bin index="46" start="0.046" width="0.001" count="1" />
        <bin index="48" start="0.048" width="0.001" count="1" />
        <bin index="49" start="0.049" width="0.001" count="1" />
        <bin index="124" start="0.124" width="0.001" count="4" />
        <bin index="757" start="0.757" width="0.001" count="1" />
        <bin index="1006" start="1.006" width="0.001" count="1" />
        <bin index="1755" start="1.755" width="0.001" count="1" />
        <bin index="2007" start="2.007" width="0.001" count="1" />
        <bin index="2012" start="2.012" width="0.001" count="1" />
        <bin index="2013" start="2.013" width="0.001" count="1" />
      </jitterHistogram>
      <packetSizeHistogram nBins="5" >
        <bin index="4" start="80" width="20" count="515" />
      </packetSizeHistogram>
      <flowInterruptionsHistogram nBins="40" >
        <bin index="2" start="0.5" width="0.25" count="1" />
        <bin index="3" start="0.75" width="0.25" count="1" />
        <bin index="4" start="1" width="0.25" count="4" />
        <bin index="8" start="2" width="0.25" count="2" />
        <bin index="9" start="2.25" width="0.25" count="1" />
        <bin index="17" start="4.25" width="0.25" count="1" />
        <bin index="25" start="6.25" width="0.25" count="1" />
        <bin index="39" start="9.75" width="0.25" count="1" />
      </flowInterruptionsHistogram>
    </Flow>
    <Flow flowId="5" timeFirstTxPacket="+100459054896.0ns" timeFirstRxPacket="+100469162814.0ns" timeLastTxPacket="+199959054896.0ns" timeLastRxPacket="+196217931065.0ns" delaySum="+814060609.0ns" jitterSum="+774958531.0ns" lastDelay="+8876169.0ns" txBytes="73324" rxBytes="70288" txPackets="797" rxPackets="764" lostPackets="2" timesForwarded="145">
      <delayHistogram nBins="40" >
        <bin index="0" start="0" width="0.001" count="595" />
        <bin index="1" start="0.001" width="0.001" count="116" />
        <bin index="2" start="0.002" width="0.001" count="21" />
        <bin index="3" start="0.003" width="0.001" count="5" />
        <bin index="4" start="0.004" width="0.001" count="2" />
        <bin index="5" start="0.005" width="0.001" count="2" />
        <bin index="6" start="0.006" width="0.001" count="2" />
        <bin index="7" start="0.007" width="0.001" count="1" />
        <bin index="8" start="0.008" width="0.001" count="4" />
        <bin index="10" start="0.01" width="0.001" count="3" />
        <bin index="11" start="0.011" width="0.001" count="3" />
        <bin index="13" start="0.013" width="0.001" count="1" />
        <bin index="16" start="0.016" width="0.001" count="2" />
        <bin index="18" start="0.018" width="0.001" count="1" />
        <bin index="19" start="0.019" width="0.001" count="1" />
        <bin index="22" start="0.022" width="0.001" count="1" />
        <bin index="23" start="0.023" width="0.001" count="1" />
        <bin index="36" start="0.036" width="0.001" count="1" />
        <bin index="38" start="0.038" width="0.001" count="1" />
        <bin index="39" start="0.039" width="0.001" count="1" />
      </delayHistogram>
      <jitterHistogram nBins="38" >
        <bin index="0" start="0" width="0.001" count="668" />
        <bin index="1" start="0.001" width="0.001" count="33" />
        <bin index="2" start="0.002" width="0.001" count="16" />
        <bin index="3" start="0.003" width="0.001" count="6" />
        <bin index="4" start="0.004" width="0.001" count="2" />
        <bin index="5" start="0.005" width="0.001" count="2" />
        <bin index="6" start="0.006" width="0.001" count="6" />
        <bin index="7" start="0.007" width="0.001" count="1" />
        <bin index="8" start="0.008" width="0.001" count="2" />
        <bin index="9" start="0.009" width="0.001" count="5" />
        <bin index="10" start="0.01" width="0.001" count="4" />
        <bin index="12" start="0.012" width="0.001" count="1" />
        <bin index="14" start="0.014" width="0.001" count="2" />
        <bin index="16" start="0.016" width="0.001" count="1" />
        <bin index="17" start="0.017" width="0.001" count="2" />
        <bin index="19" start="0.019" width="0.001" count="2" />
        <bin index="21" start="0.021" width="0.001" count="3" />
        <bin index="23" start="0.023" width="0.001" count="1" />
        <bin index="25" start="0.025" width="0.001" count="3" />
        <bin index="34" start="0.034" width="0.001" count="1" />
        <bin index="36" start="0.036" width="0.001" count="1" />
        <bin index="37" start="0.037" width="0.001" count="1" />
      </jitterHistogram>
      <packetSizeHistogram nBins="5" >
        <bin index="4" start="80" width="20" count="764" />
      </packetSizeHistogram>
      <flowInterruptionsHistogram nBins="0" >
      </flowInterruptionsHistogram>
    </Flow>
    <Flow flowId="6" timeFirstTxPacket="+100471832416.0ns" timeFirstRxPacket="+100485637578.0ns" timeLastTxPacket="+199971832416.0ns" timeLastRxPacket="+199972993405.0ns" delaySum="+2817583938.0ns" jitterSum="+3472273797.0ns" lastDelay="+1160989.0ns" txBytes="73324" rxBytes="71116" txPackets="797" rxPackets="773" lostPackets="24" timesForwarded="458">
      <delayHistogram nBins="1007" >
        <bin index="0" start="0" width="0.001" count="279" />
        <bin index="1" start="0.001" width="0.001" count="253" />
        <bin index="2" start="0.002" width="0.001" count="132" />
        <bin index="3" start="0.003" width="0.001" count="25" />
        <bin index="4" start="0.004" width="0.001" count="21" />
        <bin index="5" start="0.005" width="0.001" count="6" />
        <bin index="6" start="0.006" width="0.001" count="11" />
        <bin index="7" start="0.007" width="0.001" count="5" />
        <bin index="8" start="0.008" width="0.001" count="5" />
        <bin index="9" start="0.009" width="0.001" count="3" />
        <bin index="10" start="0.01" width="0.001" count="4" />
        <bin index="11" start="0.011" width="0.001" count="2" />
        <bin index="13" start="0.013" width="0.001" count="5" />
        <bin index="14" start="0.014" width="0.001" count="2" />
        <bin index="16" start="0.016" width="0.001" count="3" />
        <bin index="17" start="0.017" width="0.001" count="6" />
        <bin index="18" start="0.018" width="0.001" count="1" />
        <bin index="19" start="0.019" width="0.001" count="1" />
        <bin index="20" start="0.02" width="0.001" count="1" />
        <bin index="22" start="0.022" width="0.001" count="1" />
        <bin index="23" start="0.023" width="0.001" count="2" />
        <bin index="25" start="0.025" width="0.001" count="1" />
        <bin index="33" start="0.033" width="0.001" count="1" />
        <bin index="36" start="0.036" width="0.001" count="1" />
        <bin index="41" start="0.041" width="0.001" count="1" />
        <bin index="1006" start="1.006" width="0.001" count="1" />
      </delayHistogram>
      <jitterHistogram nBins="1005" >
        <bin index="0" start="0" width="0.001" count="525" />
        <bin index="1" start="0.001" width="0.001" count="121" />
        <bin index="2" start="0.002" width="0.001" count="30" />
        <bin index="3" start="0.003" width="0.001" count="14" />
        <bin index="4" start="0.004" width="0.001" count="8" />
        <bin index="5" start="0.005" width="0.001" count="10" />
        <bin index="6" start="0.006" width="0.001" count="8" />
        <bin index="7" start="0.007" width="0.001" count="4" />
        <bin index="8" start="0.008" width="0.001" count="6" />
        <bin index="9" start="0.009" width="0.001" count="7" />
        <bin index="10" start="0.01" width="0.001" count="1" />
        <bin index="11" start="0.011" width="0.001" count="6" />
        <bin index="12" start="0.012" width="0.001" count="2" />
        <bin index="13" start="0.013" width="0.001" count="4" />
        <bin index="14" start="0.014" width="0.001" count="2" />
        <bin index="15" start="0.015" width="0.001" count="3" />
        <bin index="16" start="0.016" width="0.001" count="3" />
        <bin index="17" start="0.017" width="0.001" count="2" />
        <bin index="18" start="0.018" width="0.001" count="2" />
        <bin index="20" start="0.02" width="0.001" count="2" />
        <bin index="21" start="0.021" width="0.001" count="2" />
        <bin index="23" start="0.023" width="0.001" count="1" />
        <bin index="24" start="0.024" width="0.001" count="1" />
        <bin index="28" start="0.028" width="0.001" count="1" />
        <bin index="29" start="0.029" width="0.001" count="2" />
        <bin index="34" start="0.034" width="0.001" count="1" />
        <bin index="35" start="0.035" width="0.001" count="1" />
        <bin index="39" start="0.039" width="0.001" count="1" />
        <bin index="1003" start="1.003" width="0.001" count="1" />
        <bin index="1004" start="1.004" width="0.001" count="1" />
      </jitterHistogram>
      <packetSizeHistogram nBins="5" >
        <bin index="4" start="80" width="20" count="773" />
      </packetSizeHistogram>
      <flowInterruptionsHistogram nBins="8" >
        <bin index="7" start="1.75" width="0.25" count="1" />
      </flowInterruptionsHistogram>
    </Flow>
    <Flow flowId="7" timeFirstTxPacket="+100642345429.0ns" timeFirstRxPacket="+101654500055.0ns" timeLastTxPacket="+199892345429.0ns" timeLastRxPacket="+199893122125.0ns" delaySum="+4212496907.0ns" jitterSum="+3390209074.0ns" lastDelay="+776696.0ns" txBytes="73140" rxBytes="71944" txPackets="795" rxPackets="782" lostPackets="13" timesForwarded="96">
      <delayHistogram nBins="1013" >
        <bin index="0" start="0" width="0.001" count="688" />
        <bin index="1" start="0.001" width="0.001" count="61" />
        <bin index="2" start="0.002" width="0.001" count="11" />
        <bin index="3" start="0.003" width="0.001" count="3" />
        <bin index="4" start="0.004" width="0.001" count="1" />
        <bin index="5" start="0.005" width="0.001" count="1" />
        <bin index="6" start="0.006" width="0.001" count="1" />
        <bin index="7" start="0.007" width="0.001" count="1" />
        <bin index="8" start="0.008" width="0.001" count="1" />
        <bin index="9" start="0.009" width="0.001" count="1" />
        <bin index="10" start="0.01" width="0.001" count="3" />
        <bin index="11" start="0.011" width="0.001" count="1" />
        <bin index="13" start="0.013" width="0.001" count="1" />
        <bin index="17" start="0.017" width="0.001" count="1" />
        <bin index="19" start="0.019" width="0.001" count="1" />
        <bin index="29" start="0.029" width="0.001" count="1" />
        <bin index="38" start="0.038" width="0.001" count="1" />
        <bin index="765" start="0.765" width="0.001" count="1" />
        <bin index="889" start="0.889" width="0.001" count="1" />
        <bin index="1012" start="1.012" width="0.001" count="2" />
      </delayHistogram>
      <jitterHistogram nBins="1011" >
        <bin index="0" start="0" width="0.001" count="727" />
        <bin index="1" start="0.001" width="0.001" count="25" />
        <bin index="2" start="0.002" width="0.001" count="2" />
        <bin index="3" start="0.003" width="0.001" count="1" />
        <bin index="5" start="0.005" width="0.001" count="1" />
        <bin index="6" start="0.006" width="0.001" count="4" />
        <bin index="8" start="0.008" width="0.001" count="2" />
        <bin index="9" start="0.009" width="0.001" count="4" />
        <bin index="10" start="0.01" width="0.001" count="2" />
        <bin index="12" start="0.012" width="0.001" count="2" />
        <bin index="16" start="0.016" width="0.001" count="1" />
        <bin index="18" start="0.018" width="0.001" count="1" />
        <bin index="26" start="0.026" width="0.001" count="1" />
        <bin index="27" start="0.027" width="0.001" count="1" />
        <bin index="28" start="0.028" width="0.001" count="1" />
        <bin index="33" start="0.033" width="0.001" count="1" />
        <bin index="122" start="0.122" width="0.001" count="1" />
        <bin index="123" start="0.123" width="0.001" count="1" />
        <bin index="764" start="0.764" width="0.001" count="1" />
        <bin index="1008" start="1.008" width="0.001" count="1" />
        <bin index="1010" start="1.01" width="0.001" count="1" />
      </jitterHistogram>
      <packetSizeHistogram nBins="5" >
        <bin index="4" start="80" width="20" count="782" />
      </packetSizeHistogram>
      <flowInterruptionsHistogram nBins="0" >
      </flowInterruptionsHistogram>
    </Flow>
    <Flow flowId="8" timeFirstTxPacket="+100759855346.0ns" timeFirstRxPacket="+100779733276.0ns" timeLastTxPacket="+199884855346.0ns" timeLastRxPacket="+199885142118.0ns" delaySum="+5001759432.0ns" jitterSum="+4836535274.0ns" lastDelay="+286772.0ns" txBytes="73048" rxBytes="67068" txPackets="794" rxPackets="729" lostPackets="65" timesForwarded="267">
      <delayHistogram nBins="1015" >
        <bin index="0" start="0" width="0.001" count="500" />
        <bin index="1" start="0.001" width="0.001" count="173" />
        <bin index="2" start="0.002" width="0.001" count="7" />
        <bin index="3" start="0.003" width="0.001" count="4" />
        <bin index="4" start="0.004" width="0.001" count="3" />
        <bin index="5" start="0.005" width="0.001" count="3" />
        <bin index="6" start="0.006" width="0.001" count="1" />
        <bin index="7" start="0.007" width="0.001" count="1" />
        <bin index="8" start="0.008" width="0.001" count="1" />
        <bin index="10" start="0.01" width="0.001" count="2" />
        <bin index="11" start="0.011" width="0.001" count="4" />
        <bin index="12" start="0.012" width="0.001" count="2" />
        <bin index="13" start="0.013" width="0.001" count="3" />
        <bin index="14" start="0.014" width="0.001" count="2" />
        <bin index="15" start="0.015" width="0.001" count="2" />
        <bin index="18" start="0.018" width="0.001" count="1" />
        <bin index="19" start="0.019" width="0.001" count="1" />
        <bin index="21" start="0.021" width="0.001" count="3" />
        <bin index="23" start="0.023" width="0.001" count="1" />
        <bin index="24" start="0.024" width="0.001" count="1" />
        <bin index="28" start="0.028" width="0.001" count="1" />
        <bin index="31" start="0.031" width="0.001" count="1" />
        <bin index="33" start="0.033" width="0.001" count="1" />
        <bin index="39" start="0.039" width="0.001" count="1" />
        <bin index="46" start="0.046" width="0.001" count="1" />
        <bin index="47" start="0.047" width="0.001" count="1" />
        <bin index="49" start="0.049" width="0.001" count="1" />
        <bin index="60" start="0.06" width="0.001" count="1" />
        <bin index="78" start="0.078" width="0.001" count="1" />
        <bin index="82" start="0.082" width="0.001" count="1" />
        <bin index="792" start="0.792" width="0.001" count="1" />
        <bin index="889" start="0.889" width="0.001" count="1" />
        <bin index="976" start="0.976" width="0.001" count="1" />
        <bin index="1014" start="1.014" width="0.001" count="1" />
      </delayHistogram>
      <jitterHistogram nBins="1014" >
        <bin index="0" start="0" width="0.001" count="644" />
        <bin index="1" start="0.001" width="0.001" count="14" />
        <bin index="2" start="0.002" width="0.001" count="8" />
        <bin index="3" start="0.003" width="0.001" count="4" />
        <bin index="4" start="0.004" width="0.001" count="3" />
        <bin index="5" start="0.005" width="0.001" count="1" />
        <bin index="6" start="0.006" width="0.001" count="3" />
        <bin index="7" start="0.007" width="0.001" count="2" />
        <bin index="8" start="0.008" width="0.001" count="2" />
        <bin index="9" start="0.009" width="0.001" count="7" />
        <bin index="10" start="0.01" width="0.001" count="4" />
        <bin index="11" start="0.011" width="0.001" count="5" />
        <bin index="12" start="0.012" width="0.001" count="5" />
        <bin index="13" start="0.013" width="0.001" count="1" />
        <bin index="17" start="0.017" width="0.001" count="2" />
        <bin index="18" start="0.018" width="0.001" count="1" />
        <bin index="19" start="0.019" width="0.001" count="3" />
        <bin index="21" start="0.021" width="0.001" count="1" />
        <bin index="22" start="0.022" width="0.001" count="1" />
        <bin index="28" start="0.028" width="0.001" count="2" />
        <bin index="31" start="0.031" width="0.001" count="3" />
        <bin index="42" start="0.042" width="0.001" count="1" />
        <bin index="44" start="0.044" width="0.001" count="1" />
        <bin index="45" start="0.045" width="0.001" count="2" />
        <bin index="47" start="0.047" width="0.001" count="1" />
        <bin index="58" start="0.058" width="0.001" count="1" />
        <bin index="124" start="0.124" width="0.001" count="1" />
        <bin index="183" start="0.183" width="0.001" count="1" />
        <bin index="746" start="0.746" width="0.001" count="1" />
        <bin index="856" start="0.856" width="0.001" count="1" />
        <bin index="897" start="0.897" width="0.001" count="1" />
        <bin index="1013" start="1.013" width="0.001" count="1" />
      </jitterHistogram>
      <packetSizeHistogram nBins="5" >
        <bin index="4" start="80" width="20" count="729" />
      </packetSizeHistogram>
      <flowInterruptionsHistogram nBins="18" >
        <bin index="4" start="1" width="0.25" count="1" />
        <bin index="9" start="2.25" width="0.25" count="1" />
        <bin index="17" start="4.25" width="0.25" count="1" />
      </flowInterruptionsHistogram>
    </Flow>
    <Flow flowId="9" timeFirstTxPacket="+100895734582.0ns" timeFirstRxPacket="+100900755148.0ns" timeLastTxPacket="+199895734582.0ns" timeLastRxPacket="+199896020993.0ns" delaySum="+1458629774.0ns" jitterSum="+1564032699.0ns" lastDelay="+286411.0ns" txBytes="72956" rxBytes="67620" txPackets="793" rxPackets="735" lostPackets="58" timesForwarded="285">
      <delayHistogram nBins="53" >
        <bin index="0" start="0" width="0.001" count="486" />
        <bin index="1" start="0.001" width="0.001" count="129" />
        <bin index="2" start="0.002" width="0.001" count="48" />
        <bin index="3" start="0.003" width="0.001" count="9" />
        <bin index="4" start="0.004" width="0.001" count="7" />
        <bin index="5" start="0.005" width="0.001" count="9" />
        <bin index="6" start="0.006" width="0.001" count="1" />
        <bin index="7" start="0.007" width="0.001" count="5" />
        <bin index="8" start="0.008" width="0.001" count="5" />
        <bin index="10" start="0.01" width="0.001" count="2" />
        <bin index="11" start="0.011" width="0.001" count="2" />
        <bin index="12" start="0.012" width="0.001" count="5" />
        <bin index="13" start="0.013" width="0.001" count="4" />
        <bin index="14" start="0.014" width="0.001" count="2" />
        <bin index="15" start="0.015" width="0.001" count="3" />
        <bin index="16" start="0.016" width="0.001" count="2" />
        <bin index="17" start="0.017" width="0.001" count="1" />
        <bin index="18" start="0.018" width="0.001" count="1" />
        <bin index="19" start="0.019" width="0.001" count="1" />
        <bin index="22" start="0.022" width="0.001" count="1" />
        <bin index="25" start="0.025" width="0.001" count="1" />
        <bin index="30" start="0.03" width="0.001" count="1" />
        <bin index="33" start="0.033" width="0.001" count="2" />
        <bin index="34" start="0.034" width="0.001" count="1" />
        <bin index="36" start="0.036" width="0.001" count="1" />
        <bin index="40" start="0.04" width="0.001" count="1" />
        <bin index="41" start="0.041" width="0.001" count="1" />
        <bin index="42" start="0.042" width="0.001" count="1" />
        <bin index="43" start="0.043" width="0.001" count="1" />
        <bin index="50" start="0.05" width="0.001" count="1" />
        <bin index="52" start="0.052" width="0.001" count="1" />
      </delayHistogram>
      <jitterHistogram nBins="52" >
        <bin index="0" start="0" width="0.001" count="582" />
        <bin index="1" start="0.001" width="0.001" count="52" />
        <bin index="2" start="0.002" width="0.001" count="17" />
        <bin index="3" start="0.003" width="0.001" count="7" />
        <bin index="4" start="0.004" width="0.001" count="8" />
        <bin index="5" start="0.005" width="0.001" count="3" />
        <bin index="6" start="0.006" width="0.001" count="3" />
        <bin index="7" start="0.007" width="0.001" count="6" />
        <bin index="8" start="0.008" width="0.001" count="2" />
        <bin index="9" start="0.009" width="0.001" count="4" />
        <bin index="10" start="0.01" width="0.001" count="2" />
        <bin index="11" start="0.011" width="0.001" count="7" />
        <bin index="12" start="0.012" width="0.001" count="3" />
        <bin index="13" start="0.013" width="0.001" count="2" />
        <bin index="14" start="0.014" width="0.001" count="6" />
        <bin index="15" start="0.015" width="0.001" count="2" />
        <bin index="16" start="0.016" width="0.001" count="2" />
        <bin index="18" start="0.018" width="0.001" count="2" />
        <bin index="20" start="0.02" width="0.001" count="1" />
        <bin index="22" start="0.022" width="0.001" count="1" />
        <bin index="23" start="0.023" width="0.001" count="1" />
        <bin index="24" start="0.024" width="0.001" count="1" />
        <bin index="27" start="0.027" width="0.001" count="1" />
        <bin index="28" start="0.028" width="0.001" count="2" />
        <bin index="29" start="0.029" width="0.001" count="1" />
        <bin index="30" start="0.03" width="0.001" count="1" />
        <bin index="31" start="0.031" width="0.001" count="2" />
        <bin index="32" start="0.032" width="0.001" count="1" />
        <bin index="34" start="0.034" width="0.001" count="1" />
        <bin index="36" start="0.036" width="0.001" count="2" />
        <bin index="37" start="0.037" width="0.001" count="1" />
        <bin index="38" start="0.038" width="0.001" count="1" />
        <bin index="40" start="0.04" width="0.001" count="1" />
        <bin index="42" start="0.042" width="0.001" count="2" />
        <bin index="45" start="0.045" width="0.001" count="1" />
        <bin index="49" start="0.049" width="0.001" count="1" />
        <bin index="51" start="0.051" width="0.001" count="2" />
      </jitterHistogram>
      <packetSizeHistogram nBins="5" >
        <bin index="4" start="80" width="20" count="735" />
      </packetSizeHistogram>
      <flowInterruptionsHistogram nBins="9" >
        <bin index="2" start="0.5" width="0.25" count="1" />
        <bin index="5" start="1.25" width="0.25" count="1" />
        <bin index="7" start="1.75" width="0.25" count="1" />
        <bin index="8" start="2" width="0.25" count="1" />
      </flowInterruptionsHistogram>
    </Flow>
    <Flow flowId="10" timeFirstTxPacket="+101049626889.0ns" timeFirstRxPacket="+101052125497.0ns" timeLastTxPacket="+199924626889.0ns" timeLastRxPacket="+199924913914.0ns" delaySum="+489091062.0ns" jitterSum="+360948697.0ns" lastDelay="+287025.0ns" txBytes="72864" rxBytes="72588" txPackets="792" rxPackets="789" lostPackets="0" timesForwarded="0">
      <delayHistogram nBins="29" >
        <bin index="0" start="0" width="0.001" count="703" />
        <bin index="1" start="0.001" width="0.001" count="57" />
        <bin index="2" start="0.002" width="0.001" count="15" />
        <bin index="3" start="0.003" width="0.001" count="4" />
        <bin index="4" start="0.004" width="0.001" count="2" />
        <bin index="7" start="0.007" width="0.001" count="2" />
        <bin index="9" start="0.009" width="0.001" count="1" />
        <bin index="12" start="0.012" width="0.001" count="2" />
        <bin index="20" start="0.02" width="0.001" count="2" />
        <bin index="28" start="0.028" width="0.001" count="1" />
      </delayHistogram>
      <jitterHistogram nBins="29" >
        <bin index="0" start="0" width="0.001" count="712" />
        <bin index="1" start="0.001" width="0.001" count="50" />
        <bin index="2" start="0.002" width="0.001" count="8" />
        <bin index="3" start="0.003" width="0.001" count="3" />
        <bin index="4" start="0.004" width="0.001" count="1" />
        <bin index="6" start="0.006" width="0.001" count="1" />
        <bin index="7" start="0.007" width="0.001" count="2" />
        <bin index="8" start="0.008" width="0.001" count="2" />
        <bin index="9" start="0.009" width="0.001" count="4" />
        <bin index="10" start="0.01" width="0.001" count="1" />
        <bin index="12" start="0.012" width="0.001" count="1" />
        <bin index="16" start="0.016" width="0.001" count="1" />
        <bin index="20" start="0.02" width="0.001" count="1" />
        <bin index="28" start="0.028" width="0.001" count="1" />
      </jitterHistogram>
      <packetSizeHistogram nBins="5" >
        <bin index="4" start="80" width="20" count="789" />
      </packetSizeHistogram>
      <flowInterruptionsHistogram nBins="0" >
      </flowInterruptionsHistogram>
    </Flow>
  </FlowStats>
  <Ipv4FlowClassifier>
    <Flow flowId="2" sourceAddress="10.1.1.11" destinationAddress="10.1.1.1" protocol="17" sourcePort="49153" destinationPort="9">
      <Dscp value="0x0" packets="797" />
    </Flow>
    <Flow flowId="7" sourceAddress="10.1.1.12" destinationAddress="10.1.1.2" protocol="17" sourcePort="49153" destinationPort="9">
      <Dscp value="0x0" packets="795" />
    </Flow>
    <Flow flowId="4" sourceAddress="10.1.1.13" destinationAddress="10.1.1.3" protocol="17" sourcePort="49153" destinationPort="9">
      <Dscp value="0x0" packets="722" />
    </Flow>
    <Flow flowId="3" sourceAddress="10.1.1.14" destinationAddress="10.1.1.4" protocol="17" sourcePort="49153" destinationPort="9">
      <Dscp value="0x0" packets="797" />
    </Flow>
    <Flow flowId="1" sourceAddress="10.1.1.15" destinationAddress="10.1.1.5" protocol="17" sourcePort="49153" destinationPort="9">
      <Dscp value="0x0" packets="691" />
    </Flow>
    <Flow flowId="9" sourceAddress="10.1.1.16" destinationAddress="10.1.1.6" protocol="17" sourcePort="49153" destinationPort="9">
      <Dscp value="0x0" packets="793" />
    </Flow>
    <Flow flowId="8" sourceAddress="10.1.1.17" destinationAddress="10.1.1.7" protocol="17" sourcePort="49153" destinationPort="9">
      <Dscp value="0x0" packets="794" />
    </Flow>
    <Flow flowId="10" sourceAddress="10.1.1.18" destinationAddress="10.1.1.8" protocol="17" sourcePort="49153" destinationPort="9">
      <Dscp value="0x0" packets="792" />
    </Flow>
    <Flow flowId="6" sourceAddress="10.1.1.19" destinationAddress="10.1.1.9" protocol="17" sourcePort="49153" destinationPort="9">
      <Dscp value="0x0" packets="797" />
    </Flow>
    <Flow flowId="5" sourceAddress="10.1.1.20" destinationAddress="10.1.1.10" protocol="17" sourcePort="49153" destinationPort="9">
      <Dscp value="0x0" packets="797" />
    </Flow>
  </Ipv4FlowClassifier>
  <Ipv6FlowClassifier>
  </Ipv6FlowClassifier>
  <FlowProbes>
    <FlowProbe index="0">
      <FlowStats  flowId="1" packets="31" bytes="2852" delayFromFirstProbeSum="+13976118.0ns" >
      </FlowStats>
      <FlowStats  flowId="2" packets="792" bytes="72864" delayFromFirstProbeSum="+3714231057.0ns" >
      </FlowStats>
      <FlowStats  flowId="3" packets="60" bytes="5520" delayFromFirstProbeSum="+221821494.0ns" >
      </FlowStats>
      <FlowStats  flowId="4" packets="34" bytes="3128" delayFromFirstProbeSum="+66050768.0ns" >
      </FlowStats>
      <FlowStats  flowId="8" packets="1" bytes="92" delayFromFirstProbeSum="+286931.0ns" >
      </FlowStats>
      <FlowStats  flowId="9" packets="14" bytes="1288" delayFromFirstProbeSum="+10285672.0ns" >
      </FlowStats>
    </FlowProbe>
    <FlowProbe index="1">
    </FlowProbe>
    <FlowProbe index="2">
      <FlowStats  flowId="1" packets="22" bytes="2024" delayFromFirstProbeSum="+45634012.0ns" >
      </FlowStats>
      <FlowStats  flowId="2" packets="17" bytes="1564" delayFromFirstProbeSum="+7692598.0ns" >
      </FlowStats>
      <FlowStats  flowId="4" packets="47" bytes="4324" delayFromFirstProbeSum="+59881823.0ns" >
      </FlowStats>
      <FlowStats  flowId="5" packets="3" bytes="276" delayFromFirstProbeSum="+4853727.0ns" >
      </FlowStats>
      <FlowStats  flowId="6" packets="63" bytes="5796" delayFromFirstProbeSum="+198805186.0ns" >
      </FlowStats>
      <FlowStats  flowId="7" packets="782" bytes="71944" delayFromFirstProbeSum="+4212496907.0ns" >
      </FlowStats>
      <FlowStats  flowId="9" packets="66" bytes="6072" delayFromFirstProbeSum="+31006018.0ns" >
      </FlowStats>
    </FlowProbe>
    <FlowProbe index="3">
    </FlowProbe>
    <FlowProbe index="4">
      <FlowStats  flowId="2" packets="1" bytes="92" delayFromFirstProbeSum="+11281308.0ns" >
      </FlowStats>
      <FlowStats  flowId="4" packets="515" bytes="47380" delayFromFirstProbeSum="+12953674022.0ns" >
      </FlowStats>
    </FlowProbe>
    <FlowProbe index="5">
    </FlowProbe>
    <FlowProbe index="6">
      <FlowStats  flowId="1" packets="47" bytes="4324" delayFromFirstProbeSum="+163345717.0ns" >
      </FlowStats>
      <FlowStats  flowId="2" packets="17" bytes="1564" delayFromFirstProbeSum="+34542086.0ns" >
      </FlowStats>
      <FlowStats  flowId="3" packets="621" bytes="57132" delayFromFirstProbeSum="+3505101350.0ns" >
      </FlowStats>
      <FlowStats  flowId="4" packets="20" bytes="1840" delayFromFirstProbeSum="+13578518.0ns" >
      </FlowStats>
      <FlowStats  flowId="6" packets="16" bytes="1472" delayFromFirstProbeSum="+11878488.0ns" >
      </FlowStats>
      <FlowStats  flowId="8" packets="1" bytes="92" delayFromFirstProbeSum="+286374.0ns" >
      </FlowStats>
    </FlowProbe>
    <FlowProbe index="7">
    </FlowProbe>
    <FlowProbe index="8">
      <FlowStats  flowId="1" packets="571" bytes="52532" delayFromFirstProbeSum="+7808577283.0ns" >
      </FlowStats>
      <FlowStats  flowId="2" packets="3" bytes="276" delayFromFirstProbeSum="+7034694.0ns" >
      </FlowStats>
      <FlowStats  flowId="3" packets="1" bytes="92" delayFromFirstProbeSum="+43276845.0ns" >
      </FlowStats>
      <FlowStats  flowId="4" packets="2" bytes="184" delayFromFirstProbeSum="+7886419.0ns" >
      </FlowStats>
    </FlowProbe>
    <FlowProbe index="9">
    </FlowProbe>
    <FlowProbe index="10">
      <FlowStats  flowId="3" packets="15" bytes="1380" delayFromFirstProbeSum="+8021161.0ns" >
      </FlowStats>
      <FlowStats  flowId="4" packets="24" bytes="2208" delayFromFirstProbeSum="+95998961.0ns" >
      </FlowStats>
      <FlowStats  flowId="8" packets="1" bytes="92" delayFromFirstProbeSum="+286772.0ns" >
      </FlowStats>
      <FlowStats  flowId="9" packets="735" bytes="67620" delayFromFirstProbeSum="+1458629774.0ns" >
      </FlowStats>
    </FlowProbe>
    <FlowProbe index="11">
    </FlowProbe>
    <FlowProbe index="12">
      <FlowStats  flowId="1" packets="3" bytes="276" delayFromFirstProbeSum="+21987703.0ns" >
      </FlowStats>
      <FlowStats  flowId="4" packets="25" bytes="2300" delayFromFirstProbeSum="+63428608.0ns" >
      </FlowStats>
      <FlowStats  flowId="6" packets="65" bytes="5980" delayFromFirstProbeSum="+57747724.0ns" >
      </FlowStats>
      <FlowStats  flowId="8" packets="729" bytes="67068" delayFromFirstProbeSum="+5001759432.0ns" >
      </FlowStats>
    </FlowProbe>
    <FlowProbe index="13">
    </FlowProbe>
    <FlowProbe index="14">
      <FlowStats  flowId="1" packets="16" bytes="1472" delayFromFirstProbeSum="+10165177.0ns" >
      </FlowStats>
      <FlowStats  flowId="2" packets="13" bytes="1196" delayFromFirstProbeSum="+14238237.0ns" >
      </FlowStats>
      <FlowStats  flowId="3" packets="15" bytes="1380" delayFromFirstProbeSum="+39306596.0ns" >
      </FlowStats>
      <FlowStats  flowId="4" packets="13" bytes="1196" delayFromFirstProbeSum="+24627299.0ns" >
      </FlowStats>
      <FlowStats  flowId="9" packets="1" bytes="92" delayFromFirstProbeSum="+9818579.0ns" >
      </FlowStats>
      <FlowStats  flowId="10" packets="789" bytes="72588" delayFromFirstProbeSum="+489091062.0ns" >
      </FlowStats>
    </FlowProbe>
    <FlowProbe index="15">
    </FlowProbe>
    <FlowProbe index="16">
      <FlowStats  flowId="3" packets="30" bytes="2760" delayFromFirstProbeSum="+123948490.0ns" >
      </FlowStats>
      <FlowStats  flowId="4" packets="13" bytes="1196" delayFromFirstProbeSum="+14091698.0ns" >
      </FlowStats>
      <FlowStats  flowId="5" packets="18" bytes="1656" delayFromFirstProbeSum="+10923300.0ns" >
      </FlowStats>
      <FlowStats  flowId="6" packets="773" bytes="71116" delayFromFirstProbeSum="+2817583938.0ns" >
      </FlowStats>
      <FlowStats  flowId="7" packets="16" bytes="1472" delayFromFirstProbeSum="+10320433.0ns" >
      </FlowStats>
    </FlowProbe>
    <FlowProbe index="17">
    </FlowProbe>
    <FlowProbe index="18">
      <FlowStats  flowId="1" packets="81" bytes="7452" delayFromFirstProbeSum="+86178785.0ns" >
      </FlowStats>
      <FlowStats  flowId="2" packets="12" bytes="1104" delayFromFirstProbeSum="+4594315.0ns" >
      </FlowStats>
      <FlowStats  flowId="4" packets="39" bytes="3588" delayFromFirstProbeSum="+28166968.0ns" >
      </FlowStats>
      <FlowStats  flowId="5" packets="764" bytes="70288" delayFromFirstProbeSum="+814060609.0ns" >
      </FlowStats>
      <FlowStats  flowId="6" packets="18" bytes="1656" delayFromFirstProbeSum="+25627421.0ns" >
      </FlowStats>
    </FlowProbe>
    <FlowProbe index="19">
    </FlowProbe>
    <FlowProbe index="20">
      <FlowStats  flowId="1" packets="73" bytes="6716" delayFromFirstProbeSum="+118653364.0ns" >
      </FlowStats>
      <FlowStats  flowId="2" packets="797" bytes="73324" delayFromFirstProbeSum="+0.0ns" >
      </FlowStats>
      <FlowStats  flowId="3" packets="1" bytes="92" delayFromFirstProbeSum="+9038797.0ns" >
      </FlowStats>
      <FlowStats  flowId="4" packets="23" bytes="2116" delayFromFirstProbeSum="+7764122832.0ns" >
      </FlowStats>
      <FlowStats  flowId="6" packets="46" bytes="4232" delayFromFirstProbeSum="+47744973.0ns" >
      </FlowStats>
      <FlowStats  flowId="7" packets="1" bytes="92" delayFromFirstProbeSum="+1858971.0ns" >
      </FlowStats>
      <FlowStats  flowId="9" packets="59" bytes="5428" delayFromFirstProbeSum="+44847922.0ns" >
      </FlowStats>
    </FlowProbe>
    <FlowProbe index="21">
    </FlowProbe>
    <FlowProbe index="22">
      <FlowStats  flowId="1" packets="14" bytes="1288" delayFromFirstProbeSum="+13057632.0ns" >
      </FlowStats>
      <FlowStats  flowId="3" packets="1" bytes="92" delayFromFirstProbeSum="+1877396.0ns" >
      </FlowStats>
      <FlowStats  flowId="6" packets="1" bytes="92" delayFromFirstProbeSum="+4319670.0ns" >
      </FlowStats>
      <FlowStats  flowId="7" packets="795" bytes="73140" delayFromFirstProbeSum="+0.0ns" >
      </FlowStats>
      <FlowStats  flowId="8" packets="14" bytes="1288" delayFromFirstProbeSum="+13916938.0ns" >
      </FlowStats>
    </FlowProbe>
    <FlowProbe index="23">
    </FlowProbe>
    <FlowProbe index="24">
      <FlowStats  flowId="4" packets="722" bytes="66424" delayFromFirstProbeSum="+0.0ns" >
      </FlowStats>
      <FlowStats  flowId="5" packets="32" bytes="2944" delayFromFirstProbeSum="+16596512.0ns" >
      </FlowStats>
      <FlowStats  flowId="8" packets="31" bytes="2852" delayFromFirstProbeSum="+16057894.0ns" >
      </FlowStats>
    </FlowProbe>
    <FlowProbe index="25">
    </FlowProbe>
    <FlowProbe index="26">
      <FlowStats  flowId="1" packets="17" bytes="1564" delayFromFirstProbeSum="+52298072.0ns" >
      </FlowStats>
      <FlowStats  flowId="2" packets="1" bytes="92" delayFromFirstProbeSum="+5198188.0ns" >
      </FlowStats>
      <FlowStats  flowId="3" packets="797" bytes="73324" delayFromFirstProbeSum="+0.0ns" >
      </FlowStats>
      <FlowStats  flowId="4" packets="94" bytes="8648" delayFromFirstProbeSum="+137189864.0ns" >
      </FlowStats>
      <FlowStats  flowId="5" packets="29" bytes="2668" delayFromFirstProbeSum="+21967854.0ns" >
      </FlowStats>
      <FlowStats  flowId="6" packets="1" bytes="92" delayFromFirstProbeSum="+9538815.0ns" >
      </FlowStats>
    </FlowProbe>
    <FlowProbe index="27">
    </FlowProbe>
    <FlowProbe index="28">
      <FlowStats  flowId="1" packets="691" bytes="63572" delayFromFirstProbeSum="+0.0ns" >
      </FlowStats>
      <FlowStats  flowId="5" packets="16" bytes="1472" delayFromFirstProbeSum="+17609076.0ns" >
      </FlowStats>
      <FlowStats  flowId="8" packets="12" bytes="1104" delayFromFirstProbeSum="+142277529.0ns" >
      </FlowStats>
    </FlowProbe>
    <FlowProbe index="29">
    </FlowProbe>
    <FlowProbe index="30">
      <FlowStats  flowId="1" packets="1" bytes="92" delayFromFirstProbeSum="+5064158.0ns" >
      </FlowStats>
      <FlowStats  flowId="2" packets="2" bytes="184" delayFromFirstProbeSum="+4824646.0ns" >
      </FlowStats>
      <FlowStats  flowId="4" packets="31" bytes="2852" delayFromFirstProbeSum="+82860028.0ns" >
      </FlowStats>
      <FlowStats  flowId="8" packets="1" bytes="92" delayFromFirstProbeSum="+4599682.0ns" >
      </FlowStats>
      <FlowStats  flowId="9" packets="793" bytes="72956" delayFromFirstProbeSum="+0.0ns" >
      </FlowStats>
    </FlowProbe>
    <FlowProbe index="31">
    </FlowProbe>
    <FlowProbe index="32">
      <FlowStats  flowId="1" packets="60" bytes="5520" delayFromFirstProbeSum="+2707757677.0ns" >
      </FlowStats>
      <FlowStats  flowId="2" packets="3" bytes="276" delayFromFirstProbeSum="+3091334.0ns" >
      </FlowStats>
      <FlowStats  flowId="3" packets="27" bytes="2484" delayFromFirstProbeSum="+36103450.0ns" >
      </FlowStats>
      <FlowStats  flowId="4" packets="35" bytes="3220" delayFromFirstProbeSum="+62613818.0ns" >
      </FlowStats>
      <FlowStats  flowId="5" packets="13" bytes="1196" delayFromFirstProbeSum="+15808384.0ns" >
      </FlowStats>
      <FlowStats  flowId="6" packets="14" bytes="1288" delayFromFirstProbeSum="+11649630.0ns" >
      </FlowStats>
      <FlowStats  flowId="7" packets="1" bytes="92" delayFromFirstProbeSum="+10763149.0ns" >
      </FlowStats>
      <FlowStats  flowId="8" packets="794" bytes="73048" delayFromFirstProbeSum="+0.0ns" >
      </FlowStats>
      <FlowStats  flowId="9" packets="16" bytes="1472" delayFromFirstProbeSum="+13443627.0ns" >
      </FlowStats>
    </FlowProbe>
    <FlowProbe index="33">
    </FlowProbe>
    <FlowProbe index="34">
      <FlowStats  flowId="1" packets="99" bytes="9108" delayFromFirstProbeSum="+59605400.0ns" >
      </FlowStats>
      <FlowStats  flowId="2" packets="1" bytes="92" delayFromFirstProbeSum="+286921.0ns" >
      </FlowStats>
      <FlowStats  flowId="3" packets="4" bytes="368" delayFromFirstProbeSum="+19248337.0ns" >
      </FlowStats>
      <FlowStats  flowId="4" packets="92" bytes="8464" delayFromFirstProbeSum="+62089217.0ns" >
      </FlowStats>
      <FlowStats  flowId="8" packets="15" bytes="1380" delayFromFirstProbeSum="+6091593.0ns" >
      </FlowStats>
      <FlowStats  flowId="9" packets="3" bytes="276" delayFromFirstProbeSum="+4814334.0ns" >
      </FlowStats>
      <FlowStats  flowId="10" packets="792" bytes="72864" delayFromFirstProbeSum="+0.0ns" >
      </FlowStats>
    </FlowProbe>
    <FlowProbe index="35">
    </FlowProbe>
    <FlowProbe index="36">
      <FlowStats  flowId="1" packets="15" bytes="1380" delayFromFirstProbeSum="+9539836.0ns" >
      </FlowStats>
      <FlowStats  flowId="2" packets="14" bytes="1288" delayFromFirstProbeSum="+24538377.0ns" >
      </FlowStats>
      <FlowStats  flowId="3" packets="1" bytes="92" delayFromFirstProbeSum="+17852876.0ns" >
      </FlowStats>
      <FlowStats  flowId="4" packets="2" bytes="184" delayFromFirstProbeSum="+9167415.0ns" >
      </FlowStats>
      <FlowStats  flowId="6" packets="797" bytes="73324" delayFromFirstProbeSum="+0.0ns" >
      </FlowStats>
      <FlowStats  flowId="9" packets="1" bytes="92" delayFromFirstProbeSum="+8175920.0ns" >
      </FlowStats>
    </FlowProbe>
    <FlowProbe index="37">
    </FlowProbe>
    <FlowProbe index="38">
      <FlowStats  flowId="2" packets="2" bytes="184" delayFromFirstProbeSum="+6297358.0ns" >
      </FlowStats>
      <FlowStats  flowId="3" packets="13" bytes="1196" delayFromFirstProbeSum="+96528503.0ns" >
      </FlowStats>
      <FlowStats  flowId="4" packets="62" bytes="5704" delayFromFirstProbeSum="+76479320.0ns" >
      </FlowStats>
      <FlowStats  flowId="5" packets="797" bytes="73324" delayFromFirstProbeSum="+0.0ns" >
      </FlowStats>
    </FlowProbe>
    <FlowProbe index="39">
    </FlowProbe>
    <FlowProbe index="40">
      <FlowStats  flowId="1" packets="29" bytes="2668" delayFromFirstProbeSum="+14524153.0ns" >
      </FlowStats>
      <FlowStats  flowId="2" packets="15" bytes="1380" delayFromFirstProbeSum="+17667340.0ns" >
      </FlowStats>
      <FlowStats  flowId="3" packets="17" bytes="1564" delayFromFirstProbeSum="+24601909.0ns" >
      </FlowStats>
      <FlowStats  flowId="4" packets="47" bytes="4324" delayFromFirstProbeSum="+23036999.0ns" >
      </FlowStats>
      <FlowStats  flowId="6" packets="1" bytes="92" delayFromFirstProbeSum="+1003534854.0ns" >
      </FlowStats>
      <FlowStats  flowId="7" packets="16" bytes="1472" delayFromFirstProbeSum="+9099670.0ns" >
      </FlowStats>
      <FlowStats  flowId="9" packets="14" bytes="1288" delayFromFirstProbeSum="+17109240.0ns" >
      </FlowStats>
    </FlowProbe>
    <FlowProbe index="41">
    </FlowProbe>
    <FlowProbe index="42">
      <FlowStats  flowId="1" packets="1" bytes="92" delayFromFirstProbeSum="+6599625.0ns" >
      </FlowStats>
      <FlowStats  flowId="2" packets="29" bytes="2668" delayFromFirstProbeSum="+35940458.0ns" >
      </FlowStats>
      <FlowStats  flowId="4" packets="3" bytes="276" delayFromFirstProbeSum="+5655279936.0ns" >
      </FlowStats>
      <FlowStats  flowId="8" packets="18" bytes="1656" delayFromFirstProbeSum="+12597566.0ns" >
      </FlowStats>
      <FlowStats  flowId="9" packets="13" bytes="1196" delayFromFirstProbeSum="+4821616.0ns" >
      </FlowStats>
    </FlowProbe>
    <FlowProbe index="43">
    </FlowProbe>
    <FlowProbe index="44">
      <FlowStats  flowId="1" packets="75" bytes="6900" delayFromFirstProbeSum="+176522328.0ns" >
      </FlowStats>
      <FlowStats  flowId="2" packets="29" bytes="2668" delayFromFirstProbeSum="+45498143.0ns" >
      </FlowStats>
      <FlowStats  flowId="3" packets="19" bytes="1748" delayFromFirstProbeSum="+7509250.0ns" >
      </FlowStats>
      <FlowStats  flowId="4" packets="2" bytes="184" delayFromFirstProbeSum="+7224405.0ns" >
      </FlowStats>
      <FlowStats  flowId="8" packets="14" bytes="1288" delayFromFirstProbeSum="+6423744.0ns" >
      </FlowStats>
    </FlowProbe>
    <FlowProbe index="45">
    </FlowProbe>
    <FlowProbe index="46">
      <FlowStats  flowId="1" packets="48" bytes="4416" delayFromFirstProbeSum="+75828827.0ns" >
      </FlowStats>
      <FlowStats  flowId="2" packets="1" bytes="92" delayFromFirstProbeSum="+3799709.0ns" >
      </FlowStats>
      <FlowStats  flowId="3" packets="8" bytes="736" delayFromFirstProbeSum="+13190524.0ns" >
      </FlowStats>
      <FlowStats  flowId="4" packets="20" bytes="1840" delayFromFirstProbeSum="+78497468.0ns" >
      </FlowStats>
      <FlowStats  flowId="6" packets="16" bytes="1472" delayFromFirstProbeSum="+6223437.0ns" >
      </FlowStats>
      <FlowStats  flowId="7" packets="13" bytes="1196" delayFromFirstProbeSum="+38308726.0ns" >
      </FlowStats>
      <FlowStats  flowId="8" packets="17" bytes="1564" delayFromFirstProbeSum="+17811104.0ns" >
      </FlowStats>
      <FlowStats  flowId="9" packets="1" bytes="92" delayFromFirstProbeSum="+4879577.0ns" >
      </FlowStats>
    </FlowProbe>
    <FlowProbe index="47">
    </FlowProbe>
    <FlowProbe index="48">
      <FlowStats  flowId="1" packets="15" bytes="1380" delayFromFirstProbeSum="+11556119.0ns" >
      </FlowStats>
      <FlowStats  flowId="2" packets="48" bytes="4416" delayFromFirstProbeSum="+27215578.0ns" >
      </FlowStats>
      <FlowStats  flowId="3" packets="13" bytes="1196" delayFromFirstProbeSum="+7935562.0ns" >
      </FlowStats>
      <FlowStats  flowId="4" packets="48" bytes="4416" delayFromFirstProbeSum="+25690016.0ns" >
      </FlowStats>
      <FlowStats  flowId="6" packets="3" bytes="276" delayFromFirstProbeSum="+6267968.0ns" >
      </FlowStats>
    </FlowProbe>
    <FlowProbe index="49">
    </FlowProbe>
    <FlowProbe index="50">
      <FlowStats  flowId="1" packets="51" bytes="4692" delayFromFirstProbeSum="+95912683.0ns" >
      </FlowStats>
      <FlowStats  flowId="2" packets="2" bytes="184" delayFromFirstProbeSum="+10554692.0ns" >
      </FlowStats>
      <FlowStats  flowId="3" packets="15" bytes="1380" delayFromFirstProbeSum="+88825845.0ns" >
      </FlowStats>
      <FlowStats  flowId="5" packets="15" bytes="1380" delayFromFirstProbeSum="+12717585.0ns" >
      </FlowStats>
      <FlowStats  flowId="6" packets="50" bytes="4600" delayFromFirstProbeSum="+44274027.0ns" >
      </FlowStats>
      <FlowStats  flowId="8" packets="1" bytes="92" delayFromFirstProbeSum="+4431061.0ns" >
      </FlowStats>
      <FlowStats  flowId="9" packets="1" bytes="92" delayFromFirstProbeSum="+2705068.0ns" >
      </FlowStats>
    </FlowProbe>
    <FlowProbe index="51">
    </FlowProbe>
    <FlowProbe index="52">
      <FlowStats  flowId="3" packets="1" bytes="92" delayFromFirstProbeSum="+10354967.0ns" >
      </FlowStats>
      <FlowStats  flowId="4" packets="73" bytes="6716" delayFromFirstProbeSum="+27702744.0ns" >
      </FlowStats>
      <FlowStats  flowId="6" packets="31" bytes="2852" delayFromFirstProbeSum="+30913026.0ns" >
      </FlowStats>
      <FlowStats  flowId="8" packets="33" bytes="3036" delayFromFirstProbeSum="+15841874.0ns" >
      </FlowStats>
    </FlowProbe>
    <FlowProbe index="53">
    </FlowProbe>
    <FlowProbe index="54">
      <FlowStats  flowId="1" packets="50" bytes="4600" delayFromFirstProbeSum="+62868685.0ns" >
      </FlowStats>
      <FlowStats  flowId="3" packets="10" bytes="920" delayFromFirstProbeSum="+133549634.0ns" >
      </FlowStats>
      <FlowStats  flowId="4" packets="19" bytes="1748" delayFromFirstProbeSum="+25553080.0ns" >
      </FlowStats>
      <FlowStats  flowId="6" packets="33" bytes="3036" delayFromFirstProbeSum="+44311337.0ns" >
      </FlowStats>
      <FlowStats  flowId="8" packets="18" bytes="1656" delayFromFirstProbeSum="+10794467.0ns" >
      </FlowStats>
      <FlowStats  flowId="9" packets="48" bytes="4416" delayFromFirstProbeSum="+20520667.0ns" >
      </FlowStats>
    </FlowProbe>
    <FlowProbe index="55">
    </FlowProbe>
    <FlowProbe index="56">
      <FlowStats  flowId="4" packets="16" bytes="1472" delayFromFirstProbeSum="+27395543.0ns" >
      </FlowStats>
      <FlowStats  flowId="8" packets="1" bytes="92" delayFromFirstProbeSum="+9865303.0ns" >
      </FlowStats>
    </FlowProbe>
    <FlowProbe index="57">
    </FlowProbe>
    <FlowProbe index="58">
    </FlowProbe>
    <FlowProbe index="59">
    </FlowProbe>
    <FlowProbe index="60">
      <FlowStats  flowId="1" packets="68" bytes="6256" delayFromFirstProbeSum="+246032749.0ns" >
      </FlowStats>
      <FlowStats  flowId="2" packets="45" bytes="4140" delayFromFirstProbeSum="+2327192244.0ns" >
      </FlowStats>
      <FlowStats  flowId="4" packets="85" bytes="7820" delayFromFirstProbeSum="+82799733.0ns" >
      </FlowStats>
      <FlowStats  flowId="9" packets="16" bytes="1472" delayFromFirstProbeSum="+36756258.0ns" >
      </FlowStats>
    </FlowProbe>
    <FlowProbe index="61">
    </FlowProbe>
    <FlowProbe index="62">
      <FlowStats  flowId="1" packets="17" bytes="1564" delayFromFirstProbeSum="+80583482.0ns" >
      </FlowStats>
      <FlowStats  flowId="2" packets="16" bytes="1472" delayFromFirstProbeSum="+10694708.0ns" >
      </FlowStats>
      <FlowStats  flowId="3" packets="22" bytes="2024" delayFromFirstProbeSum="+64131120.0ns" >
      </FlowStats>
      <FlowStats  flowId="4" packets="33" bytes="3036" delayFromFirstProbeSum="+59592995.0ns" >
      </FlowStats>
      <FlowStats  flowId="6" packets="15" bytes="1380" delayFromFirstProbeSum="+14457661.0ns" >
      </FlowStats>
      <FlowStats  flowId="8" packets="15" bytes="1380" delayFromFirstProbeSum="+10111248.0ns" >
      </FlowStats>
    </FlowProbe>
    <FlowProbe index="63">
    </FlowProbe>
    <FlowProbe index="64">
      <FlowStats  flowId="1" packets="14" bytes="1288" delayFromFirstProbeSum="+8566394.0ns" >
      </FlowStats>
      <FlowStats  flowId="3" packets="14" bytes="1288" delayFromFirstProbeSum="+7099121.0ns" >
      </FlowStats>
      <FlowStats  flowId="4" packets="43" bytes="3956" delayFromFirstProbeSum="+72112108.0ns" >
      </FlowStats>
      <FlowStats  flowId="8" packets="13" bytes="1196" delayFromFirstProbeSum="+3725446.0ns" >
      </FlowStats>
    </FlowProbe>
    <FlowProbe index="65">
    </FlowProbe>
    <FlowProbe index="66">
      <FlowStats  flowId="1" packets="2" bytes="184" delayFromFirstProbeSum="+6986116.0ns" >
      </FlowStats>
      <FlowStats  flowId="3" packets="1" bytes="92" delayFromFirstProbeSum="+1965391019.0ns" >
      </FlowStats>
      <FlowStats  flowId="4" packets="20" bytes="1840" delayFromFirstProbeSum="+95610728.0ns" >
      </FlowStats>
      <FlowStats  flowId="8" packets="24" bytes="2208" delayFromFirstProbeSum="+2232850445.0ns" >
      </FlowStats>
    </FlowProbe>
    <FlowProbe index="67">
    </FlowProbe>
    <FlowProbe index="68">
    </FlowProbe>
    <FlowProbe index="69">
    </FlowProbe>
    <FlowProbe index="70">
      <FlowStats  flowId="2" packets="30" bytes="2760" delayFromFirstProbeSum="+21077503.0ns" >
      </FlowStats>
      <FlowStats  flowId="3" packets="23" bytes="2116" delayFromFirstProbeSum="+59868488.0ns" >
      </FlowStats>
      <FlowStats  flowId="4" packets="52" bytes="4784" delayFromFirstProbeSum="+166767523.0ns" >
      </FlowStats>
      <FlowStats  flowId="6" packets="14" bytes="1288" delayFromFirstProbeSum="+9623165.0ns" >
      </FlowStats>
      <FlowStats  flowId="7" packets="27" bytes="2484" delayFromFirstProbeSum="+95879466.0ns" >
      </FlowStats>
    </FlowProbe>
    <FlowProbe index="71">
    </FlowProbe>
    <FlowProbe index="72">
      <FlowStats  flowId="2" packets="44" bytes="4048" delayFromFirstProbeSum="+74677409.0ns" >
      </FlowStats>
      <FlowStats  flowId="4" packets="4" bytes="368" delayFromFirstProbeSum="+27588997.0ns" >
      </FlowStats>
      <FlowStats  flowId="8" packets="14" bytes="1288" delayFromFirstProbeSum="+5441917.0ns" >
      </FlowStats>
    </FlowProbe>
    <FlowProbe index="73">
    </FlowProbe>
    <FlowProbe index="74">
      <FlowStats  flowId="1" packets="14" bytes="1288" delayFromFirstProbeSum="+33344034.0ns" >
      </FlowStats>
      <FlowStats  flowId="2" packets="16" bytes="1472" delayFromFirstProbeSum="+5732612.0ns" >
      </FlowStats>
      <FlowStats  flowId="4" packets="14" bytes="1288" delayFromFirstProbeSum="+61210637.0ns" >
      </FlowStats>
      <FlowStats  flowId="5" packets="31" bytes="2852" delayFromFirstProbeSum="+14837050.0ns" >
      </FlowStats>
      <FlowStats  flowId="9" packets="29" bytes="2668" delayFromFirstProbeSum="+27810821.0ns" >
      </FlowStats>
    </FlowProbe>
    <FlowProbe index="75">
    </FlowProbe>
    <FlowProbe index="76">
      <FlowStats  flowId="3" packets="24" bytes="2208" delayFromFirstProbeSum="+100049794.0ns" >
      </FlowStats>
      <FlowStats  flowId="8" packets="16" bytes="1472" delayFromFirstProbeSum="+17501370.0ns" >
      </FlowStats>
    </FlowProbe>
    <FlowProbe index="77">
    </FlowProbe>
    <FlowProbe index="78">
    </FlowProbe>
    <FlowProbe index="79">
    </FlowProbe>
    <FlowProbe index="80">
      <FlowStats  flowId="1" packets="25" bytes="2300" delayFromFirstProbeSum="+2676957797.0ns" >
      </FlowStats>
      <FlowStats  flowId="3" packets="1" bytes="92" delayFromFirstProbeSum="+7178998.0ns" >
      </FlowStats>
      <FlowStats  flowId="4" packets="1" bytes="92" delayFromFirstProbeSum="+17500389.0ns" >
      </FlowStats>
      <FlowStats  flowId="6" packets="1" bytes="92" delayFromFirstProbeSum="+4639895.0ns" >
      </FlowStats>
      <FlowStats  flowId="7" packets="13" bytes="1196" delayFromFirstProbeSum="+12669761.0ns" >
      </FlowStats>
      <FlowStats  flowId="8" packets="1" bytes="92" delayFromFirstProbeSum="+9557723.0ns" >
      </FlowStats>
    </FlowProbe>
    <FlowProbe index="81">
    </FlowProbe>
    <FlowProbe index="82">
      <FlowStats  flowId="2" packets="2" bytes="184" delayFromFirstProbeSum="+2350789.0ns" >
      </FlowStats>
      <FlowStats  flowId="3" packets="4" bytes="368" delayFromFirstProbeSum="+4221851.0ns" >
      </FlowStats>
      <FlowStats  flowId="4" packets="32" bytes="2944" delayFromFirstProbeSum="+57969522.0ns" >
      </FlowStats>
      <FlowStats  flowId="8" packets="5" bytes="460" delayFromFirstProbeSum="+1817162514.0ns" >
      </FlowStats>
      <FlowStats  flowId="9" packets="15" bytes="1380" delayFromFirstProbeSum="+6430725.0ns" >
      </FlowStats>
    </FlowProbe>
    <FlowProbe index="83">
    </FlowProbe>
    <FlowProbe index="84">
    </FlowProbe>
    <FlowProbe index="85">
    </FlowProbe>
    <FlowProbe index="86">
      <FlowStats  flowId="1" packets="2" bytes="184" delayFromFirstProbeSum="+5750922.0ns" >
      </FlowStats>
      <FlowStats  flowId="3" packets="17" bytes="1564" delayFromFirstProbeSum="+14981058.0ns" >
      </FlowStats>
      <FlowStats  flowId="7" packets="1" bytes="92" delayFromFirstProbeSum="+8651543.0ns" >
      </FlowStats>
    </FlowProbe>
    <FlowProbe index="87">
    </FlowProbe>
    <FlowProbe index="88">
      <FlowStats  flowId="2" packets="13" bytes="1196" delayFromFirstProbeSum="+66452972.0ns" >
      </FlowStats>
      <FlowStats  flowId="9" packets="1" bytes="92" delayFromFirstProbeSum="+8579315.0ns" >
      </FlowStats>
    </FlowProbe>
    <FlowProbe index="89">
    </FlowProbe>
    <FlowProbe index="90">
      <FlowStats  flowId="1" packets="1" bytes="92" delayFromFirstProbeSum="+4809360.0ns" >
      </FlowStats>
      <FlowStats  flowId="3" packets="27" bytes="2484" delayFromFirstProbeSum="+2051240000.0ns" >
      </FlowStats>
      <FlowStats  flowId="5" packets="17" bytes="1564" delayFromFirstProbeSum="+22073973.0ns" >
      </FlowStats>
      <FlowStats  flowId="6" packets="14" bytes="1288" delayFromFirstProbeSum="+18510554.0ns" >
      </FlowStats>
      <FlowStats  flowId="8" packets="1" bytes="92" delayFromFirstProbeSum="+10123116.0ns" >
      </FlowStats>
    </FlowProbe>
    <FlowProbe index="91">
    </FlowProbe>
    <FlowProbe index="92">
      <FlowStats  flowId="2" packets="85" bytes="7820" delayFromFirstProbeSum="+403022785.0ns" >
      </FlowStats>
      <FlowStats  flowId="3" packets="27" bytes="2484" delayFromFirstProbeSum="+9311009.0ns" >
      </FlowStats>
      <FlowStats  flowId="4" packets="2" bytes="184" delayFromFirstProbeSum="+11430063.0ns" >
      </FlowStats>
      <FlowStats  flowId="8" packets="15" bytes="1380" delayFromFirstProbeSum="+10600144.0ns" >
      </FlowStats>
    </FlowProbe>
    <FlowProbe index="93">
    </FlowProbe>
    <FlowProbe index="94">
      <FlowStats  flowId="1" packets="64" bytes="5888" delayFromFirstProbeSum="+152312055.0ns" >
      </FlowStats>
      <FlowStats  flowId="2" packets="15" bytes="1380" delayFromFirstProbeSum="+14608676.0ns" >
      </FlowStats>
      <FlowStats  flowId="3" packets="15" bytes="1380" delayFromFirstProbeSum="+42669909.0ns" >
      </FlowStats>
      <FlowStats  flowId="4" packets="68" bytes="6256" delayFromFirstProbeSum="+57983064.0ns" >
      </FlowStats>
      <FlowStats  flowId="6" packets="47" bytes="4324" delayFromFirstProbeSum="+35924948.0ns" >
      </FlowStats>
      <FlowStats  flowId="7" packets="1" bytes="92" delayFromFirstProbeSum="+1002389940.0ns" >
      </FlowStats>
      <FlowStats  flowId="9" packets="34" bytes="3128" delayFromFirstProbeSum="+15044822.0ns" >
      </FlowStats>
    </FlowProbe>
    <FlowProbe index="95">
    </FlowProbe>
    <FlowProbe index="96">
      <FlowStats  flowId="1" packets="58" bytes="5336" delayFromFirstProbeSum="+2867290868.0ns" >
      </FlowStats>
      <FlowStats  flowId="2" packets="17" bytes="1564" delayFromFirstProbeSum="+10942625.0ns" >
      </FlowStats>
      <FlowStats  flowId="3" packets="32" bytes="2944" delayFromFirstProbeSum="+19147801.0ns" >
      </FlowStats>
      <FlowStats  flowId="4" packets="31" bytes="2852" delayFromFirstProbeSum="+69469055.0ns" >
      </FlowStats>
      <FlowStats  flowId="6" packets="15" bytes="1380" delayFromFirstProbeSum="+13129433.0ns" >
      </FlowStats>
      <FlowStats  flowId="8" packets="3" bytes="276" delayFromFirstProbeSum="+2532006.0ns" >
      </FlowStats>
      <FlowStats  flowId="9" packets="1" bytes="92" delayFromFirstProbeSum="+7479538.0ns" >
      </FlowStats>
    </FlowProbe>
    <FlowProbe index="97">
    </FlowProbe>
    <FlowProbe index="98">
      <FlowStats  flowId="1" packets="49" bytes="4508" delayFromFirstProbeSum="+25361279.0ns" >
      </FlowStats>
      <FlowStats  flowId="3" packets="1" bytes="92" delayFromFirstProbeSum="+1638701.0ns" >
      </FlowStats>
      <FlowStats  flowId="4" packets="34" bytes="3128" delayFromFirstProbeSum="+2651194629.0ns" >
      </FlowStats>
      <FlowStats  flowId="6" packets="1" bytes="92" delayFromFirstProbeSum="+10379409.0ns" >
      </FlowStats>
      <FlowStats  flowId="7" packets="7" bytes="644" delayFromFirstProbeSum="+2641771995.0ns" >
      </FlowStats>
    </FlowProbe>
    <FlowProbe index="99">
    </FlowProbe>
  </FlowProbes>
</FlowMonitor>
