<?xml version="1.0" ?>
<FlowMonitor>
  <FlowStats>
    <Flow flowId="1" timeFirstTxPacket="+100220527457.0ns" timeFirstRxPacket="+100223030181.0ns" timeLastTxPacket="+199970527457.0ns" timeLastRxPacket="+199970813930.0ns" delaySum="+244464729.0ns" jitterSum="+26612571.0ns" lastDelay="+286473.0ns" txBytes="73508" rxBytes="73508" txPackets="799" rxPackets="799" lostPackets="0" timesForwarded="0">
      <delayHistogram nBins="3" >
        <bin index="0" start="0" width="0.001" count="791" />
        <bin index="1" start="0.001" width="0.001" count="7" />
        <bin index="2" start="0.002" width="0.001" count="1" />
      </delayHistogram>
      <jitterHistogram nBins="3" >
        <bin index="0" start="0" width="0.001" count="795" />
        <bin index="1" start="0.001" width="0.001" count="2" />
        <bin index="2" start="0.002" width="0.001" count="1" />
      </jitterHistogram>
      <packetSizeHistogram nBins="5" >
        <bin index="4" start="80" width="20" count="799" />
      </packetSizeHistogram>
      <flowInterruptionsHistogram nBins="0" >
      </flowInterruptionsHistogram>
    </Flow>
    <Flow flowId="2" timeFirstTxPacket="+100404588904.0ns" timeFirstRxPacket="+100413952534.0ns" timeLastTxPacket="+199904588904.0ns" timeLastRxPacket="+199904875596.0ns" delaySum="+245109338.0ns" jitterSum="+23481936.0ns" lastDelay="+286692.0ns" txBytes="73324" rxBytes="73324" txPackets="797" rxPackets="797" lostPackets="0" timesForwarded="0">
      <delayHistogram nBins="10" >
        <bin index="0" start="0" width="0.001" count="794" />
        <bin index="1" start="0.001" width="0.001" count="2" />
        <bin index="9" start="0.009" width="0.001" count="1" />
      </delayHistogram>
      <jitterHistogram nBins="10" >
        <bin index="0" start="0" width="0.001" count="795" />
        <bin index="9" start="0.009" width="0.001" count="1" />
      </jitterHistogram>
      <packetSizeHistogram nBins="5" >
        <bin index="4" start="80" width="20" count="797" />
      </packetSizeHistogram>
      <flowInterruptionsHistogram nBins="0" >
      </flowInterruptionsHistogram>
    </Flow>
    <Flow flowId="3" timeFirstTxPacket="+100422508704.0ns" timeFirstRxPacket="+100433069748.0ns" timeLastTxPacket="+199922508704.0ns" timeLastRxPacket="+199922796236.0ns" delaySum="+250516845.0ns" jitterSum="+32864404.0ns" lastDelay="+287532.0ns" txBytes="73324" rxBytes="73324" txPackets="797" rxPackets="797" lostPackets="0" timesForwarded="0">
      <delayHistogram nBins="11" >
        <bin index="0" start="0" width="0.001" count="793" />
        <bin index="1" start="0.001" width="0.001" count="3" />
        <bin index="10" start="0.01" width="0.001" count="1" />
      </delayHistogram>
      <jitterHistogram nBins="11" >
        <bin index="0" start="0" width="0.001" count="793" />
        <bin index="1" start="0.001" width="0.001" count="2" />
        <bin index="10" start="0.01" width="0.001" count="1" />
      </jitterHistogram>
      <packetSizeHistogram nBins="5" >
        <bin index="4" start="80" width="20" count="797" />
      </packetSizeHistogram>
      <flowInterruptionsHistogram nBins="0" >
      </flowInterruptionsHistogram>
    </Flow>
    <Flow flowId="4" timeFirstTxPacket="+100454044915.0ns" timeFirstRxPacket="+100463587441.0ns" timeLastTxPacket="+199954044915.0ns" timeLastRxPacket="+199954333276.0ns" delaySum="+243445279.0ns" jitterSum="+18129093.0ns" lastDelay="+288361.0ns" txBytes="73324" rxBytes="73324" txPackets="797" rxPackets="797" lostPackets="0" timesForwarded="0">
      <delayHistogram nBins="10" >
        <bin index="0" start="0" width="0.001" count="793" />
        <bin index="1" start="0.001" width="0.001" count="3" />
        <bin index="9" start="0.009" width="0.001" count="1" />
      </delayHistogram>
      <jitterHistogram nBins="10" >
        <bin index="0" start="0" width="0.001" count="795" />
        <bin index="9" start="0.009" width="0.001" count="1" />
      </jitterHistogram>
      <packetSizeHistogram nBins="5" >
        <bin index="4" start="80" width="20" count="797" />
      </packetSizeHistogram>
      <flowInterruptionsHistogram nBins="0" >
      </flowInterruptionsHistogram>
    </Flow>
    <Flow flowId="5" timeFirstTxPacket="+100459054896.0ns" timeFirstRxPacket="+100468699124.0ns" timeLastTxPacket="+199959054896.0ns" timeLastRxPacket="+199959342274.0ns" delaySum="+243823125.0ns" jitterSum="+21148936.0ns" lastDelay="+287378.0ns" txBytes="73324" rxBytes="73324" txPackets="797" rxPackets="797" lostPackets="0" timesForwarded="0">
      <delayHistogram nBins="10" >
        <bin index="0" start="0" width="0.001" count="792" />
        <bin index="1" start="0.001" width="0.001" count="4" />
        <bin index="9" start="0.009" width="0.001" count="1" />
      </delayHistogram>
      <jitterHistogram nBins="10" >
        <bin index="0" start="0" width="0.001" count="791" />
        <bin index="1" start="0.001" width="0.001" count="4" />
        <bin index="9" start="0.009" width="0.001" count="1" />
      </jitterHistogram>
      <packetSizeHistogram nBins="5" >
        <bin index="4" start="80" width="20" count="797" />
      </packetSizeHistogram>
      <flowInterruptionsHistogram nBins="0" >
      </flowInterruptionsHistogram>
    </Flow>
    <Flow flowId="6" timeFirstTxPacket="+100471832416.0ns" timeFirstRxPacket="+100480272575.0ns" timeLastTxPacket="+199971832416.0ns" timeLastRxPacket="+199972119139.0ns" delaySum="+255411514.0ns" jitterSum="+43123440.0ns" lastDelay="+286723.0ns" txBytes="73324" rxBytes="73324" txPackets="797" rxPackets="797" lostPackets="0" timesForwarded="0">
      <delayHistogram nBins="9" >
        <bin index="0" start="0" width="0.001" count="785" />
        <bin index="1" start="0.001" width="0.001" count="11" />
        <bin index="8" start="0.008" width="0.001" count="1" />
      </delayHistogram>
      <jitterHistogram nBins="9" >
        <bin index="0" start="0" width="0.001" count="789" />
        <bin index="1" start="0.001" width="0.001" count="6" />
        <bin index="8" start="0.008" width="0.001" count="1" />
      </jitterHistogram>
      <packetSizeHistogram nBins="5" >
        <bin index="4" start="80" width="20" count="797" />
      </packetSizeHistogram>
      <flowInterruptionsHistogram nBins="0" >
      </flowInterruptionsHistogram>
    </Flow>
    <Flow flowId="7" timeFirstTxPacket="+100642345429.0ns" timeFirstRxPacket="+100647467211.0ns" timeLastTxPacket="+199892345429.0ns" timeLastRxPacket="+199892631857.0ns" delaySum="+238881029.0ns" jitterSum="+17312642.0ns" lastDelay="+286428.0ns" txBytes="73140" rxBytes="73140" txPackets="795" rxPackets="795" lostPackets="0" timesForwarded="0">
      <delayHistogram nBins="6" >
        <bin index="0" start="0" width="0.001" count="789" />
        <bin index="1" start="0.001" width="0.001" count="5" />
        <bin index="5" start="0.005" width="0.001" count="1" />
      </delayHistogram>
      <jitterHistogram nBins="5" >
        <bin index="0" start="0" width="0.001" count="789" />
        <bin index="1" start="0.001" width="0.001" count="4" />
        <bin index="4" start="0.004" width="0.001" count="1" />
      </jitterHistogram>
      <packetSizeHistogram nBins="5" >
        <bin index="4" start="80" width="20" count="795" />
      </packetSizeHistogram>
      <flowInterruptionsHistogram nBins="0" >
      </flowInterruptionsHistogram>
    </Flow>
    <Flow flowId="8" timeFirstTxPacket="+100759855346.0ns" timeFirstRxPacket="+100770956073.0ns" timeLastTxPacket="+199884855346.0ns" timeLastRxPacket="+199885142118.0ns" delaySum="+243106021.0ns" jitterSum="+19734259.0ns" lastDelay="+286772.0ns" txBytes="73048" rxBytes="73048" txPackets="794" rxPackets="794" lostPackets="0" timesForwarded="0">
      <delayHistogram nBins="12" >
        <bin index="0" start="0" width="0.001" count="790" />
        <bin index="1" start="0.001" width="0.001" count="3" />
        <bin index="11" start="0.011" width="0.001" count="1" />
      </delayHistogram>
      <jitterHistogram nBins="11" >
        <bin index="0" start="0" width="0.001" count="790" />
        <bin index="1" start="0.001" width="0.001" count="2" />
        <bin index="10" start="0.01" width="0.001" count="1" />
      </jitterHistogram>
      <packetSizeHistogram nBins="5" >
        <bin index="4" start="80" width="20" count="794" />
      </packetSizeHistogram>
      <flowInterruptionsHistogram nBins="0" >
      </flowInterruptionsHistogram>
    </Flow>
    <Flow flowId="9" timeFirstTxPacket="+100895734582.0ns" timeFirstRxPacket="+100900574498.0ns" timeLastTxPacket="+199895734582.0ns" timeLastRxPacket="+199896020993.0ns" delaySum="+241552036.0ns" jitterSum="+22171499.0ns" lastDelay="+286411.0ns" txBytes="72956" rxBytes="72956" txPackets="793" rxPackets="793" lostPackets="0" timesForwarded="0">
      <delayHistogram nBins="5" >
        <bin index="0" start="0" width="0.001" count="786" />
        <bin index="1" start="0.001" width="0.001" count="5" />
        <bin index="2" start="0.002" width="0.001" count="1" />
        <bin index="4" start="0.004" width="0.001" count="1" />
      </delayHistogram>
      <jitterHistogram nBins="5" >
        <bin index="0" start="0" width="0.001" count="789" />
        <bin index="2" start="0.002" width="0.001" count="2" />
        <bin index="4" start="0.004" width="0.001" count="1" />
      </jitterHistogram>
      <packetSizeHistogram nBins="5" >
        <bin index="4" start="80" width="20" count="793" />
      </packetSizeHistogram>
      <flowInterruptionsHistogram nBins="0" >
      </flowInterruptionsHistogram>
    </Flow>
    <Flow flowId="10" timeFirstTxPacket="+101049626889.0ns" timeFirstRxPacket="+101052725497.0ns" timeLastTxPacket="+199924626889.0ns" timeLastRxPacket="+199924913914.0ns" delaySum="+238433734.0ns" jitterSum="+20128701.0ns" lastDelay="+287025.0ns" txBytes="72864" rxBytes="72864" txPackets="792" rxPackets="792" lostPackets="0" timesForwarded="0">
      <delayHistogram nBins="4" >
        <bin index="0" start="0" width="0.001" count="787" />
        <bin index="1" start="0.001" width="0.001" count="4" />
        <bin index="3" start="0.003" width="0.001" count="1" />
      </delayHistogram>
      <jitterHistogram nBins="3" >
        <bin index="0" start="0" width="0.001" count="790" />
        <bin index="2" start="0.002" width="0.001" count="1" />
      </jitterHistogram>
      <packetSizeHistogram nBins="5" >
        <bin index="4" start="80" width="20" count="792" />
      </packetSizeHistogram>
      <flowInterruptionsHistogram nBins="0" >
      </flowInterruptionsHistogram>
    </Flow>
  </FlowStats>
  <Ipv4FlowClassifier>
    <Flow flowId="2" sourceAddress="10.1.1.11" destinationAddress="10.1.1.1" protocol="17" sourcePort="49153" destinationPort="9">
      <Dscp value="0x0" packets="797" />
    </Flow>
    <Flow flowId="7" sourceAddress="10.1.1.12" destinationAddress="10.1.1.2" protocol="17" sourcePort="49153" destinationPort="9">
      <Dscp value="0x0" packets="795" />
    </Flow>
    <Flow flowId="4" sourceAddress="10.1.1.13" destinationAddress="10.1.1.3" protocol="17" sourcePort="49153" destinationPort="9">
      <Dscp value="0x0" packets="797" />
    </Flow>
    <Flow flowId="3" sourceAddress="10.1.1.14" destinationAddress="10.1.1.4" protocol="17" sourcePort="49153" destinationPort="9">
      <Dscp value="0x0" packets="797" />
    </Flow>
    <Flow flowId="1" sourceAddress="10.1.1.15" destinationAddress="10.1.1.5" protocol="17" sourcePort="49153" destinationPort="9">
      <Dscp value="0x0" packets="799" />
    </Flow>
    <Flow flowId="9" sourceAddress="10.1.1.16" destinationAddress="10.1.1.6" protocol="17" sourcePort="49153" destinationPort="9">
      <Dscp value="0x0" packets="793" />
    </Flow>
    <Flow flowId="8" sourceAddress="10.1.1.17" destinationAddress="10.1.1.7" protocol="17" sourcePort="49153" destinationPort="9">
      <Dscp value="0x0" packets="794" />
    </Flow>
    <Flow flowId="10" sourceAddress="10.1.1.18" destinationAddress="10.1.1.8" protocol="17" sourcePort="49153" destinationPort="9">
      <Dscp value="0x0" packets="792" />
    </Flow>
    <Flow flowId="6" sourceAddress="10.1.1.19" destinationAddress="10.1.1.9" protocol="17" sourcePort="49153" destinationPort="9">
      <Dscp value="0x0" packets="797" />
    </Flow>
    <Flow flowId="5" sourceAddress="10.1.1.20" destinationAddress="10.1.1.10" protocol="17" sourcePort="49153" destinationPort="9">
      <Dscp value="0x0" packets="797" />
    </Flow>
  </Ipv4FlowClassifier>
  <Ipv6FlowClassifier>
  </Ipv6FlowClassifier>
  <FlowProbes>
    <FlowProbe index="0">
      <FlowStats  flowId="2" packets="797" bytes="73324" delayFromFirstProbeSum="+245109338.0ns" >
      </FlowStats>
    </FlowProbe>
    <FlowProbe index="1">
    </FlowProbe>
    <FlowProbe index="2">
      <FlowStats  flowId="7" packets="795" bytes="73140" delayFromFirstProbeSum="+238881029.0ns" >
      </FlowStats>
    </FlowProbe>
    <FlowProbe index="3">
    </FlowProbe>
    <FlowProbe index="4">
      <FlowStats  flowId="4" packets="797" bytes="73324" delayFromFirstProbeSum="+243445279.0ns" >
      </FlowStats>
    </FlowProbe>
    <FlowProbe index="5">
    </FlowProbe>
    <FlowProbe index="6">
      <FlowStats  flowId="3" packets="797" bytes="73324" delayFromFirstProbeSum="+250516845.0ns" >
      </FlowStats>
    </FlowProbe>
    <FlowProbe index="7">
    </FlowProbe>
    <FlowProbe index="8">
      <FlowStats  flowId="1" packets="799" bytes="73508" delayFromFirstProbeSum="+244464729.0ns" >
      </FlowStats>
    </FlowProbe>
    <FlowProbe index="9">
    </FlowProbe>
    <FlowProbe index="10">
      <FlowStats  flowId="9" packets="793" bytes="72956" delayFromFirstProbeSum="+241552036.0ns" >
      </FlowStats>
    </FlowProbe>
    <FlowProbe index="11">
    </FlowProbe>
    <FlowProbe index="12">
      <FlowStats  flowId="8" packets="794" bytes="73048" delayFromFirstProbeSum="+243106021.0ns" >
      </FlowStats>
    </FlowProbe>
    <FlowProbe index="13">
    </FlowProbe>
    <FlowProbe index="14">
      <FlowStats  flowId="10" packets="792" bytes="72864" delayFromFirstProbeSum="+238433734.0ns" >
      </FlowStats>
    </FlowProbe>
    <FlowProbe index="15">
    </FlowProbe>
    <FlowProbe index="16">
      <FlowStats  flowId="6" packets="797" bytes="73324" delayFromFirstProbeSum="+255411514.0ns" >
      </FlowStats>
    </FlowProbe>
    <FlowProbe index="17">
    </FlowProbe>
    <FlowProbe index="18">
      <FlowStats  flowId="5" packets="797" bytes="73324" delayFromFirstProbeSum="+243823125.0ns" >
      </FlowStats>
    </FlowProbe>
    <FlowProbe index="19">
    </FlowProbe>
    <FlowProbe index="20">
      <FlowStats  flowId="2" packets="797" bytes="73324" delayFromFirstProbeSum="+0.0ns" >
      </FlowStats>
    </FlowProbe>
    <FlowProbe index="21">
    </FlowProbe>
    <FlowProbe index="22">
      <FlowStats  flowId="7" packets="795" bytes="73140" delayFromFirstProbeSum="+0.0ns" >
      </FlowStats>
    </FlowProbe>
    <FlowProbe index="23">
    </FlowProbe>
    <FlowProbe index="24">
      <FlowStats  flowId="4" packets="797" bytes="73324" delayFromFirstProbeSum="+0.0ns" >
      </FlowStats>
    </FlowProbe>
    <FlowProbe index="25">
    </FlowProbe>
    <FlowProbe index="26">
      <FlowStats  flowId="3" packets="797" bytes="73324" delayFromFirstProbeSum="+0.0ns" >
      </FlowStats>
    </FlowProbe>
    <FlowProbe index="27">
    </FlowProbe>
    <FlowProbe index="28">
      <FlowStats  flowId="1" packets="799" bytes="73508" delayFromFirstProbeSum="+0.0ns" >
      </FlowStats>
    </FlowProbe>
    <FlowProbe index="29">
    </FlowProbe>
    <FlowProbe index="30">
      <FlowStats  flowId="9" packets="793" bytes="72956" delayFromFirstProbeSum="+0.0ns" >
      </FlowStats>
    </FlowProbe>
    <FlowProbe index="31">
    </FlowProbe>
    <FlowProbe index="32">
      <FlowStats  flowId="8" packets="794" bytes="73048" delayFromFirstProbeSum="+0.0ns" >
      </FlowStats>
    </FlowProbe>
    <FlowProbe index="33">
    </FlowProbe>
    <FlowProbe index="34">
      <FlowStats  flowId="10" packets="792" bytes="72864" delayFromFirstProbeSum="+0.0ns" >
      </FlowStats>
    </FlowProbe>
    <FlowProbe index="35">
    </FlowProbe>
    <FlowProbe index="36">
      <FlowStats  flowId="6" packets="797" bytes="73324" delayFromFirstProbeSum="+0.0ns" >
      </FlowStats>
    </FlowProbe>
    <FlowProbe index="37">
    </FlowProbe>
    <FlowProbe index="38">
      <FlowStats  flowId="5" packets="797" bytes="73324" delayFromFirstProbeSum="+0.0ns" >
      </FlowStats>
    </FlowProbe>
    <FlowProbe index="39">
    </FlowProbe>
    <FlowProbe index="40">
    </FlowProbe>
    <FlowProbe index="41">
    </FlowProbe>
    <FlowProbe index="42">
    </FlowProbe>
    <FlowProbe index="43">
    </FlowProbe>
    <FlowProbe index="44">
    </FlowProbe>
    <FlowProbe index="45">
    </FlowProbe>
    <FlowProbe index="46">
    </FlowProbe>
    <FlowProbe index="47">
    </FlowProbe>
    <FlowProbe index="48">
    </FlowProbe>
    <FlowProbe index="49">
    </FlowProbe>
    <FlowProbe index="50">
    </FlowProbe>
    <FlowProbe index="51">
    </FlowProbe>
    <FlowProbe index="52">
    </FlowProbe>
    <FlowProbe index="53">
    </FlowProbe>
    <FlowProbe index="54">
    </FlowProbe>
    <FlowProbe index="55">
    </FlowProbe>
    <FlowProbe index="56">
    </FlowProbe>
    <FlowProbe index="57">
    </FlowProbe>
    <FlowProbe index="58">
    </FlowProbe>
    <FlowProbe index="59">
    </FlowProbe>
    <FlowProbe index="60">
    </FlowProbe>
    <FlowProbe index="61">
    </FlowProbe>
    <FlowProbe index="62">
    </FlowProbe>
    <FlowProbe index="63">
    </FlowProbe>
    <FlowProbe index="64">
    </FlowProbe>
    <FlowProbe index="65">
    </FlowProbe>
    <FlowProbe index="66">
    </FlowProbe>
    <FlowProbe index="67">
    </FlowProbe>
    <FlowProbe index="68">
    </FlowProbe>
    <FlowProbe index="69">
    </FlowProbe>
    <FlowProbe index="70">
    </FlowProbe>
    <FlowProbe index="71">
    </FlowProbe>
    <FlowProbe index="72">
    </FlowProbe>
    <FlowProbe index="73">
    </FlowProbe>
    <FlowProbe index="74">
    </FlowProbe>
    <FlowProbe index="75">
    </FlowProbe>
    <FlowProbe index="76">
    </FlowProbe>
    <FlowProbe index="77">
    </FlowProbe>
    <FlowProbe index="78">
    </FlowProbe>
    <FlowProbe index="79">
    </FlowProbe>
    <FlowProbe index="80">
    </FlowProbe>
    <FlowProbe index="81">
    </FlowProbe>
    <FlowProbe index="82">
    </FlowProbe>
    <FlowProbe index="83">
    </FlowProbe>
    <FlowProbe index="84">
    </FlowProbe>
    <FlowProbe index="85">
    </FlowProbe>
    <FlowProbe index="86">
    </FlowProbe>
    <FlowProbe index="87">
    </FlowProbe>
    <FlowProbe index="88">
    </FlowProbe>
    <FlowProbe index="89">
    </FlowProbe>
    <FlowProbe index="90">
    </FlowProbe>
    <FlowProbe index="91">
    </FlowProbe>
    <FlowProbe index="92">
    </FlowProbe>
    <FlowProbe index="93">
    </FlowProbe>
    <FlowProbe index="94">
    </FlowProbe>
    <FlowProbe index="95">
    </FlowProbe>
    <FlowProbe index="96">
    </FlowProbe>
    <FlowProbe index="97">
    </FlowProbe>
    <FlowProbe index="98">
    </FlowProbe>
    <FlowProbe index="99">
    </FlowProbe>
  </FlowProbes>
</FlowMonitor>
