<?xml version="1.0" ?>
<FlowMonitor>
  <FlowStats>
    <Flow flowId="1" timeFirstTxPacket="+100345527457.0ns" timeFirstRxPacket="+108114821464.0ns" timeLastTxPacket="+199845527457.0ns" timeLastRxPacket="+199845813939.0ns" delaySum="+7633408023.0ns" jitterSum="+11141607535.0ns" lastDelay="+286482.0ns" txBytes="32292" rxBytes="26864" txPackets="351" rxPackets="292" lostPackets="59" timesForwarded="482">
      <delayHistogram nBins="4006" >
        <bin index="0" start="0" width="0.001" count="25" />
        <bin index="1" start="0.001" width="0.001" count="71" />
        <bin index="2" start="0.002" width="0.001" count="67" />
        <bin index="3" start="0.003" width="0.001" count="35" />
        <bin index="4" start="0.004" width="0.001" count="25" />
        <bin index="5" start="0.005" width="0.001" count="14" />
        <bin index="6" start="0.006" width="0.001" count="7" />
        <bin index="7" start="0.007" width="0.001" count="6" />
        <bin index="8" start="0.008" width="0.001" count="2" />
        <bin index="9" start="0.009" width="0.001" count="4" />
        <bin index="10" start="0.01" width="0.001" count="6" />
        <bin index="11" start="0.011" width="0.001" count="3" />
        <bin index="12" start="0.012" width="0.001" count="2" />
        <bin index="13" start="0.013" width="0.001" count="2" />
        <bin index="14" start="0.014" width="0.001" count="3" />
        <bin index="15" start="0.015" width="0.001" count="4" />
        <bin index="16" start="0.016" width="0.001" count="2" />
        <bin index="18" start="0.018" width="0.001" count="1" />
        <bin index="19" start="0.019" width="0.001" count="2" />
        <bin index="20" start="0.02" width="0.001" count="1" />
        <bin index="21" start="0.021" width="0.001" count="1" />
        <bin index="22" start="0.022" width="0.001" count="2" />
        <bin index="24" start="0.024" width="0.001" count="1" />
        <bin index="34" start="0.034" width="0.001" count="1" />
        <bin index="50" start="0.05" width="0.001" count="1" />
        <bin index="534" start="0.534" width="0.001" count="1" />
        <bin index="782" start="0.782" width="0.001" count="1" />
        <bin index="1031" start="1.031" width="0.001" count="1" />
        <bin index="4005" start="4.005" width="0.001" count="1" />
      </delayHistogram>
      <jitterHistogram nBins="4004" >
        <bin index="0" start="0" width="0.001" count="120" />
        <bin index="1" start="0.001" width="0.001" count="39" />
        <bin index="2" start="0.002" width="0.001" count="35" />
        <bin index="3" start="0.003" width="0.001" count="15" />
        <bin index="4" start="0.004" width="0.001" count="7" />
        <bin index="5" start="0.005" width="0.001" count="10" />
        <bin index="6" start="0.006" width="0.001" count="8" />
        <bin index="7" start="0.007" width="0.001" count="5" />
        <bin index="8" start="0.008" width="0.001" count="5" />
        <bin index="9" start="0.009" width="0.001" count="7" />
        <bin index="10" start="0.01" width="0.001" count="5" />
        <bin index="11" start="0.011" width="0.001" count="5" />
        <bin index="12" start="0.012" width="0.001" count="6" />
        <bin index="13" start="0.013" width="0.001" count="4" />
        <bin index="14" start="0.014" width="0.001" count="2" />
        <bin index="15" start="0.015" width="0.001" count="2" />
        <bin index="16" start="0.016" width="0.001" count="3" />
        <bin index="19" start="0.019" width="0.001" count="1" />
        <bin index="20" start="0.02" width="0.001" count="1" />
        <bin index="23" start="0.023" width="0.001" count="1" />
        <bin index="30" start="0.03" width="0.001" count="1" />
        <bin index="31" start="0.031" width="0.001" count="1" />
        <bin index="48" start="0.048" width="0.001" count="1" />
        <bin index="49" start="0.049" width="0.001" count="1" />
        <bin index="248" start="0.248" width="0.001" count="2" />
        <bin index="531" start="0.531" width="0.001" count="1" />
        <bin index="1029" start="1.029" width="0.001" count="1" />
        <bin index="3985" start="3.985" width="0.001" count="1" />
        <bin index="4003" start="4.003" width="0.001" count="1" />
      </jitterHistogram>
      <packetSizeHistogram nBins="5" >
        <bin index="4" start="80" width="20" count="292" />
      </packetSizeHistogram>
      <flowInterruptionsHistogram nBins="34" >
        <bin index="2" start="0.5" width="0.25" count="4" />
        <bin index="5" start="1.25" width="0.25" count="1" />
        <bin index="6" start="1.5" width="0.25" count="2" />
        <bin index="7" start="1.75" width="0.25" count="1" />
        <bin index="21" start="5.25" width="0.25" count="1" />
        <bin index="33" start="8.25" width="0.25" count="1" />
      </flowInterruptionsHistogram>
    </Flow>
    <Flow flowId="2" timeFirstTxPacket="+100529588904.0ns" timeFirstRxPacket="+100552846616.0ns" timeLastTxPacket="+199779588904.0ns" timeLastRxPacket="+199779875597.0ns" delaySum="+1667137906.0ns" jitterSum="+2579471489.0ns" lastDelay="+286693.0ns" txBytes="36616" rxBytes="36064" txPackets="398" rxPackets="392" lostPackets="6" timesForwarded="226">
      <delayHistogram nBins="1013" >
        <bin index="0" start="0" width="0.001" count="240" />
        <bin index="1" start="0.001" width="0.001" count="79" />
        <bin index="2" start="0.002" width="0.001" count="27" />
        <bin index="3" start="0.003" width="0.001" count="12" />
        <bin index="4" start="0.004" width="0.001" count="6" />
        <bin index="5" start="0.005" width="0.001" count="3" />
        <bin index="6" start="0.006" width="0.001" count="5" />
        <bin index="7" start="0.007" width="0.001" count="1" />
        <bin index="8" start="0.008" width="0.001" count="1" />
        <bin index="9" start="0.009" width="0.001" count="2" />
        <bin index="10" start="0.01" width="0.001" count="3" />
        <bin index="12" start="0.012" width="0.001" count="1" />
        <bin index="13" start="0.013" width="0.001" count="1" />
        <bin index="14" start="0.014" width="0.001" count="1" />
        <bin index="15" start="0.015" width="0.001" count="1" />
        <bin index="16" start="0.016" width="0.001" count="1" />
        <bin index="17" start="0.017" width="0.001" count="1" />
        <bin index="19" start="0.019" width="0.001" count="2" />
        <bin index="20" start="0.02" width="0.001" count="1" />
        <bin index="21" start="0.021" width="0.001" count="1" />
        <bin index="22" start="0.022" width="0.001" count="1" />
        <bin index="23" start="0.023" width="0.001" count="1" />
        <bin index="1012" start="1.012" width="0.001" count="1" />
      </delayHistogram>
      <jitterHistogram nBins="1011" >
        <bin index="0" start="0" width="0.001" count="309" />
        <bin index="1" start="0.001" width="0.001" count="27" />
        <bin index="2" start="0.002" width="0.001" count="9" />
        <bin index="3" start="0.003" width="0.001" count="7" />
        <bin index="4" start="0.004" width="0.001" count="5" />
        <bin index="5" start="0.005" width="0.001" count="3" />
        <bin index="7" start="0.007" width="0.001" count="3" />
        <bin index="8" start="0.008" width="0.001" count="1" />
        <bin index="9" start="0.009" width="0.001" count="4" />
        <bin index="10" start="0.01" width="0.001" count="2" />
        <bin index="11" start="0.011" width="0.001" count="1" />
        <bin index="12" start="0.012" width="0.001" count="3" />
        <bin index="13" start="0.013" width="0.001" count="3" />
        <bin index="14" start="0.014" width="0.001" count="2" />
        <bin index="17" start="0.017" width="0.001" count="1" />
        <bin index="18" start="0.018" width="0.001" count="5" />
        <bin index="19" start="0.019" width="0.001" count="1" />
        <bin index="20" start="0.02" width="0.001" count="3" />
        <bin index="1007" start="1.007" width="0.001" count="1" />
        <bin index="1010" start="1.01" width="0.001" count="1" />
      </jitterHistogram>
      <packetSizeHistogram nBins="5" >
        <bin index="4" start="80" width="20" count="392" />
      </packetSizeHistogram>
      <flowInterruptionsHistogram nBins="7" >
        <bin index="2" start="0.5" width="0.25" count="1" />
        <bin index="6" start="1.5" width="0.25" count="1" />
      </flowInterruptionsHistogram>
    </Flow>
    <Flow flowId="3" timeFirstTxPacket="+100547508704.0ns" timeFirstRxPacket="+100568346820.0ns" timeLastTxPacket="+199797508704.0ns" timeLastRxPacket="+197052047843.0ns" delaySum="+665536462.0ns" jitterSum="+537752163.0ns" lastDelay="+4539139.0ns" txBytes="34684" rxBytes="27876" txPackets="377" rxPackets="303" lostPackets="63" timesForwarded="197">
      <delayHistogram nBins="34" >
        <bin index="0" start="0" width="0.001" count="164" />
        <bin index="1" start="0.001" width="0.001" count="81" />
        <bin index="2" start="0.002" width="0.001" count="17" />
        <bin index="3" start="0.003" width="0.001" count="6" />
        <bin index="4" start="0.004" width="0.001" count="4" />
        <bin index="5" start="0.005" width="0.001" count="2" />
        <bin index="6" start="0.006" width="0.001" count="4" />
        <bin index="7" start="0.007" width="0.001" count="2" />
        <bin index="8" start="0.008" width="0.001" count="1" />
        <bin index="9" start="0.009" width="0.001" count="3" />
        <bin index="10" start="0.01" width="0.001" count="2" />
        <bin index="11" start="0.011" width="0.001" count="1" />
        <bin index="12" start="0.012" width="0.001" count="1" />
        <bin index="13" start="0.013" width="0.001" count="2" />
        <bin index="14" start="0.014" width="0.001" count="2" />
        <bin index="15" start="0.015" width="0.001" count="2" />
        <bin index="16" start="0.016" width="0.001" count="1" />
        <bin index="17" start="0.017" width="0.001" count="2" />
        <bin index="18" start="0.018" width="0.001" count="1" />
        <bin index="19" start="0.019" width="0.001" count="1" />
        <bin index="20" start="0.02" width="0.001" count="2" />
        <bin index="27" start="0.027" width="0.001" count="1" />
        <bin index="33" start="0.033" width="0.001" count="1" />
      </delayHistogram>
      <jitterHistogram nBins="31" >
        <bin index="0" start="0" width="0.001" count="234" />
        <bin index="1" start="0.001" width="0.001" count="15" />
        <bin index="2" start="0.002" width="0.001" count="6" />
        <bin index="3" start="0.003" width="0.001" count="5" />
        <bin index="4" start="0.004" width="0.001" count="1" />
        <bin index="5" start="0.005" width="0.001" count="5" />
        <bin index="6" start="0.006" width="0.001" count="6" />
        <bin index="7" start="0.007" width="0.001" count="6" />
        <bin index="8" start="0.008" width="0.001" count="4" />
        <bin index="9" start="0.009" width="0.001" count="2" />
        <bin index="10" start="0.01" width="0.001" count="2" />
        <bin index="11" start="0.011" width="0.001" count="6" />
        <bin index="13" start="0.013" width="0.001" count="2" />
        <bin index="14" start="0.014" width="0.001" count="1" />
        <bin index="16" start="0.016" width="0.001" count="2" />
        <bin index="19" start="0.019" width="0.001" count="2" />
        <bin index="20" start="0.02" width="0.001" count="1" />
        <bin index="25" start="0.025" width="0.001" count="1" />
        <bin index="30" start="0.03" width="0.001" count="1" />
      </jitterHistogram>
      <packetSizeHistogram nBins="5" >
        <bin index="4" start="80" width="20" count="303" />
      </packetSizeHistogram>
      <flowInterruptionsHistogram nBins="37" >
        <bin index="2" start="0.5" width="0.25" count="2" />
        <bin index="10" start="2.5" width="0.25" count="1" />
        <bin index="36" start="9" width="0.25" count="2" />
      </flowInterruptionsHistogram>
    </Flow>
    <Flow flowId="4" timeFirstTxPacket="+100579044915.0ns" timeFirstRxPacket="+100597368400.0ns" timeLastTxPacket="+199829044915.0ns" timeLastRxPacket="+199601945121.0ns" delaySum="+9811710344.0ns" jitterSum="+9616409415.0ns" lastDelay="+22900206.0ns" txBytes="34776" rxBytes="27048" txPackets="378" rxPackets="294" lostPackets="71" timesForwarded="529">
      <delayHistogram nBins="3038" >
        <bin index="0" start="0" width="0.001" count="9" />
        <bin index="1" start="0.001" width="0.001" count="87" />
        <bin index="2" start="0.002" width="0.001" count="92" />
        <bin index="3" start="0.003" width="0.001" count="18" />
        <bin index="4" start="0.004" width="0.001" count="5" />
        <bin index="5" start="0.005" width="0.001" count="5" />
        <bin index="6" start="0.006" width="0.001" count="8" />
        <bin index="7" start="0.007" width="0.001" count="11" />
        <bin index="8" start="0.008" width="0.001" count="2" />
        <bin index="9" start="0.009" width="0.001" count="2" />
        <bin index="11" start="0.011" width="0.001" count="8" />
        <bin index="12" start="0.012" width="0.001" count="5" />
        <bin index="13" start="0.013" width="0.001" count="1" />
        <bin index="14" start="0.014" width="0.001" count="3" />
        <bin index="15" start="0.015" width="0.001" count="3" />
        <bin index="16" start="0.016" width="0.001" count="4" />
        <bin index="17" start="0.017" width="0.001" count="1" />
        <bin index="18" start="0.018" width="0.001" count="2" />
        <bin index="19" start="0.019" width="0.001" count="2" />
        <bin index="20" start="0.02" width="0.001" count="2" />
        <bin index="21" start="0.021" width="0.001" count="2" />
        <bin index="22" start="0.022" width="0.001" count="2" />
        <bin index="23" start="0.023" width="0.001" count="1" />
        <bin index="24" start="0.024" width="0.001" count="1" />
        <bin index="25" start="0.025" width="0.001" count="1" />
        <bin index="26" start="0.026" width="0.001" count="1" />
        <bin index="28" start="0.028" width="0.001" count="2" />
        <bin index="29" start="0.029" width="0.001" count="1" />
        <bin index="31" start="0.031" width="0.001" count="1" />
        <bin index="34" start="0.034" width="0.001" count="2" />
        <bin index="37" start="0.037" width="0.001" count="1" />
        <bin index="40" start="0.04" width="0.001" count="1" />
        <bin index="43" start="0.043" width="0.001" count="1" />
        <bin index="46" start="0.046" width="0.001" count="1" />
        <bin index="47" start="0.047" width="0.001" count="1" />
        <bin index="508" start="0.508" width="0.001" count="1" />
        <bin index="757" start="0.757" width="0.001" count="1" />
        <bin index="1007" start="1.007" width="0.001" count="1" />
        <bin index="2808" start="2.808" width="0.001" count="1" />
        <bin index="3037" start="3.037" width="0.001" count="1" />
      </delayHistogram>
      <jitterHistogram nBins="3036" >
        <bin index="0" start="0" width="0.001" count="140" />
        <bin index="1" start="0.001" width="0.001" count="29" />
        <bin index="2" start="0.002" width="0.001" count="7" />
        <bin index="3" start="0.003" width="0.001" count="9" />
        <bin index="4" start="0.004" width="0.001" count="13" />
        <bin index="5" start="0.005" width="0.001" count="8" />
        <bin index="6" start="0.006" width="0.001" count="5" />
        <bin index="7" start="0.007" width="0.001" count="5" />
        <bin index="8" start="0.008" width="0.001" count="2" />
        <bin index="9" start="0.009" width="0.001" count="9" />
        <bin index="10" start="0.01" width="0.001" count="7" />
        <bin index="11" start="0.011" width="0.001" count="4" />
        <bin index="12" start="0.012" width="0.001" count="3" />
        <bin index="13" start="0.013" width="0.001" count="9" />
        <bin index="14" start="0.014" width="0.001" count="2" />
        <bin index="15" start="0.015" width="0.001" count="1" />
        <bin index="16" start="0.016" width="0.001" count="4" />
        <bin index="17" start="0.017" width="0.001" count="2" />
        <bin index="18" start="0.018" width="0.001" count="5" />
        <bin index="19" start="0.019" width="0.001" count="1" />
        <bin index="20" start="0.02" width="0.001" count="1" />
        <bin index="21" start="0.021" width="0.001" count="2" />
        <bin index="22" start="0.022" width="0.001" count="1" />
        <bin index="23" start="0.023" width="0.001" count="4" />
        <bin index="24" start="0.024" width="0.001" count="2" />
        <bin index="26" start="0.026" width="0.001" count="1" />
        <bin index="27" start="0.027" width="0.001" count="1" />
        <bin index="28" start="0.028" width="0.001" count="2" />
        <bin index="31" start="0.031" width="0.001" count="2" />
        <bin index="32" start="0.032" width="0.001" count="1" />
        <bin index="33" start="0.033" width="0.001" count="1" />
        <bin index="36" start="0.036" width="0.001" count="1" />
        <bin index="44" start="0.044" width="0.001" count="2" />
        <bin index="228" start="0.228" width="0.001" count="1" />
        <bin index="249" start="0.249" width="0.001" count="2" />
        <bin index="507" start="0.507" width="0.001" count="1" />
        <bin index="1003" start="1.003" width="0.001" count="1" />
        <bin index="2806" start="2.806" width="0.001" count="1" />
        <bin index="3035" start="3.035" width="0.001" count="1" />
      </jitterHistogram>
      <packetSizeHistogram nBins="5" >
        <bin index="4" start="80" width="20" count="294" />
      </packetSizeHistogram>
      <flowInterruptionsHistogram nBins="26" >
        <bin index="2" start="0.5" width="0.25" count="8" />
        <bin index="4" start="1" width="0.25" count="2" />
        <bin index="5" start="1.25" width="0.25" count="1" />
        <bin index="8" start="2" width="0.25" count="3" />
        <bin index="9" start="2.25" width="0.25" count="1" />
        <bin index="11" start="2.75" width="0.25" count="1" />
        <bin index="21" start="5.25" width="0.25" count="1" />
        <bin index="25" start="6.25" width="0.25" count="1" />
      </flowInterruptionsHistogram>
    </Flow>
    <Flow flowId="5" timeFirstTxPacket="+100584054896.0ns" timeFirstRxPacket="+100593673411.0ns" timeLastTxPacket="+199834054896.0ns" timeLastRxPacket="+196584342052.0ns" delaySum="+2710334428.0ns" jitterSum="+2467917627.0ns" lastDelay="+287156.0ns" txBytes="36616" rxBytes="34592" txPackets="398" rxPackets="376" lostPackets="8" timesForwarded="52">
      <delayHistogram nBins="1008" >
        <bin index="0" start="0" width="0.001" count="283" />
        <bin index="1" start="0.001" width="0.001" count="58" />
        <bin index="2" start="0.002" width="0.001" count="10" />
        <bin index="3" start="0.003" width="0.001" count="3" />
        <bin index="4" start="0.004" width="0.001" count="3" />
        <bin index="5" start="0.005" width="0.001" count="1" />
        <bin index="6" start="0.006" width="0.001" count="2" />
        <bin index="8" start="0.008" width="0.001" count="3" />
        <bin index="9" start="0.009" width="0.001" count="2" />
        <bin index="14" start="0.014" width="0.001" count="2" />
        <bin index="15" start="0.015" width="0.001" count="1" />
        <bin index="16" start="0.016" width="0.001" count="1" />
        <bin index="17" start="0.017" width="0.001" count="1" />
        <bin index="19" start="0.019" width="0.001" count="1" />
        <bin index="21" start="0.021" width="0.001" count="1" />
        <bin index="36" start="0.036" width="0.001" count="1" />
        <bin index="508" start="0.508" width="0.001" count="1" />
        <bin index="757" start="0.757" width="0.001" count="1" />
        <bin index="1007" start="1.007" width="0.001" count="1" />
      </delayHistogram>
      <jitterHistogram nBins="1007" >
        <bin index="0" start="0" width="0.001" count="305" />
        <bin index="1" start="0.001" width="0.001" count="24" />
        <bin index="2" start="0.002" width="0.001" count="10" />
        <bin index="3" start="0.003" width="0.001" count="3" />
        <bin index="4" start="0.004" width="0.001" count="5" />
        <bin index="5" start="0.005" width="0.001" count="1" />
        <bin index="6" start="0.006" width="0.001" count="1" />
        <bin index="7" start="0.007" width="0.001" count="2" />
        <bin index="8" start="0.008" width="0.001" count="4" />
        <bin index="9" start="0.009" width="0.001" count="1" />
        <bin index="12" start="0.012" width="0.001" count="1" />
        <bin index="13" start="0.013" width="0.001" count="3" />
        <bin index="14" start="0.014" width="0.001" count="3" />
        <bin index="15" start="0.015" width="0.001" count="2" />
        <bin index="16" start="0.016" width="0.001" count="1" />
        <bin index="17" start="0.017" width="0.001" count="1" />
        <bin index="18" start="0.018" width="0.001" count="1" />
        <bin index="19" start="0.019" width="0.001" count="1" />
        <bin index="32" start="0.032" width="0.001" count="1" />
        <bin index="34" start="0.034" width="0.001" count="1" />
        <bin index="249" start="0.249" width="0.001" count="2" />
        <bin index="507" start="0.507" width="0.001" count="1" />
        <bin index="1006" start="1.006" width="0.001" count="1" />
      </jitterHistogram>
      <packetSizeHistogram nBins="5" >
        <bin index="4" start="80" width="20" count="376" />
      </packetSizeHistogram>
      <flowInterruptionsHistogram nBins="6" >
        <bin index="2" start="0.5" width="0.25" count="3" />
        <bin index="5" start="1.25" width="0.25" count="1" />
      </flowInterruptionsHistogram>
    </Flow>
    <Flow flowId="6" timeFirstTxPacket="+100596832416.0ns" timeFirstRxPacket="+100608052608.0ns" timeLastTxPacket="+199846832416.0ns" timeLastRxPacket="+199847119132.0ns" delaySum="+3789870063.0ns" jitterSum="+4109535630.0ns" lastDelay="+286716.0ns" txBytes="36616" rxBytes="33948" txPackets="398" rxPackets="369" lostPackets="29" timesForwarded="226">
      <delayHistogram nBins="1009" >
        <bin index="0" start="0" width="0.001" count="113" />
        <bin index="1" start="0.001" width="0.001" count="124" />
        <bin index="2" start="0.002" width="0.001" count="55" />
        <bin index="3" start="0.003" width="0.001" count="16" />
        <bin index="4" start="0.004" width="0.001" count="11" />
        <bin index="5" start="0.005" width="0.001" count="4" />
        <bin index="6" start="0.006" width="0.001" count="2" />
        <bin index="7" start="0.007" width="0.001" count="1" />
        <bin index="8" start="0.008" width="0.001" count="6" />
        <bin index="9" start="0.009" width="0.001" count="7" />
        <bin index="11" start="0.011" width="0.001" count="4" />
        <bin index="12" start="0.012" width="0.001" count="2" />
        <bin index="13" start="0.013" width="0.001" count="4" />
        <bin index="14" start="0.014" width="0.001" count="1" />
        <bin index="15" start="0.015" width="0.001" count="3" />
        <bin index="16" start="0.016" width="0.001" count="2" />
        <bin index="18" start="0.018" width="0.001" count="1" />
        <bin index="22" start="0.022" width="0.001" count="1" />
        <bin index="26" start="0.026" width="0.001" count="1" />
        <bin index="27" start="0.027" width="0.001" count="1" />
        <bin index="32" start="0.032" width="0.001" count="1" />
        <bin index="42" start="0.042" width="0.001" count="1" />
        <bin index="43" start="0.043" width="0.001" count="1" />
        <bin index="48" start="0.048" width="0.001" count="1" />
        <bin index="51" start="0.051" width="0.001" count="1" />
        <bin index="55" start="0.055" width="0.001" count="1" />
        <bin index="257" start="0.257" width="0.001" count="1" />
        <bin index="506" start="0.506" width="0.001" count="1" />
        <bin index="798" start="0.798" width="0.001" count="1" />
        <bin index="1008" start="1.008" width="0.001" count="1" />
      </delayHistogram>
      <jitterHistogram nBins="966" >
        <bin index="0" start="0" width="0.001" count="224" />
        <bin index="1" start="0.001" width="0.001" count="59" />
        <bin index="2" start="0.002" width="0.001" count="10" />
        <bin index="3" start="0.003" width="0.001" count="4" />
        <bin index="4" start="0.004" width="0.001" count="4" />
        <bin index="5" start="0.005" width="0.001" count="6" />
        <bin index="6" start="0.006" width="0.001" count="6" />
        <bin index="7" start="0.007" width="0.001" count="10" />
        <bin index="8" start="0.008" width="0.001" count="4" />
        <bin index="9" start="0.009" width="0.001" count="1" />
        <bin index="10" start="0.01" width="0.001" count="7" />
        <bin index="11" start="0.011" width="0.001" count="2" />
        <bin index="12" start="0.012" width="0.001" count="3" />
        <bin index="13" start="0.013" width="0.001" count="4" />
        <bin index="14" start="0.014" width="0.001" count="3" />
        <bin index="20" start="0.02" width="0.001" count="2" />
        <bin index="21" start="0.021" width="0.001" count="1" />
        <bin index="22" start="0.022" width="0.001" count="1" />
        <bin index="24" start="0.024" width="0.001" count="1" />
        <bin index="28" start="0.028" width="0.001" count="2" />
        <bin index="36" start="0.036" width="0.001" count="2" />
        <bin index="38" start="0.038" width="0.001" count="3" />
        <bin index="43" start="0.043" width="0.001" count="1" />
        <bin index="46" start="0.046" width="0.001" count="1" />
        <bin index="47" start="0.047" width="0.001" count="1" />
        <bin index="209" start="0.209" width="0.001" count="1" />
        <bin index="249" start="0.249" width="0.001" count="2" />
        <bin index="505" start="0.505" width="0.001" count="1" />
        <bin index="793" start="0.793" width="0.001" count="1" />
        <bin index="965" start="0.965" width="0.001" count="1" />
      </jitterHistogram>
      <packetSizeHistogram nBins="5" >
        <bin index="4" start="80" width="20" count="369" />
      </packetSizeHistogram>
      <flowInterruptionsHistogram nBins="10" >
        <bin index="2" start="0.5" width="0.25" count="2" />
        <bin index="3" start="0.75" width="0.25" count="3" />
        <bin index="4" start="1" width="0.25" count="1" />
        <bin index="9" start="2.25" width="0.25" count="2" />
      </flowInterruptionsHistogram>
    </Flow>
    <Flow flowId="7" timeFirstTxPacket="+100767345429.0ns" timeFirstRxPacket="+100781134937.0ns" timeLastTxPacket="+199767345429.0ns" timeLastRxPacket="+199767631857.0ns" delaySum="+265777503.0ns" jitterSum="+156007930.0ns" lastDelay="+286428.0ns" txBytes="36524" rxBytes="36524" txPackets="397" rxPackets="397" lostPackets="0" timesForwarded="54">
      <delayHistogram nBins="18" >
        <bin index="0" start="0" width="0.001" count="350" />
        <bin index="1" start="0.001" width="0.001" count="37" />
        <bin index="2" start="0.002" width="0.001" count="1" />
        <bin index="5" start="0.005" width="0.001" count="1" />
        <bin index="8" start="0.008" width="0.001" count="2" />
        <bin index="9" start="0.009" width="0.001" count="2" />
        <bin index="13" start="0.013" width="0.001" count="1" />
        <bin index="15" start="0.015" width="0.001" count="2" />
        <bin index="17" start="0.017" width="0.001" count="1" />
      </delayHistogram>
      <jitterHistogram nBins="17" >
        <bin index="0" start="0" width="0.001" count="378" />
        <bin index="1" start="0.001" width="0.001" count="4" />
        <bin index="2" start="0.002" width="0.001" count="1" />
        <bin index="3" start="0.003" width="0.001" count="2" />
        <bin index="6" start="0.006" width="0.001" count="1" />
        <bin index="7" start="0.007" width="0.001" count="2" />
        <bin index="8" start="0.008" width="0.001" count="2" />
        <bin index="9" start="0.009" width="0.001" count="1" />
        <bin index="12" start="0.012" width="0.001" count="1" />
        <bin index="14" start="0.014" width="0.001" count="2" />
        <bin index="15" start="0.015" width="0.001" count="1" />
        <bin index="16" start="0.016" width="0.001" count="1" />
      </jitterHistogram>
      <packetSizeHistogram nBins="5" >
        <bin index="4" start="80" width="20" count="397" />
      </packetSizeHistogram>
      <flowInterruptionsHistogram nBins="0" >
      </flowInterruptionsHistogram>
    </Flow>
    <Flow flowId="8" timeFirstTxPacket="+100884855346.0ns" timeFirstRxPacket="+100905153261.0ns" timeLastTxPacket="+199884855346.0ns" timeLastRxPacket="+199885142118.0ns" delaySum="+630082872.0ns" jitterSum="+566247977.0ns" lastDelay="+286772.0ns" txBytes="36524" rxBytes="34316" txPackets="397" rxPackets="373" lostPackets="24" timesForwarded="135">
      <delayHistogram nBins="49" >
        <bin index="0" start="0" width="0.001" count="252" />
        <bin index="1" start="0.001" width="0.001" count="75" />
        <bin index="2" start="0.002" width="0.001" count="10" />
        <bin index="3" start="0.003" width="0.001" count="4" />
        <bin index="4" start="0.004" width="0.001" count="2" />
        <bin index="5" start="0.005" width="0.001" count="2" />
        <bin index="6" start="0.006" width="0.001" count="2" />
        <bin index="7" start="0.007" width="0.001" count="3" />
        <bin index="8" start="0.008" width="0.001" count="1" />
        <bin index="9" start="0.009" width="0.001" count="3" />
        <bin index="10" start="0.01" width="0.001" count="1" />
        <bin index="11" start="0.011" width="0.001" count="2" />
        <bin index="12" start="0.012" width="0.001" count="3" />
        <bin index="13" start="0.013" width="0.001" count="1" />
        <bin index="14" start="0.014" width="0.001" count="2" />
        <bin index="15" start="0.015" width="0.001" count="1" />
        <bin index="16" start="0.016" width="0.001" count="4" />
        <bin index="17" start="0.017" width="0.001" count="1" />
        <bin index="19" start="0.019" width="0.001" count="1" />
        <bin index="20" start="0.02" width="0.001" count="2" />
        <bin index="48" start="0.048" width="0.001" count="1" />
      </delayHistogram>
      <jitterHistogram nBins="36" >
        <bin index="0" start="0" width="0.001" count="301" />
        <bin index="1" start="0.001" width="0.001" count="19" />
        <bin index="2" start="0.002" width="0.001" count="5" />
        <bin index="3" start="0.003" width="0.001" count="6" />
        <bin index="4" start="0.004" width="0.001" count="4" />
        <bin index="5" start="0.005" width="0.001" count="2" />
        <bin index="6" start="0.006" width="0.001" count="2" />
        <bin index="7" start="0.007" width="0.001" count="5" />
        <bin index="8" start="0.008" width="0.001" count="4" />
        <bin index="9" start="0.009" width="0.001" count="1" />
        <bin index="10" start="0.01" width="0.001" count="2" />
        <bin index="11" start="0.011" width="0.001" count="5" />
        <bin index="12" start="0.012" width="0.001" count="2" />
        <bin index="13" start="0.013" width="0.001" count="3" />
        <bin index="15" start="0.015" width="0.001" count="5" />
        <bin index="16" start="0.016" width="0.001" count="1" />
        <bin index="18" start="0.018" width="0.001" count="1" />
        <bin index="19" start="0.019" width="0.001" count="2" />
        <bin index="32" start="0.032" width="0.001" count="1" />
        <bin index="35" start="0.035" width="0.001" count="1" />
      </jitterHistogram>
      <packetSizeHistogram nBins="5" >
        <bin index="4" start="80" width="20" count="373" />
      </packetSizeHistogram>
      <flowInterruptionsHistogram nBins="15" >
        <bin index="2" start="0.5" width="0.25" count="2" />
        <bin index="8" start="2" width="0.25" count="1" />
        <bin index="14" start="3.5" width="0.25" count="1" />
      </flowInterruptionsHistogram>
    </Flow>
    <Flow flowId="9" timeFirstTxPacket="+101020734582.0ns" timeFirstRxPacket="+101026843513.0ns" timeLastTxPacket="+199770734582.0ns" timeLastRxPacket="+199771020991.0ns" delaySum="+557767830.0ns" jitterSum="+455736288.0ns" lastDelay="+286409.0ns" txBytes="36432" rxBytes="33212" txPackets="396" rxPackets="361" lostPackets="35" timesForwarded="131">
      <delayHistogram nBins="34" >
        <bin index="0" start="0" width="0.001" count="249" />
        <bin index="1" start="0.001" width="0.001" count="66" />
        <bin index="2" start="0.002" width="0.001" count="11" />
        <bin index="3" start="0.003" width="0.001" count="9" />
        <bin index="4" start="0.004" width="0.001" count="5" />
        <bin index="6" start="0.006" width="0.001" count="3" />
        <bin index="8" start="0.008" width="0.001" count="1" />
        <bin index="10" start="0.01" width="0.001" count="1" />
        <bin index="11" start="0.011" width="0.001" count="1" />
        <bin index="12" start="0.012" width="0.001" count="3" />
        <bin index="13" start="0.013" width="0.001" count="1" />
        <bin index="14" start="0.014" width="0.001" count="1" />
        <bin index="15" start="0.015" width="0.001" count="2" />
        <bin index="16" start="0.016" width="0.001" count="2" />
        <bin index="17" start="0.017" width="0.001" count="3" />
        <bin index="20" start="0.02" width="0.001" count="1" />
        <bin index="22" start="0.022" width="0.001" count="1" />
        <bin index="33" start="0.033" width="0.001" count="1" />
      </delayHistogram>
      <jitterHistogram nBins="21" >
        <bin index="0" start="0" width="0.001" count="300" />
        <bin index="1" start="0.001" width="0.001" count="12" />
        <bin index="2" start="0.002" width="0.001" count="9" />
        <bin index="3" start="0.003" width="0.001" count="9" />
        <bin index="4" start="0.004" width="0.001" count="1" />
        <bin index="5" start="0.005" width="0.001" count="2" />
        <bin index="6" start="0.006" width="0.001" count="1" />
        <bin index="7" start="0.007" width="0.001" count="1" />
        <bin index="8" start="0.008" width="0.001" count="2" />
        <bin index="9" start="0.009" width="0.001" count="1" />
        <bin index="10" start="0.01" width="0.001" count="6" />
        <bin index="11" start="0.011" width="0.001" count="4" />
        <bin index="12" start="0.012" width="0.001" count="1" />
        <bin index="13" start="0.013" width="0.001" count="4" />
        <bin index="14" start="0.014" width="0.001" count="1" />
        <bin index="15" start="0.015" width="0.001" count="1" />
        <bin index="16" start="0.016" width="0.001" count="2" />
        <bin index="19" start="0.019" width="0.001" count="1" />
        <bin index="20" start="0.02" width="0.001" count="2" />
      </jitterHistogram>
      <packetSizeHistogram nBins="5" >
        <bin index="4" start="80" width="20" count="361" />
      </packetSizeHistogram>
      <flowInterruptionsHistogram nBins="18" >
        <bin index="2" start="0.5" width="0.25" count="1" />
        <bin index="5" start="1.25" width="0.25" count="1" />
        <bin index="6" start="1.5" width="0.25" count="1" />
        <bin index="8" start="2" width="0.25" count="1" />
        <bin index="17" start="4.25" width="0.25" count="1" />
      </flowInterruptionsHistogram>
    </Flow>
    <Flow flowId="10" timeFirstTxPacket="+101174626889.0ns" timeFirstRxPacket="+101177345503.0ns" timeLastTxPacket="+199924626889.0ns" timeLastRxPacket="+199938833914.0ns" delaySum="+299152397.0ns" jitterSum="+281598081.0ns" lastDelay="+14207025.0ns" txBytes="36432" rxBytes="36432" txPackets="396" rxPackets="396" lostPackets="0" timesForwarded="0">
      <delayHistogram nBins="48" >
        <bin index="0" start="0" width="0.001" count="372" />
        <bin index="1" start="0.001" width="0.001" count="10" />
        <bin index="2" start="0.002" width="0.001" count="7" />
        <bin index="3" start="0.003" width="0.001" count="1" />
        <bin index="6" start="0.006" width="0.001" count="1" />
        <bin index="14" start="0.014" width="0.001" count="1" />
        <bin index="23" start="0.023" width="0.001" count="1" />
        <bin index="30" start="0.03" width="0.001" count="1" />
        <bin index="35" start="0.035" width="0.001" count="1" />
        <bin index="47" start="0.047" width="0.001" count="1" />
      </delayHistogram>
      <jitterHistogram nBins="47" >
        <bin index="0" start="0" width="0.001" count="369" />
        <bin index="1" start="0.001" width="0.001" count="12" />
        <bin index="2" start="0.002" width="0.001" count="2" />
        <bin index="3" start="0.003" width="0.001" count="2" />
        <bin index="5" start="0.005" width="0.001" count="1" />
        <bin index="6" start="0.006" width="0.001" count="1" />
        <bin index="7" start="0.007" width="0.001" count="1" />
        <bin index="13" start="0.013" width="0.001" count="1" />
        <bin index="22" start="0.022" width="0.001" count="1" />
        <bin index="30" start="0.03" width="0.001" count="1" />
        <bin index="32" start="0.032" width="0.001" count="1" />
        <bin index="33" start="0.033" width="0.001" count="1" />
        <bin index="44" start="0.044" width="0.001" count="1" />
        <bin index="46" start="0.046" width="0.001" count="1" />
      </jitterHistogram>
      <packetSizeHistogram nBins="5" >
        <bin index="4" start="80" width="20" count="396" />
      </packetSizeHistogram>
      <flowInterruptionsHistogram nBins="0" >
      </flowInterruptionsHistogram>
    </Flow>
  </FlowStats>
  <Ipv4FlowClassifier>
    <Flow flowId="2" sourceAddress="10.1.1.11" destinationAddress="10.1.1.1" protocol="17" sourcePort="49153" destinationPort="9">
      <Dscp value="0x0" packets="398" />
    </Flow>
    <Flow flowId="7" sourceAddress="10.1.1.12" destinationAddress="10.1.1.2" protocol="17" sourcePort="49153" destinationPort="9">
      <Dscp value="0x0" packets="397" />
    </Flow>
    <Flow flowId="4" sourceAddress="10.1.1.13" destinationAddress="10.1.1.3" protocol="17" sourcePort="49153" destinationPort="9">
      <Dscp value="0x0" packets="378" />
    </Flow>
    <Flow flowId="3" sourceAddress="10.1.1.14" destinationAddress="10.1.1.4" protocol="17" sourcePort="49153" destinationPort="9">
      <Dscp value="0x0" packets="377" />
    </Flow>
    <Flow flowId="1" sourceAddress="10.1.1.15" destinationAddress="10.1.1.5" protocol="17" sourcePort="49153" destinationPort="9">
      <Dscp value="0x0" packets="351" />
    </Flow>
    <Flow flowId="9" sourceAddress="10.1.1.16" destinationAddress="10.1.1.6" protocol="17" sourcePort="49153" destinationPort="9">
      <Dscp value="0x0" packets="396" />
    </Flow>
    <Flow flowId="8" sourceAddress="10.1.1.17" destinationAddress="10.1.1.7" protocol="17" sourcePort="49153" destinationPort="9">
      <Dscp value="0x0" packets="397" />
    </Flow>
    <Flow flowId="10" sourceAddress="10.1.1.18" destinationAddress="10.1.1.8" protocol="17" sourcePort="49153" destinationPort="9">
      <Dscp value="0x0" packets="396" />
    </Flow>
    <Flow flowId="6" sourceAddress="10.1.1.19" destinationAddress="10.1.1.9" protocol="17" sourcePort="49153" destinationPort="9">
      <Dscp value="0x0" packets="398" />
    </Flow>
    <Flow flowId="5" sourceAddress="10.1.1.20" destinationAddress="10.1.1.10" protocol="17" sourcePort="49153" destinationPort="9">
      <Dscp value="0x0" packets="398" />
    </Flow>
  </Ipv4FlowClassifier>
  <Ipv6FlowClassifier>
  </Ipv6FlowClassifier>
  <FlowProbes>
    <FlowProbe index="0">
      <FlowStats  flowId="1" packets="16" bytes="1472" delayFromFirstProbeSum="+17692260.0ns" >
      </FlowStats>
      <FlowStats  flowId="2" packets="392" bytes="36064" delayFromFirstProbeSum="+1667137906.0ns" >
      </FlowStats>
      <FlowStats  flowId="3" packets="1" bytes="92" delayFromFirstProbeSum="+1659778.0ns" >
      </FlowStats>
      <FlowStats  flowId="4" packets="16" bytes="1472" delayFromFirstProbeSum="+14012395.0ns" >
      </FlowStats>
      <FlowStats  flowId="8" packets="8" bytes="736" delayFromFirstProbeSum="+3591204.0ns" >
      </FlowStats>
      <FlowStats  flowId="9" packets="7" bytes="644" delayFromFirstProbeSum="+8419097.0ns" >
      </FlowStats>
    </FlowProbe>
    <FlowProbe index="1">
    </FlowProbe>
    <FlowProbe index="2">
      <FlowStats  flowId="2" packets="17" bytes="1564" delayFromFirstProbeSum="+16620717.0ns" >
      </FlowStats>
      <FlowStats  flowId="4" packets="8" bytes="736" delayFromFirstProbeSum="+9070675.0ns" >
      </FlowStats>
      <FlowStats  flowId="6" packets="27" bytes="2484" delayFromFirstProbeSum="+164352045.0ns" >
      </FlowStats>
      <FlowStats  flowId="7" packets="397" bytes="36524" delayFromFirstProbeSum="+265777503.0ns" >
      </FlowStats>
      <FlowStats  flowId="9" packets="48" bytes="4416" delayFromFirstProbeSum="+19071492.0ns" >
      </FlowStats>
    </FlowProbe>
    <FlowProbe index="3">
    </FlowProbe>
    <FlowProbe index="4">
      <FlowStats  flowId="4" packets="294" bytes="27048" delayFromFirstProbeSum="+9811710344.0ns" >
      </FlowStats>
    </FlowProbe>
    <FlowProbe index="5">
    </FlowProbe>
    <FlowProbe index="6">
      <FlowStats  flowId="1" packets="58" bytes="5336" delayFromFirstProbeSum="+141779882.0ns" >
      </FlowStats>
      <FlowStats  flowId="2" packets="1" bytes="92" delayFromFirstProbeSum="+1559316.0ns" >
      </FlowStats>
      <FlowStats  flowId="3" packets="303" bytes="27876" delayFromFirstProbeSum="+665536462.0ns" >
      </FlowStats>
      <FlowStats  flowId="4" packets="26" bytes="2392" delayFromFirstProbeSum="+14253092.0ns" >
      </FlowStats>
      <FlowStats  flowId="6" packets="15" bytes="1380" delayFromFirstProbeSum="+6512971.0ns" >
      </FlowStats>
      <FlowStats  flowId="8" packets="1" bytes="92" delayFromFirstProbeSum="+8618212.0ns" >
      </FlowStats>
      <FlowStats  flowId="9" packets="7" bytes="644" delayFromFirstProbeSum="+6257201.0ns" >
      </FlowStats>
    </FlowProbe>
    <FlowProbe index="7">
    </FlowProbe>
    <FlowProbe index="8">
      <FlowStats  flowId="1" packets="292" bytes="26864" delayFromFirstProbeSum="+7633408023.0ns" >
      </FlowStats>
      <FlowStats  flowId="2" packets="18" bytes="1656" delayFromFirstProbeSum="+60260544.0ns" >
      </FlowStats>
      <FlowStats  flowId="3" packets="6" bytes="552" delayFromFirstProbeSum="+12570198.0ns" >
      </FlowStats>
    </FlowProbe>
    <FlowProbe index="9">
    </FlowProbe>
    <FlowProbe index="10">
      <FlowStats  flowId="1" packets="1" bytes="92" delayFromFirstProbeSum="+7111793.0ns" >
      </FlowStats>
      <FlowStats  flowId="3" packets="21" bytes="1932" delayFromFirstProbeSum="+61737789.0ns" >
      </FlowStats>
      <FlowStats  flowId="8" packets="1" bytes="92" delayFromFirstProbeSum="+11810849.0ns" >
      </FlowStats>
      <FlowStats  flowId="9" packets="361" bytes="33212" delayFromFirstProbeSum="+557767830.0ns" >
      </FlowStats>
    </FlowProbe>
    <FlowProbe index="11">
    </FlowProbe>
    <FlowProbe index="12">
      <FlowStats  flowId="1" packets="30" bytes="2760" delayFromFirstProbeSum="+85219974.0ns" >
      </FlowStats>
      <FlowStats  flowId="4" packets="44" bytes="4048" delayFromFirstProbeSum="+69519268.0ns" >
      </FlowStats>
      <FlowStats  flowId="6" packets="1" bytes="92" delayFromFirstProbeSum="+10444433.0ns" >
      </FlowStats>
      <FlowStats  flowId="8" packets="373" bytes="34316" delayFromFirstProbeSum="+630082872.0ns" >
      </FlowStats>
    </FlowProbe>
    <FlowProbe index="13">
    </FlowProbe>
    <FlowProbe index="14">
      <FlowStats  flowId="1" packets="11" bytes="1012" delayFromFirstProbeSum="+5912056.0ns" >
      </FlowStats>
      <FlowStats  flowId="2" packets="2" bytes="184" delayFromFirstProbeSum="+6241524.0ns" >
      </FlowStats>
      <FlowStats  flowId="3" packets="6" bytes="552" delayFromFirstProbeSum="+34286273.0ns" >
      </FlowStats>
      <FlowStats  flowId="4" packets="16" bytes="1472" delayFromFirstProbeSum="+18701604.0ns" >
      </FlowStats>
      <FlowStats  flowId="9" packets="9" bytes="828" delayFromFirstProbeSum="+10295150.0ns" >
      </FlowStats>
      <FlowStats  flowId="10" packets="396" bytes="36432" delayFromFirstProbeSum="+299152397.0ns" >
      </FlowStats>
    </FlowProbe>
    <FlowProbe index="15">
    </FlowProbe>
    <FlowProbe index="16">
      <FlowStats  flowId="3" packets="1" bytes="92" delayFromFirstProbeSum="+8598512.0ns" >
      </FlowStats>
      <FlowStats  flowId="4" packets="6" bytes="552" delayFromFirstProbeSum="+11533341.0ns" >
      </FlowStats>
      <FlowStats  flowId="5" packets="7" bytes="644" delayFromFirstProbeSum="+12922100.0ns" >
      </FlowStats>
      <FlowStats  flowId="6" packets="369" bytes="33948" delayFromFirstProbeSum="+3789870063.0ns" >
      </FlowStats>
      <FlowStats  flowId="7" packets="1" bytes="92" delayFromFirstProbeSum="+2698953.0ns" >
      </FlowStats>
    </FlowProbe>
    <FlowProbe index="17">
    </FlowProbe>
    <FlowProbe index="18">
      <FlowStats  flowId="1" packets="40" bytes="3680" delayFromFirstProbeSum="+15371875.0ns" >
      </FlowStats>
      <FlowStats  flowId="2" packets="8" bytes="736" delayFromFirstProbeSum="+1013500371.0ns" >
      </FlowStats>
      <FlowStats  flowId="4" packets="24" bytes="2208" delayFromFirstProbeSum="+10802437.0ns" >
      </FlowStats>
      <FlowStats  flowId="5" packets="376" bytes="34592" delayFromFirstProbeSum="+2710334428.0ns" >
      </FlowStats>
      <FlowStats  flowId="6" packets="16" bytes="1472" delayFromFirstProbeSum="+72383948.0ns" >
      </FlowStats>
    </FlowProbe>
    <FlowProbe index="19">
    </FlowProbe>
    <FlowProbe index="20">
      <FlowStats  flowId="1" packets="17" bytes="1564" delayFromFirstProbeSum="+55902974.0ns" >
      </FlowStats>
      <FlowStats  flowId="2" packets="398" bytes="36616" delayFromFirstProbeSum="+0.0ns" >
      </FlowStats>
      <FlowStats  flowId="3" packets="6" bytes="552" delayFromFirstProbeSum="+12113425.0ns" >
      </FlowStats>
      <FlowStats  flowId="4" packets="18" bytes="1656" delayFromFirstProbeSum="+172165302.0ns" >
      </FlowStats>
      <FlowStats  flowId="6" packets="14" bytes="1288" delayFromFirstProbeSum="+14157320.0ns" >
      </FlowStats>
      <FlowStats  flowId="7" packets="8" bytes="736" delayFromFirstProbeSum="+3665640.0ns" >
      </FlowStats>
      <FlowStats  flowId="9" packets="7" bytes="644" delayFromFirstProbeSum="+19060723.0ns" >
      </FlowStats>
    </FlowProbe>
    <FlowProbe index="21">
    </FlowProbe>
    <FlowProbe index="22">
      <FlowStats  flowId="1" packets="18" bytes="1656" delayFromFirstProbeSum="+8048956.0ns" >
      </FlowStats>
      <FlowStats  flowId="6" packets="8" bytes="736" delayFromFirstProbeSum="+10487185.0ns" >
      </FlowStats>
      <FlowStats  flowId="7" packets="397" bytes="36524" delayFromFirstProbeSum="+0.0ns" >
      </FlowStats>
      <FlowStats  flowId="8" packets="7" bytes="644" delayFromFirstProbeSum="+11418751.0ns" >
      </FlowStats>
    </FlowProbe>
    <FlowProbe index="23">
    </FlowProbe>
    <FlowProbe index="24">
      <FlowStats  flowId="1" packets="15" bytes="1380" delayFromFirstProbeSum="+15207015.0ns" >
      </FlowStats>
      <FlowStats  flowId="4" packets="378" bytes="34776" delayFromFirstProbeSum="+0.0ns" >
      </FlowStats>
      <FlowStats  flowId="8" packets="15" bytes="1380" delayFromFirstProbeSum="+11996686.0ns" >
      </FlowStats>
    </FlowProbe>
    <FlowProbe index="25">
    </FlowProbe>
    <FlowProbe index="26">
      <FlowStats  flowId="1" packets="1" bytes="92" delayFromFirstProbeSum="+2517258.0ns" >
      </FlowStats>
      <FlowStats  flowId="3" packets="377" bytes="34684" delayFromFirstProbeSum="+0.0ns" >
      </FlowStats>
      <FlowStats  flowId="4" packets="52" bytes="4784" delayFromFirstProbeSum="+77597040.0ns" >
      </FlowStats>
      <FlowStats  flowId="5" packets="7" bytes="644" delayFromFirstProbeSum="+2488282.0ns" >
      </FlowStats>
      <FlowStats  flowId="6" packets="8" bytes="736" delayFromFirstProbeSum="+10687461.0ns" >
      </FlowStats>
    </FlowProbe>
    <FlowProbe index="27">
    </FlowProbe>
    <FlowProbe index="28">
      <FlowStats  flowId="1" packets="351" bytes="32292" delayFromFirstProbeSum="+0.0ns" >
      </FlowStats>
      <FlowStats  flowId="5" packets="9" bytes="828" delayFromFirstProbeSum="+11651096.0ns" >
      </FlowStats>
      <FlowStats  flowId="6" packets="2" bytes="184" delayFromFirstProbeSum="+2671881.0ns" >
      </FlowStats>
      <FlowStats  flowId="8" packets="6" bytes="552" delayFromFirstProbeSum="+11032677.0ns" >
      </FlowStats>
    </FlowProbe>
    <FlowProbe index="29">
    </FlowProbe>
    <FlowProbe index="30">
      <FlowStats  flowId="1" packets="12" bytes="1104" delayFromFirstProbeSum="+59554396.0ns" >
      </FlowStats>
      <FlowStats  flowId="2" packets="2" bytes="184" delayFromFirstProbeSum="+3433422.0ns" >
      </FlowStats>
      <FlowStats  flowId="4" packets="9" bytes="828" delayFromFirstProbeSum="+20541119.0ns" >
      </FlowStats>
      <FlowStats  flowId="6" packets="23" bytes="2116" delayFromFirstProbeSum="+24177199.0ns" >
      </FlowStats>
      <FlowStats  flowId="9" packets="396" bytes="36432" delayFromFirstProbeSum="+0.0ns" >
      </FlowStats>
    </FlowProbe>
    <FlowProbe index="31">
    </FlowProbe>
    <FlowProbe index="32">
      <FlowStats  flowId="1" packets="13" bytes="1196" delayFromFirstProbeSum="+7853949.0ns" >
      </FlowStats>
      <FlowStats  flowId="2" packets="14" bytes="1288" delayFromFirstProbeSum="+12202420.0ns" >
      </FlowStats>
      <FlowStats  flowId="4" packets="14" bytes="1288" delayFromFirstProbeSum="+28120083.0ns" >
      </FlowStats>
      <FlowStats  flowId="6" packets="1" bytes="92" delayFromFirstProbeSum="+9979260.0ns" >
      </FlowStats>
      <FlowStats  flowId="7" packets="7" bytes="644" delayFromFirstProbeSum="+12708735.0ns" >
      </FlowStats>
      <FlowStats  flowId="8" packets="397" bytes="36524" delayFromFirstProbeSum="+0.0ns" >
      </FlowStats>
      <FlowStats  flowId="9" packets="7" bytes="644" delayFromFirstProbeSum="+9256399.0ns" >
      </FlowStats>
    </FlowProbe>
    <FlowProbe index="33">
    </FlowProbe>
    <FlowProbe index="34">
      <FlowStats  flowId="1" packets="48" bytes="4416" delayFromFirstProbeSum="+95897679.0ns" >
      </FlowStats>
      <FlowStats  flowId="2" packets="15" bytes="1380" delayFromFirstProbeSum="+13353789.0ns" >
      </FlowStats>
      <FlowStats  flowId="3" packets="8" bytes="736" delayFromFirstProbeSum="+23623314.0ns" >
      </FlowStats>
      <FlowStats  flowId="4" packets="49" bytes="4508" delayFromFirstProbeSum="+36369435.0ns" >
      </FlowStats>
      <FlowStats  flowId="10" packets="396" bytes="36432" delayFromFirstProbeSum="+0.0ns" >
      </FlowStats>
    </FlowProbe>
    <FlowProbe index="35">
    </FlowProbe>
    <FlowProbe index="36">
      <FlowStats  flowId="1" packets="18" bytes="1656" delayFromFirstProbeSum="+2402225099.0ns" >
      </FlowStats>
      <FlowStats  flowId="2" packets="8" bytes="736" delayFromFirstProbeSum="+37201696.0ns" >
      </FlowStats>
      <FlowStats  flowId="3" packets="6" bytes="552" delayFromFirstProbeSum="+27097173.0ns" >
      </FlowStats>
      <FlowStats  flowId="4" packets="11" bytes="1012" delayFromFirstProbeSum="+14079083.0ns" >
      </FlowStats>
      <FlowStats  flowId="6" packets="398" bytes="36616" delayFromFirstProbeSum="+0.0ns" >
      </FlowStats>
    </FlowProbe>
    <FlowProbe index="37">
    </FlowProbe>
    <FlowProbe index="38">
      <FlowStats  flowId="2" packets="8" bytes="736" delayFromFirstProbeSum="+9786408.0ns" >
      </FlowStats>
      <FlowStats  flowId="4" packets="29" bytes="2668" delayFromFirstProbeSum="+36314866.0ns" >
      </FlowStats>
      <FlowStats  flowId="5" packets="398" bytes="36616" delayFromFirstProbeSum="+0.0ns" >
      </FlowStats>
      <FlowStats  flowId="6" packets="7" bytes="644" delayFromFirstProbeSum="+13921277.0ns" >
      </FlowStats>
      <FlowStats  flowId="9" packets="7" bytes="644" delayFromFirstProbeSum="+10257704.0ns" >
      </FlowStats>
    </FlowProbe>
    <FlowProbe index="39">
    </FlowProbe>
    <FlowProbe index="40">
      <FlowStats  flowId="1" packets="7" bytes="644" delayFromFirstProbeSum="+7855380.0ns" >
      </FlowStats>
      <FlowStats  flowId="2" packets="8" bytes="736" delayFromFirstProbeSum="+4073466.0ns" >
      </FlowStats>
      <FlowStats  flowId="3" packets="15" bytes="1380" delayFromFirstProbeSum="+8814654.0ns" >
      </FlowStats>
      <FlowStats  flowId="4" packets="29" bytes="2668" delayFromFirstProbeSum="+18972336.0ns" >
      </FlowStats>
      <FlowStats  flowId="6" packets="8" bytes="736" delayFromFirstProbeSum="+15501846.0ns" >
      </FlowStats>
      <FlowStats  flowId="8" packets="2" bytes="184" delayFromFirstProbeSum="+1804189.0ns" >
      </FlowStats>
    </FlowProbe>
    <FlowProbe index="41">
    </FlowProbe>
    <FlowProbe index="42">
      <FlowStats  flowId="1" packets="19" bytes="1748" delayFromFirstProbeSum="+80354197.0ns" >
      </FlowStats>
      <FlowStats  flowId="8" packets="8" bytes="736" delayFromFirstProbeSum="+5795200.0ns" >
      </FlowStats>
    </FlowProbe>
    <FlowProbe index="43">
    </FlowProbe>
    <FlowProbe index="44">
      <FlowStats  flowId="1" packets="11" bytes="1012" delayFromFirstProbeSum="+52537661.0ns" >
      </FlowStats>
      <FlowStats  flowId="2" packets="1" bytes="92" delayFromFirstProbeSum="+6364803.0ns" >
      </FlowStats>
      <FlowStats  flowId="3" packets="10" bytes="920" delayFromFirstProbeSum="+4320641.0ns" >
      </FlowStats>
      <FlowStats  flowId="4" packets="1" bytes="92" delayFromFirstProbeSum="+9760257.0ns" >
      </FlowStats>
      <FlowStats  flowId="8" packets="1" bytes="92" delayFromFirstProbeSum="+2658875.0ns" >
      </FlowStats>
      <FlowStats  flowId="9" packets="1" bytes="92" delayFromFirstProbeSum="+9059034.0ns" >
      </FlowStats>
    </FlowProbe>
    <FlowProbe index="45">
    </FlowProbe>
    <FlowProbe index="46">
      <FlowStats  flowId="1" packets="16" bytes="1472" delayFromFirstProbeSum="+33152712.0ns" >
      </FlowStats>
      <FlowStats  flowId="2" packets="8" bytes="736" delayFromFirstProbeSum="+6242198.0ns" >
      </FlowStats>
      <FlowStats  flowId="3" packets="27" bytes="2484" delayFromFirstProbeSum="+16019183.0ns" >
      </FlowStats>
      <FlowStats  flowId="4" packets="29" bytes="2668" delayFromFirstProbeSum="+152629825.0ns" >
      </FlowStats>
      <FlowStats  flowId="6" packets="1" bytes="92" delayFromFirstProbeSum="+1639751.0ns" >
      </FlowStats>
      <FlowStats  flowId="7" packets="8" bytes="736" delayFromFirstProbeSum="+4702226.0ns" >
      </FlowStats>
    </FlowProbe>
    <FlowProbe index="47">
    </FlowProbe>
    <FlowProbe index="48">
      <FlowStats  flowId="2" packets="15" bytes="1380" delayFromFirstProbeSum="+14423300.0ns" >
      </FlowStats>
      <FlowStats  flowId="4" packets="16" bytes="1472" delayFromFirstProbeSum="+14635340.0ns" >
      </FlowStats>
      <FlowStats  flowId="6" packets="3" bytes="276" delayFromFirstProbeSum="+1806212439.0ns" >
      </FlowStats>
    </FlowProbe>
    <FlowProbe index="49">
    </FlowProbe>
    <FlowProbe index="50">
      <FlowStats  flowId="1" packets="2" bytes="184" delayFromFirstProbeSum="+1946070.0ns" >
      </FlowStats>
      <FlowStats  flowId="2" packets="14" bytes="1288" delayFromFirstProbeSum="+24082623.0ns" >
      </FlowStats>
      <FlowStats  flowId="3" packets="2" bytes="184" delayFromFirstProbeSum="+14646845.0ns" >
      </FlowStats>
      <FlowStats  flowId="5" packets="7" bytes="644" delayFromFirstProbeSum="+9856989.0ns" >
      </FlowStats>
      <FlowStats  flowId="6" packets="7" bytes="644" delayFromFirstProbeSum="+760733001.0ns" >
      </FlowStats>
      <FlowStats  flowId="9" packets="8" bytes="736" delayFromFirstProbeSum="+17842002.0ns" >
      </FlowStats>
    </FlowProbe>
    <FlowProbe index="51">
    </FlowProbe>
    <FlowProbe index="52">
      <FlowStats  flowId="3" packets="11" bytes="1012" delayFromFirstProbeSum="+88303963.0ns" >
      </FlowStats>
      <FlowStats  flowId="5" packets="7" bytes="644" delayFromFirstProbeSum="+6319797.0ns" >
      </FlowStats>
      <FlowStats  flowId="6" packets="23" bytes="2116" delayFromFirstProbeSum="+20749081.0ns" >
      </FlowStats>
      <FlowStats  flowId="8" packets="1" bytes="92" delayFromFirstProbeSum="+2979295.0ns" >
      </FlowStats>
    </FlowProbe>
    <FlowProbe index="53">
    </FlowProbe>
    <FlowProbe index="54">
      <FlowStats  flowId="1" packets="16" bytes="1472" delayFromFirstProbeSum="+17472682.0ns" >
      </FlowStats>
      <FlowStats  flowId="3" packets="9" bytes="828" delayFromFirstProbeSum="+31564334.0ns" >
      </FlowStats>
      <FlowStats  flowId="4" packets="22" bytes="2024" delayFromFirstProbeSum="+59470143.0ns" >
      </FlowStats>
      <FlowStats  flowId="5" packets="8" bytes="736" delayFromFirstProbeSum="+7765604.0ns" >
      </FlowStats>
      <FlowStats  flowId="6" packets="8" bytes="736" delayFromFirstProbeSum="+4300711.0ns" >
      </FlowStats>
      <FlowStats  flowId="8" packets="1" bytes="92" delayFromFirstProbeSum="+5399580.0ns" >
      </FlowStats>
      <FlowStats  flowId="9" packets="16" bytes="1472" delayFromFirstProbeSum="+8261514.0ns" >
      </FlowStats>
    </FlowProbe>
    <FlowProbe index="55">
    </FlowProbe>
    <FlowProbe index="56">
      <FlowStats  flowId="4" packets="14" bytes="1288" delayFromFirstProbeSum="+2277375323.0ns" >
      </FlowStats>
    </FlowProbe>
    <FlowProbe index="57">
    </FlowProbe>
    <FlowProbe index="58">
      <FlowStats  flowId="3" packets="1" bytes="92" delayFromFirstProbeSum="+10717959.0ns" >
      </FlowStats>
      <FlowStats  flowId="4" packets="2" bytes="184" delayFromFirstProbeSum="+9006287.0ns" >
      </FlowStats>
    </FlowProbe>
    <FlowProbe index="59">
    </FlowProbe>
    <FlowProbe index="60">
      <FlowStats  flowId="1" packets="23" bytes="2116" delayFromFirstProbeSum="+28016134.0ns" >
      </FlowStats>
      <FlowStats  flowId="2" packets="8" bytes="736" delayFromFirstProbeSum="+17243659.0ns" >
      </FlowStats>
      <FlowStats  flowId="4" packets="24" bytes="2208" delayFromFirstProbeSum="+31327343.0ns" >
      </FlowStats>
      <FlowStats  flowId="8" packets="16" bytes="1472" delayFromFirstProbeSum="+12508804.0ns" >
      </FlowStats>
      <FlowStats  flowId="9" packets="1" bytes="92" delayFromFirstProbeSum="+4380087.0ns" >
      </FlowStats>
    </FlowProbe>
    <FlowProbe index="61">
    </FlowProbe>
    <FlowProbe index="62">
      <FlowStats  flowId="1" packets="1" bytes="92" delayFromFirstProbeSum="+9826210.0ns" >
      </FlowStats>
      <FlowStats  flowId="2" packets="8" bytes="736" delayFromFirstProbeSum="+7388745.0ns" >
      </FlowStats>
      <FlowStats  flowId="3" packets="5" bytes="460" delayFromFirstProbeSum="+3511195.0ns" >
      </FlowStats>
      <FlowStats  flowId="4" packets="32" bytes="2944" delayFromFirstProbeSum="+99724228.0ns" >
      </FlowStats>
      <FlowStats  flowId="6" packets="8" bytes="736" delayFromFirstProbeSum="+20790932.0ns" >
      </FlowStats>
      <FlowStats  flowId="8" packets="16" bytes="1472" delayFromFirstProbeSum="+143862707.0ns" >
      </FlowStats>
      <FlowStats  flowId="9" packets="1" bytes="92" delayFromFirstProbeSum="+11219323.0ns" >
      </FlowStats>
    </FlowProbe>
    <FlowProbe index="63">
    </FlowProbe>
    <FlowProbe index="64">
      <FlowStats  flowId="1" packets="1" bytes="92" delayFromFirstProbeSum="+6959001.0ns" >
      </FlowStats>
      <FlowStats  flowId="4" packets="8" bytes="736" delayFromFirstProbeSum="+19542367.0ns" >
      </FlowStats>
      <FlowStats  flowId="8" packets="9" bytes="828" delayFromFirstProbeSum="+8552758.0ns" >
      </FlowStats>
    </FlowProbe>
    <FlowProbe index="65">
    </FlowProbe>
    <FlowProbe index="66">
      <FlowStats  flowId="1" packets="14" bytes="1288" delayFromFirstProbeSum="+11388937.0ns" >
      </FlowStats>
      <FlowStats  flowId="3" packets="13" bytes="1196" delayFromFirstProbeSum="+23018007.0ns" >
      </FlowStats>
      <FlowStats  flowId="4" packets="18" bytes="1656" delayFromFirstProbeSum="+55110678.0ns" >
      </FlowStats>
      <FlowStats  flowId="8" packets="19" bytes="1748" delayFromFirstProbeSum="+28200167.0ns" >
      </FlowStats>
    </FlowProbe>
    <FlowProbe index="67">
    </FlowProbe>
    <FlowProbe index="68">
      <FlowStats  flowId="8" packets="8" bytes="736" delayFromFirstProbeSum="+16132783.0ns" >
      </FlowStats>
    </FlowProbe>
    <FlowProbe index="69">
    </FlowProbe>
    <FlowProbe index="70">
      <FlowStats  flowId="2" packets="23" bytes="2116" delayFromFirstProbeSum="+29266152.0ns" >
      </FlowStats>
      <FlowStats  flowId="4" packets="8" bytes="736" delayFromFirstProbeSum="+33242952.0ns" >
      </FlowStats>
      <FlowStats  flowId="6" packets="7" bytes="644" delayFromFirstProbeSum="+9617559.0ns" >
      </FlowStats>
      <FlowStats  flowId="7" packets="7" bytes="644" delayFromFirstProbeSum="+9040589.0ns" >
      </FlowStats>
    </FlowProbe>
    <FlowProbe index="71">
    </FlowProbe>
    <FlowProbe index="72">
      <FlowStats  flowId="1" packets="1" bytes="92" delayFromFirstProbeSum="+3955162.0ns" >
      </FlowStats>
      <FlowStats  flowId="2" packets="7" bytes="644" delayFromFirstProbeSum="+26746892.0ns" >
      </FlowStats>
      <FlowStats  flowId="3" packets="6" bytes="552" delayFromFirstProbeSum="+11572827.0ns" >
      </FlowStats>
      <FlowStats  flowId="8" packets="1" bytes="92" delayFromFirstProbeSum="+4678485.0ns" >
      </FlowStats>
      <FlowStats  flowId="9" packets="1" bytes="92" delayFromFirstProbeSum="+2455283.0ns" >
      </FlowStats>
    </FlowProbe>
    <FlowProbe index="73">
    </FlowProbe>
    <FlowProbe index="74">
      <FlowStats  flowId="1" packets="1" bytes="92" delayFromFirstProbeSum="+12587044.0ns" >
      </FlowStats>
      <FlowStats  flowId="2" packets="16" bytes="1472" delayFromFirstProbeSum="+10727897.0ns" >
      </FlowStats>
      <FlowStats  flowId="4" packets="10" bytes="920" delayFromFirstProbeSum="+5280492.0ns" >
      </FlowStats>
      <FlowStats  flowId="5" packets="13" bytes="1196" delayFromFirstProbeSum="+2261390294.0ns" >
      </FlowStats>
    </FlowProbe>
    <FlowProbe index="75">
    </FlowProbe>
    <FlowProbe index="76">
      <FlowStats  flowId="8" packets="1" bytes="92" delayFromFirstProbeSum="+10139508.0ns" >
      </FlowStats>
    </FlowProbe>
    <FlowProbe index="77">
    </FlowProbe>
    <FlowProbe index="78">
    </FlowProbe>
    <FlowProbe index="79">
    </FlowProbe>
    <FlowProbe index="80">
      <FlowStats  flowId="1" packets="8" bytes="736" delayFromFirstProbeSum="+21667862.0ns" >
      </FlowStats>
      <FlowStats  flowId="3" packets="10" bytes="920" delayFromFirstProbeSum="+12159068.0ns" >
      </FlowStats>
      <FlowStats  flowId="6" packets="8" bytes="736" delayFromFirstProbeSum="+11157739.0ns" >
      </FlowStats>
      <FlowStats  flowId="7" packets="16" bytes="1472" delayFromFirstProbeSum="+9654307.0ns" >
      </FlowStats>
      <FlowStats  flowId="8" packets="7" bytes="644" delayFromFirstProbeSum="+4276426.0ns" >
      </FlowStats>
    </FlowProbe>
    <FlowProbe index="81">
    </FlowProbe>
    <FlowProbe index="82">
      <FlowStats  flowId="3" packets="1" bytes="92" delayFromFirstProbeSum="+9458578.0ns" >
      </FlowStats>
      <FlowStats  flowId="4" packets="17" bytes="1564" delayFromFirstProbeSum="+47986785.0ns" >
      </FlowStats>
    </FlowProbe>
    <FlowProbe index="83">
    </FlowProbe>
    <FlowProbe index="84">
    </FlowProbe>
    <FlowProbe index="85">
    </FlowProbe>
    <FlowProbe index="86">
    </FlowProbe>
    <FlowProbe index="87">
    </FlowProbe>
    <FlowProbe index="88">
      <FlowStats  flowId="1" packets="1" bytes="92" delayFromFirstProbeSum="+18774134.0ns" >
      </FlowStats>
      <FlowStats  flowId="2" packets="8" bytes="736" delayFromFirstProbeSum="+17877634.0ns" >
      </FlowStats>
      <FlowStats  flowId="4" packets="16" bytes="1472" delayFromFirstProbeSum="+47570183.0ns" >
      </FlowStats>
      <FlowStats  flowId="9" packets="6" bytes="552" delayFromFirstProbeSum="+4132847.0ns" >
      </FlowStats>
    </FlowProbe>
    <FlowProbe index="89">
    </FlowProbe>
    <FlowProbe index="90">
      <FlowStats  flowId="1" packets="2" bytes="184" delayFromFirstProbeSum="+4646482.0ns" >
      </FlowStats>
      <FlowStats  flowId="3" packets="2" bytes="184" delayFromFirstProbeSum="+8065687.0ns" >
      </FlowStats>
      <FlowStats  flowId="4" packets="1" bytes="92" delayFromFirstProbeSum="+8035440.0ns" >
      </FlowStats>
      <FlowStats  flowId="5" packets="1" bytes="92" delayFromFirstProbeSum="+11155253.0ns" >
      </FlowStats>
      <FlowStats  flowId="6" packets="7" bytes="644" delayFromFirstProbeSum="+5545084.0ns" >
      </FlowStats>
    </FlowProbe>
    <FlowProbe index="91">
    </FlowProbe>
    <FlowProbe index="92">
      <FlowStats  flowId="1" packets="8" bytes="736" delayFromFirstProbeSum="+28292292.0ns" >
      </FlowStats>
      <FlowStats  flowId="2" packets="16" bytes="1472" delayFromFirstProbeSum="+32894432.0ns" >
      </FlowStats>
      <FlowStats  flowId="3" packets="38" bytes="3496" delayFromFirstProbeSum="+50039017.0ns" >
      </FlowStats>
      <FlowStats  flowId="4" packets="3" bytes="276" delayFromFirstProbeSum="+11715648.0ns" >
      </FlowStats>
      <FlowStats  flowId="6" packets="1" bytes="92" delayFromFirstProbeSum="+3734132.0ns" >
      </FlowStats>
    </FlowProbe>
    <FlowProbe index="93">
    </FlowProbe>
    <FlowProbe index="94">
      <FlowStats  flowId="1" packets="59" bytes="5428" delayFromFirstProbeSum="+2444701038.0ns" >
      </FlowStats>
      <FlowStats  flowId="4" packets="37" bytes="3404" delayFromFirstProbeSum="+38561317.0ns" >
      </FlowStats>
      <FlowStats  flowId="6" packets="2" bytes="184" delayFromFirstProbeSum="+7235699.0ns" >
      </FlowStats>
      <FlowStats  flowId="7" packets="6" bytes="552" delayFromFirstProbeSum="+9586840.0ns" >
      </FlowStats>
      <FlowStats  flowId="8" packets="7" bytes="644" delayFromFirstProbeSum="+3337909.0ns" >
      </FlowStats>
      <FlowStats  flowId="9" packets="8" bytes="736" delayFromFirstProbeSum="+10465030.0ns" >
      </FlowStats>
    </FlowProbe>
    <FlowProbe index="95">
    </FlowProbe>
    <FlowProbe index="96">
      <FlowStats  flowId="1" packets="23" bytes="2116" delayFromFirstProbeSum="+3870892667.0ns" >
      </FlowStats>
      <FlowStats  flowId="2" packets="7" bytes="644" delayFromFirstProbeSum="+10015418.0ns" >
      </FlowStats>
      <FlowStats  flowId="3" packets="1" bytes="92" delayFromFirstProbeSum="+10384337.0ns" >
      </FlowStats>
      <FlowStats  flowId="6" packets="7" bytes="644" delayFromFirstProbeSum="+10996981.0ns" >
      </FlowStats>
      <FlowStats  flowId="8" packets="7" bytes="644" delayFromFirstProbeSum="+9530860.0ns" >
      </FlowStats>
      <FlowStats  flowId="9" packets="16" bytes="1472" delayFromFirstProbeSum="+14797639.0ns" >
      </FlowStats>
    </FlowProbe>
    <FlowProbe index="97">
    </FlowProbe>
    <FlowProbe index="98">
      <FlowStats  flowId="1" packets="26" bytes="2392" delayFromFirstProbeSum="+94894042.0ns" >
      </FlowStats>
      <FlowStats  flowId="3" packets="2" bytes="184" delayFromFirstProbeSum="+8525940.0ns" >
      </FlowStats>
      <FlowStats  flowId="4" packets="18" bytes="1656" delayFromFirstProbeSum="+16376629.0ns" >
      </FlowStats>
      <FlowStats  flowId="6" packets="25" bytes="2300" delayFromFirstProbeSum="+31924297.0ns" >
      </FlowStats>
      <FlowStats  flowId="7" packets="1" bytes="92" delayFromFirstProbeSum="+6114492.0ns" >
      </FlowStats>
      <FlowStats  flowId="9" packets="8" bytes="736" delayFromFirstProbeSum="+7224066.0ns" >
      </FlowStats>
    </FlowProbe>
    <FlowProbe index="99">
    </FlowProbe>
  </FlowProbes>
</FlowMonitor>
