<?xml version="1.0" ?>
<FlowMonitor>
  <FlowStats>
    <Flow flowId="1" timeFirstTxPacket="+100345527457.0ns" timeFirstRxPacket="+100348030202.0ns" timeLastTxPacket="+199845527457.0ns" timeLastRxPacket="+199845813939.0ns" delaySum="+125197704.0ns" jitterSum="+17000481.0ns" lastDelay="+286482.0ns" txBytes="36708" rxBytes="36708" txPackets="399" rxPackets="399" lostPackets="0" timesForwarded="0">
      <delayHistogram nBins="3" >
        <bin index="0" start="0" width="0.001" count="392" />
        <bin index="1" start="0.001" width="0.001" count="6" />
        <bin index="2" start="0.002" width="0.001" count="1" />
      </delayHistogram>
      <jitterHistogram nBins="3" >
        <bin index="0" start="0" width="0.001" count="395" />
        <bin index="1" start="0.001" width="0.001" count="2" />
        <bin index="2" start="0.002" width="0.001" count="1" />
      </jitterHistogram>
      <packetSizeHistogram nBins="5" >
        <bin index="4" start="80" width="20" count="399" />
      </packetSizeHistogram>
      <flowInterruptionsHistogram nBins="0" >
      </flowInterruptionsHistogram>
    </Flow>
    <Flow flowId="2" timeFirstTxPacket="+100529588904.0ns" timeFirstRxPacket="+100538952528.0ns" timeLastTxPacket="+199779588904.0ns" timeLastRxPacket="+199779875597.0ns" delaySum="+127861132.0ns" jitterSum="+18104691.0ns" lastDelay="+286693.0ns" txBytes="36616" rxBytes="36616" txPackets="398" rxPackets="398" lostPackets="0" timesForwarded="0">
      <delayHistogram nBins="10" >
        <bin index="0" start="0" width="0.001" count="394" />
        <bin index="1" start="0.001" width="0.001" count="3" />
        <bin index="9" start="0.009" width="0.001" count="1" />
      </delayHistogram>
      <jitterHistogram nBins="10" >
        <bin index="0" start="0" width="0.001" count="394" />
        <bin index="1" start="0.001" width="0.001" count="2" />
        <bin index="9" start="0.009" width="0.001" count="1" />
      </jitterHistogram>
      <packetSizeHistogram nBins="5" >
        <bin index="4" start="80" width="20" count="398" />
      </packetSizeHistogram>
      <flowInterruptionsHistogram nBins="0" >
      </flowInterruptionsHistogram>
    </Flow>
    <Flow flowId="3" timeFirstTxPacket="+100547508704.0ns" timeFirstRxPacket="+100558109748.0ns" timeLastTxPacket="+199797508704.0ns" timeLastRxPacket="+199797796219.0ns" delaySum="+129318993.0ns" jitterSum="+19667397.0ns" lastDelay="+287515.0ns" txBytes="36616" rxBytes="36616" txPackets="398" rxPackets="398" lostPackets="0" timesForwarded="0">
      <delayHistogram nBins="11" >
        <bin index="0" start="0" width="0.001" count="394" />
        <bin index="1" start="0.001" width="0.001" count="3" />
        <bin index="10" start="0.01" width="0.001" count="1" />
      </delayHistogram>
      <jitterHistogram nBins="11" >
        <bin index="0" start="0" width="0.001" count="396" />
        <bin index="10" start="0.01" width="0.001" count="1" />
      </jitterHistogram>
      <packetSizeHistogram nBins="5" >
        <bin index="4" start="80" width="20" count="398" />
      </packetSizeHistogram>
      <flowInterruptionsHistogram nBins="0" >
      </flowInterruptionsHistogram>
    </Flow>
    <Flow flowId="4" timeFirstTxPacket="+100579044915.0ns" timeFirstRxPacket="+100588587441.0ns" timeLastTxPacket="+199829044915.0ns" timeLastRxPacket="+199829333279.0ns" delaySum="+125807750.0ns" jitterSum="+13004416.0ns" lastDelay="+288364.0ns" txBytes="36616" rxBytes="36616" txPackets="398" rxPackets="398" lostPackets="0" timesForwarded="0">
      <delayHistogram nBins="10" >
        <bin index="0" start="0" width="0.001" count="396" />
        <bin index="1" start="0.001" width="0.001" count="1" />
        <bin index="9" start="0.009" width="0.001" count="1" />
      </delayHistogram>
      <jitterHistogram nBins="10" >
        <bin index="0" start="0" width="0.001" count="396" />
        <bin index="9" start="0.009" width="0.001" count="1" />
      </jitterHistogram>
      <packetSizeHistogram nBins="5" >
        <bin index="4" start="80" width="20" count="398" />
      </packetSizeHistogram>
      <flowInterruptionsHistogram nBins="0" >
      </flowInterruptionsHistogram>
    </Flow>
    <Flow flowId="5" timeFirstTxPacket="+100584054896.0ns" timeFirstRxPacket="+100593713411.0ns" timeLastTxPacket="+199834054896.0ns" timeLastRxPacket="+199834342266.0ns" delaySum="+127251956.0ns" jitterSum="+16850407.0ns" lastDelay="+287370.0ns" txBytes="36616" rxBytes="36616" txPackets="398" rxPackets="398" lostPackets="0" timesForwarded="0">
      <delayHistogram nBins="10" >
        <bin index="0" start="0" width="0.001" count="395" />
        <bin index="1" start="0.001" width="0.001" count="2" />
        <bin index="9" start="0.009" width="0.001" count="1" />
      </delayHistogram>
      <jitterHistogram nBins="10" >
        <bin index="0" start="0" width="0.001" count="392" />
        <bin index="1" start="0.001" width="0.001" count="4" />
        <bin index="9" start="0.009" width="0.001" count="1" />
      </jitterHistogram>
      <packetSizeHistogram nBins="5" >
        <bin index="4" start="80" width="20" count="398" />
      </packetSizeHistogram>
      <flowInterruptionsHistogram nBins="0" >
      </flowInterruptionsHistogram>
    </Flow>
    <Flow flowId="6" timeFirstTxPacket="+100596832416.0ns" timeFirstRxPacket="+100605272608.0ns" timeLastTxPacket="+199846832416.0ns" timeLastRxPacket="+199847119132.0ns" delaySum="+133933319.0ns" jitterSum="+31269996.0ns" lastDelay="+286716.0ns" txBytes="36616" rxBytes="36616" txPackets="398" rxPackets="398" lostPackets="0" timesForwarded="0">
      <delayHistogram nBins="9" >
        <bin index="0" start="0" width="0.001" count="389" />
        <bin index="1" start="0.001" width="0.001" count="8" />
        <bin index="8" start="0.008" width="0.001" count="1" />
      </delayHistogram>
      <jitterHistogram nBins="9" >
        <bin index="0" start="0" width="0.001" count="394" />
        <bin index="1" start="0.001" width="0.001" count="2" />
        <bin index="8" start="0.008" width="0.001" count="1" />
      </jitterHistogram>
      <packetSizeHistogram nBins="5" >
        <bin index="4" start="80" width="20" count="398" />
      </packetSizeHistogram>
      <flowInterruptionsHistogram nBins="0" >
      </flowInterruptionsHistogram>
    </Flow>
    <Flow flowId="7" timeFirstTxPacket="+100767345429.0ns" timeFirstRxPacket="+100772467190.0ns" timeLastTxPacket="+199767345429.0ns" timeLastRxPacket="+199767631857.0ns" delaySum="+121774553.0ns" jitterSum="+11195619.0ns" lastDelay="+286428.0ns" txBytes="36524" rxBytes="36524" txPackets="397" rxPackets="397" lostPackets="0" timesForwarded="0">
      <delayHistogram nBins="6" >
        <bin index="0" start="0" width="0.001" count="394" />
        <bin index="1" start="0.001" width="0.001" count="2" />
        <bin index="5" start="0.005" width="0.001" count="1" />
      </delayHistogram>
      <jitterHistogram nBins="5" >
        <bin index="0" start="0" width="0.001" count="395" />
        <bin index="4" start="0.004" width="0.001" count="1" />
      </jitterHistogram>
      <packetSizeHistogram nBins="5" >
        <bin index="4" start="80" width="20" count="397" />
      </packetSizeHistogram>
      <flowInterruptionsHistogram nBins="0" >
      </flowInterruptionsHistogram>
    </Flow>
    <Flow flowId="8" timeFirstTxPacket="+100884855346.0ns" timeFirstRxPacket="+100895956060.0ns" timeLastTxPacket="+199884855346.0ns" timeLastRxPacket="+199885142118.0ns" delaySum="+124789684.0ns" jitterSum="+10935708.0ns" lastDelay="+286772.0ns" txBytes="36524" rxBytes="36524" txPackets="397" rxPackets="397" lostPackets="0" timesForwarded="0">
      <delayHistogram nBins="12" >
        <bin index="0" start="0" width="0.001" count="396" />
        <bin index="11" start="0.011" width="0.001" count="1" />
      </delayHistogram>
      <jitterHistogram nBins="11" >
        <bin index="0" start="0" width="0.001" count="395" />
        <bin index="10" start="0.01" width="0.001" count="1" />
      </jitterHistogram>
      <packetSizeHistogram nBins="5" >
        <bin index="4" start="80" width="20" count="397" />
      </packetSizeHistogram>
      <flowInterruptionsHistogram nBins="0" >
      </flowInterruptionsHistogram>
    </Flow>
    <Flow flowId="9" timeFirstTxPacket="+101020734582.0ns" timeFirstRxPacket="+101025574513.0ns" timeLastTxPacket="+199770734582.0ns" timeLastRxPacket="+199771020991.0ns" delaySum="+121257392.0ns" jitterSum="+10789912.0ns" lastDelay="+286409.0ns" txBytes="36432" rxBytes="36432" txPackets="396" rxPackets="396" lostPackets="0" timesForwarded="0">
      <delayHistogram nBins="5" >
        <bin index="0" start="0" width="0.001" count="394" />
        <bin index="1" start="0.001" width="0.001" count="1" />
        <bin index="4" start="0.004" width="0.001" count="1" />
      </delayHistogram>
      <jitterHistogram nBins="5" >
        <bin index="0" start="0" width="0.001" count="394" />
        <bin index="4" start="0.004" width="0.001" count="1" />
      </jitterHistogram>
      <packetSizeHistogram nBins="5" >
        <bin index="4" start="80" width="20" count="396" />
      </packetSizeHistogram>
      <flowInterruptionsHistogram nBins="0" >
      </flowInterruptionsHistogram>
    </Flow>
    <Flow flowId="10" timeFirstTxPacket="+101174626889.0ns" timeFirstRxPacket="+101177725503.0ns" timeLastTxPacket="+199924626889.0ns" timeLastRxPacket="+199924913914.0ns" delaySum="+120136521.0ns" jitterSum="+10498519.0ns" lastDelay="+287025.0ns" txBytes="36432" rxBytes="36432" txPackets="396" rxPackets="396" lostPackets="0" timesForwarded="0">
      <delayHistogram nBins="4" >
        <bin index="0" start="0" width="0.001" count="393" />
        <bin index="1" start="0.001" width="0.001" count="2" />
        <bin index="3" start="0.003" width="0.001" count="1" />
      </delayHistogram>
      <jitterHistogram nBins="3" >
        <bin index="0" start="0" width="0.001" count="392" />
        <bin index="1" start="0.001" width="0.001" count="2" />
        <bin index="2" start="0.002" width="0.001" count="1" />
      </jitterHistogram>
      <packetSizeHistogram nBins="5" >
        <bin index="4" start="80" width="20" count="396" />
      </packetSizeHistogram>
      <flowInterruptionsHistogram nBins="0" >
      </flowInterruptionsHistogram>
    </Flow>
  </FlowStats>
  <Ipv4FlowClassifier>
    <Flow flowId="2" sourceAddress="10.1.1.11" destinationAddress="10.1.1.1" protocol="17" sourcePort="49153" destinationPort="9">
      <Dscp value="0x0" packets="398" />
    </Flow>
    <Flow flowId="7" sourceAddress="10.1.1.12" destinationAddress="10.1.1.2" protocol="17" sourcePort="49153" destinationPort="9">
      <Dscp value="0x0" packets="397" />
    </Flow>
    <Flow flowId="4" sourceAddress="10.1.1.13" destinationAddress="10.1.1.3" protocol="17" sourcePort="49153" destinationPort="9">
      <Dscp value="0x0" packets="398" />
    </Flow>
    <Flow flowId="3" sourceAddress="10.1.1.14" destinationAddress="10.1.1.4" protocol="17" sourcePort="49153" destinationPort="9">
      <Dscp value="0x0" packets="398" />
    </Flow>
    <Flow flowId="1" sourceAddress="10.1.1.15" destinationAddress="10.1.1.5" protocol="17" sourcePort="49153" destinationPort="9">
      <Dscp value="0x0" packets="399" />
    </Flow>
    <Flow flowId="9" sourceAddress="10.1.1.16" destinationAddress="10.1.1.6" protocol="17" sourcePort="49153" destinationPort="9">
      <Dscp value="0x0" packets="396" />
    </Flow>
    <Flow flowId="8" sourceAddress="10.1.1.17" destinationAddress="10.1.1.7" protocol="17" sourcePort="49153" destinationPort="9">
      <Dscp value="0x0" packets="397" />
    </Flow>
    <Flow flowId="10" sourceAddress="10.1.1.18" destinationAddress="10.1.1.8" protocol="17" sourcePort="49153" destinationPort="9">
      <Dscp value="0x0" packets="396" />
    </Flow>
    <Flow flowId="6" sourceAddress="10.1.1.19" destinationAddress="10.1.1.9" protocol="17" sourcePort="49153" destinationPort="9">
      <Dscp value="0x0" packets="398" />
    </Flow>
    <Flow flowId="5" sourceAddress="10.1.1.20" destinationAddress="10.1.1.10" protocol="17" sourcePort="49153" destinationPort="9">
      <Dscp value="0x0" packets="398" />
    </Flow>
  </Ipv4FlowClassifier>
  <Ipv6FlowClassifier>
  </Ipv6FlowClassifier>
  <FlowProbes>
    <FlowProbe index="0">
      <FlowStats  flowId="2" packets="398" bytes="36616" delayFromFirstProbeSum="+127861132.0ns" >
      </FlowStats>
    </FlowProbe>
    <FlowProbe index="1">
    </FlowProbe>
    <FlowProbe index="2">
      <FlowStats  flowId="7" packets="397" bytes="36524" delayFromFirstProbeSum="+121774553.0ns" >
      </FlowStats>
    </FlowProbe>
    <FlowProbe index="3">
    </FlowProbe>
    <FlowProbe index="4">
      <FlowStats  flowId="4" packets="398" bytes="36616" delayFromFirstProbeSum="+125807750.0ns" >
      </FlowStats>
    </FlowProbe>
    <FlowProbe index="5">
    </FlowProbe>
    <FlowProbe index="6">
      <FlowStats  flowId="3" packets="398" bytes="36616" delayFromFirstProbeSum="+129318993.0ns" >
      </FlowStats>
    </FlowProbe>
    <FlowProbe index="7">
    </FlowProbe>
    <FlowProbe index="8">
      <FlowStats  flowId="1" packets="399" bytes="36708" delayFromFirstProbeSum="+125197704.0ns" >
      </FlowStats>
    </FlowProbe>
    <FlowProbe index="9">
    </FlowProbe>
    <FlowProbe index="10">
      <FlowStats  flowId="9" packets="396" bytes="36432" delayFromFirstProbeSum="+121257392.0ns" >
      </FlowStats>
    </FlowProbe>
    <FlowProbe index="11">
    </FlowProbe>
    <FlowProbe index="12">
      <FlowStats  flowId="8" packets="397" bytes="36524" delayFromFirstProbeSum="+124789684.0ns" >
      </FlowStats>
    </FlowProbe>
    <FlowProbe index="13">
    </FlowProbe>
    <FlowProbe index="14">
      <FlowStats  flowId="10" packets="396" bytes="36432" delayFromFirstProbeSum="+120136521.0ns" >
      </FlowStats>
    </FlowProbe>
    <FlowProbe index="15">
    </FlowProbe>
    <FlowProbe index="16">
      <FlowStats  flowId="6" packets="398" bytes="36616" delayFromFirstProbeSum="+133933319.0ns" >
      </FlowStats>
    </FlowProbe>
    <FlowProbe index="17">
    </FlowProbe>
    <FlowProbe index="18">
      <FlowStats  flowId="5" packets="398" bytes="36616" delayFromFirstProbeSum="+127251956.0ns" >
      </FlowStats>
    </FlowProbe>
    <FlowProbe index="19">
    </FlowProbe>
    <FlowProbe index="20">
      <FlowStats  flowId="2" packets="398" bytes="36616" delayFromFirstProbeSum="+0.0ns" >
      </FlowStats>
    </FlowProbe>
    <FlowProbe index="21">
    </FlowProbe>
    <FlowProbe index="22">
      <FlowStats  flowId="7" packets="397" bytes="36524" delayFromFirstProbeSum="+0.0ns" >
      </FlowStats>
    </FlowProbe>
    <FlowProbe index="23">
    </FlowProbe>
    <FlowProbe index="24">
      <FlowStats  flowId="4" packets="398" bytes="36616" delayFromFirstProbeSum="+0.0ns" >
      </FlowStats>
    </FlowProbe>
    <FlowProbe index="25">
    </FlowProbe>
    <FlowProbe index="26">
      <FlowStats  flowId="3" packets="398" bytes="36616" delayFromFirstProbeSum="+0.0ns" >
      </FlowStats>
    </FlowProbe>
    <FlowProbe index="27">
    </FlowProbe>
    <FlowProbe index="28">
      <FlowStats  flowId="1" packets="399" bytes="36708" delayFromFirstProbeSum="+0.0ns" >
      </FlowStats>
    </FlowProbe>
    <FlowProbe index="29">
    </FlowProbe>
    <FlowProbe index="30">
      <FlowStats  flowId="9" packets="396" bytes="36432" delayFromFirstProbeSum="+0.0ns" >
      </FlowStats>
    </FlowProbe>
    <FlowProbe index="31">
    </FlowProbe>
    <FlowProbe index="32">
      <FlowStats  flowId="8" packets="397" bytes="36524" delayFromFirstProbeSum="+0.0ns" >
      </FlowStats>
    </FlowProbe>
    <FlowProbe index="33">
    </FlowProbe>
    <FlowProbe index="34">
      <FlowStats  flowId="10" packets="396" bytes="36432" delayFromFirstProbeSum="+0.0ns" >
      </FlowStats>
    </FlowProbe>
    <FlowProbe index="35">
    </FlowProbe>
    <FlowProbe index="36">
      <FlowStats  flowId="6" packets="398" bytes="36616" delayFromFirstProbeSum="+0.0ns" >
      </FlowStats>
    </FlowProbe>
    <FlowProbe index="37">
    </FlowProbe>
    <FlowProbe index="38">
      <FlowStats  flowId="5" packets="398" bytes="36616" delayFromFirstProbeSum="+0.0ns" >
      </FlowStats>
    </FlowProbe>
    <FlowProbe index="39">
    </FlowProbe>
    <FlowProbe index="40">
    </FlowProbe>
    <FlowProbe index="41">
    </FlowProbe>
    <FlowProbe index="42">
    </FlowProbe>
    <FlowProbe index="43">
    </FlowProbe>
    <FlowProbe index="44">
    </FlowProbe>
    <FlowProbe index="45">
    </FlowProbe>
    <FlowProbe index="46">
    </FlowProbe>
    <FlowProbe index="47">
    </FlowProbe>
    <FlowProbe index="48">
    </FlowProbe>
    <FlowProbe index="49">
    </FlowProbe>
    <FlowProbe index="50">
    </FlowProbe>
    <FlowProbe index="51">
    </FlowProbe>
    <FlowProbe index="52">
    </FlowProbe>
    <FlowProbe index="53">
    </FlowProbe>
    <FlowProbe index="54">
    </FlowProbe>
    <FlowProbe index="55">
    </FlowProbe>
    <FlowProbe index="56">
    </FlowProbe>
    <FlowProbe index="57">
    </FlowProbe>
    <FlowProbe index="58">
    </FlowProbe>
    <FlowProbe index="59">
    </FlowProbe>
    <FlowProbe index="60">
    </FlowProbe>
    <FlowProbe index="61">
    </FlowProbe>
    <FlowProbe index="62">
    </FlowProbe>
    <FlowProbe index="63">
    </FlowProbe>
    <FlowProbe index="64">
    </FlowProbe>
    <FlowProbe index="65">
    </FlowProbe>
    <FlowProbe index="66">
    </FlowProbe>
    <FlowProbe index="67">
    </FlowProbe>
    <FlowProbe index="68">
    </FlowProbe>
    <FlowProbe index="69">
    </FlowProbe>
    <FlowProbe index="70">
    </FlowProbe>
    <FlowProbe index="71">
    </FlowProbe>
    <FlowProbe index="72">
    </FlowProbe>
    <FlowProbe index="73">
    </FlowProbe>
    <FlowProbe index="74">
    </FlowProbe>
    <FlowProbe index="75">
    </FlowProbe>
    <FlowProbe index="76">
    </FlowProbe>
    <FlowProbe index="77">
    </FlowProbe>
    <FlowProbe index="78">
    </FlowProbe>
    <FlowProbe index="79">
    </FlowProbe>
    <FlowProbe index="80">
    </FlowProbe>
    <FlowProbe index="81">
    </FlowProbe>
    <FlowProbe index="82">
    </FlowProbe>
    <FlowProbe index="83">
    </FlowProbe>
    <FlowProbe index="84">
    </FlowProbe>
    <FlowProbe index="85">
    </FlowProbe>
    <FlowProbe index="86">
    </FlowProbe>
    <FlowProbe index="87">
    </FlowProbe>
    <FlowProbe index="88">
    </FlowProbe>
    <FlowProbe index="89">
    </FlowProbe>
    <FlowProbe index="90">
    </FlowProbe>
    <FlowProbe index="91">
    </FlowProbe>
    <FlowProbe index="92">
    </FlowProbe>
    <FlowProbe index="93">
    </FlowProbe>
    <FlowProbe index="94">
    </FlowProbe>
    <FlowProbe index="95">
    </FlowProbe>
    <FlowProbe index="96">
    </FlowProbe>
    <FlowProbe index="97">
    </FlowProbe>
    <FlowProbe index="98">
    </FlowProbe>
    <FlowProbe index="99">
    </FlowProbe>
  </FlowProbes>
</FlowMonitor>
