<?xml version="1.0" ?>
<FlowMonitor>
  <FlowStats>
    <Flow flowId="1" timeFirstTxPacket="+100262972061.0ns" timeFirstRxPacket="+100267809796.0ns" timeLastTxPacket="+199762972061.0ns" timeLastRxPacket="+199763258517.0ns" delaySum="+8738151913.0ns" jitterSum="+11984364419.0ns" lastDelay="+286456.0ns" txBytes="36708" rxBytes="32568" txPackets="399" rxPackets="354" lostPackets="45" timesForwarded="193">
      <delayHistogram nBins="2015" >
        <bin index="0" start="0" width="0.001" count="212" />
        <bin index="1" start="0.001" width="0.001" count="31" />
        <bin index="2" start="0.002" width="0.001" count="31" />
        <bin index="3" start="0.003" width="0.001" count="15" />
        <bin index="4" start="0.004" width="0.001" count="5" />
        <bin index="5" start="0.005" width="0.001" count="9" />
        <bin index="6" start="0.006" width="0.001" count="4" />
        <bin index="7" start="0.007" width="0.001" count="8" />
        <bin index="8" start="0.008" width="0.001" count="4" />
        <bin index="9" start="0.009" width="0.001" count="2" />
        <bin index="11" start="0.011" width="0.001" count="2" />
        <bin index="12" start="0.012" width="0.001" count="1" />
        <bin index="13" start="0.013" width="0.001" count="1" />
        <bin index="17" start="0.017" width="0.001" count="4" />
        <bin index="18" start="0.018" width="0.001" count="1" />
        <bin index="24" start="0.024" width="0.001" count="1" />
        <bin index="27" start="0.027" width="0.001" count="1" />
        <bin index="35" start="0.035" width="0.001" count="1" />
        <bin index="36" start="0.036" width="0.001" count="1" />
        <bin index="37" start="0.037" width="0.001" count="1" />
        <bin index="41" start="0.041" width="0.001" count="1" />
        <bin index="42" start="0.042" width="0.001" count="2" />
        <bin index="44" start="0.044" width="0.001" count="2" />
        <bin index="52" start="0.052" width="0.001" count="1" />
        <bin index="58" start="0.058" width="0.001" count="1" />
        <bin index="110" start="0.11" width="0.001" count="1" />
        <bin index="137" start="0.137" width="0.001" count="1" />
        <bin index="171" start="0.171" width="0.001" count="1" />
        <bin index="235" start="0.235" width="0.001" count="1" />
        <bin index="318" start="0.318" width="0.001" count="1" />
        <bin index="515" start="0.515" width="0.001" count="1" />
        <bin index="577" start="0.577" width="0.001" count="1" />
        <bin index="765" start="0.765" width="0.001" count="1" />
        <bin index="792" start="0.792" width="0.001" count="1" />
        <bin index="1012" start="1.012" width="0.001" count="1" />
        <bin index="1014" start="1.014" width="0.001" count="1" />
        <bin index="2014" start="2.014" width="0.001" count="1" />
      </delayHistogram>
      <jitterHistogram nBins="2013" >
        <bin index="0" start="0" width="0.001" count="240" />
        <bin index="1" start="0.001" width="0.001" count="17" />
        <bin index="2" start="0.002" width="0.001" count="14" />
        <bin index="3" start="0.003" width="0.001" count="11" />
        <bin index="4" start="0.004" width="0.001" count="10" />
        <bin index="5" start="0.005" width="0.001" count="6" />
        <bin index="6" start="0.006" width="0.001" count="4" />
        <bin index="7" start="0.007" width="0.001" count="2" />
        <bin index="9" start="0.009" width="0.001" count="3" />
        <bin index="10" start="0.01" width="0.001" count="3" />
        <bin index="11" start="0.011" width="0.001" count="1" />
        <bin index="12" start="0.012" width="0.001" count="2" />
        <bin index="13" start="0.013" width="0.001" count="1" />
        <bin index="14" start="0.014" width="0.001" count="1" />
        <bin index="15" start="0.015" width="0.001" count="3" />
        <bin index="16" start="0.016" width="0.001" count="1" />
        <bin index="21" start="0.021" width="0.001" count="1" />
        <bin index="22" start="0.022" width="0.001" count="1" />
        <bin index="27" start="0.027" width="0.001" count="1" />
        <bin index="30" start="0.03" width="0.001" count="1" />
        <bin index="32" start="0.032" width="0.001" count="2" />
        <bin index="34" start="0.034" width="0.001" count="2" />
        <bin index="35" start="0.035" width="0.001" count="1" />
        <bin index="39" start="0.039" width="0.001" count="2" />
        <bin index="42" start="0.042" width="0.001" count="1" />
        <bin index="50" start="0.05" width="0.001" count="2" />
        <bin index="57" start="0.057" width="0.001" count="1" />
        <bin index="64" start="0.064" width="0.001" count="1" />
        <bin index="110" start="0.11" width="0.001" count="1" />
        <bin index="135" start="0.135" width="0.001" count="1" />
        <bin index="137" start="0.137" width="0.001" count="1" />
        <bin index="168" start="0.168" width="0.001" count="1" />
        <bin index="207" start="0.207" width="0.001" count="1" />
        <bin index="215" start="0.215" width="0.001" count="1" />
        <bin index="234" start="0.234" width="0.001" count="1" />
        <bin index="249" start="0.249" width="0.001" count="2" />
        <bin index="318" start="0.318" width="0.001" count="1" />
        <bin index="513" start="0.513" width="0.001" count="1" />
        <bin index="559" start="0.559" width="0.001" count="1" />
        <bin index="789" start="0.789" width="0.001" count="1" />
        <bin index="1009" start="1.009" width="0.001" count="1" />
        <bin index="1010" start="1.01" width="0.001" count="1" />
        <bin index="1013" start="1.013" width="0.001" count="1" />
        <bin index="2010" start="2.01" width="0.001" count="1" />
        <bin index="2012" start="2.012" width="0.001" count="1" />
      </jitterHistogram>
      <packetSizeHistogram nBins="5" >
        <bin index="4" start="80" width="20" count="354" />
      </packetSizeHistogram>
      <flowInterruptionsHistogram nBins="30" >
        <bin index="2" start="0.5" width="0.25" count="6" />
        <bin index="3" start="0.75" width="0.25" count="3" />
        <bin index="4" start="1" width="0.25" count="1" />
        <bin index="5" start="1.25" width="0.25" count="1" />
        <bin index="29" start="7.25" width="0.25" count="1" />
      </flowInterruptionsHistogram>
    </Flow>
    <Flow flowId="2" timeFirstTxPacket="+100297447400.0ns" timeFirstRxPacket="+100299265819.0ns" timeLastTxPacket="+199797447400.0ns" timeLastRxPacket="+199797734376.0ns" delaySum="+1618151528.0ns" jitterSum="+2647255351.0ns" lastDelay="+286976.0ns" txBytes="36708" rxBytes="36616" txPackets="399" rxPackets="398" lostPackets="1" timesForwarded="0">
      <delayHistogram nBins="206" >
        <bin index="0" start="0" width="0.001" count="275" />
        <bin index="1" start="0.001" width="0.001" count="54" />
        <bin index="2" start="0.002" width="0.001" count="12" />
        <bin index="3" start="0.003" width="0.001" count="13" />
        <bin index="4" start="0.004" width="0.001" count="10" />
        <bin index="5" start="0.005" width="0.001" count="2" />
        <bin index="6" start="0.006" width="0.001" count="4" />
        <bin index="7" start="0.007" width="0.001" count="4" />
        <bin index="8" start="0.008" width="0.001" count="2" />
        <bin index="9" start="0.009" width="0.001" count="3" />
        <bin index="10" start="0.01" width="0.001" count="1" />
        <bin index="13" start="0.013" width="0.001" count="1" />
        <bin index="14" start="0.014" width="0.001" count="1" />
        <bin index="18" start="0.018" width="0.001" count="1" />
        <bin index="20" start="0.02" width="0.001" count="1" />
        <bin index="23" start="0.023" width="0.001" count="1" />
        <bin index="28" start="0.028" width="0.001" count="2" />
        <bin index="31" start="0.031" width="0.001" count="2" />
        <bin index="32" start="0.032" width="0.001" count="1" />
        <bin index="50" start="0.05" width="0.001" count="1" />
        <bin index="54" start="0.054" width="0.001" count="1" />
        <bin index="74" start="0.074" width="0.001" count="1" />
        <bin index="114" start="0.114" width="0.001" count="1" />
        <bin index="124" start="0.124" width="0.001" count="1" />
        <bin index="144" start="0.144" width="0.001" count="1" />
        <bin index="202" start="0.202" width="0.001" count="1" />
        <bin index="205" start="0.205" width="0.001" count="1" />
      </delayHistogram>
      <jitterHistogram nBins="206" >
        <bin index="0" start="0" width="0.001" count="241" />
        <bin index="1" start="0.001" width="0.001" count="61" />
        <bin index="2" start="0.002" width="0.001" count="15" />
        <bin index="3" start="0.003" width="0.001" count="13" />
        <bin index="4" start="0.004" width="0.001" count="11" />
        <bin index="5" start="0.005" width="0.001" count="4" />
        <bin index="6" start="0.006" width="0.001" count="5" />
        <bin index="7" start="0.007" width="0.001" count="6" />
        <bin index="8" start="0.008" width="0.001" count="3" />
        <bin index="9" start="0.009" width="0.001" count="5" />
        <bin index="12" start="0.012" width="0.001" count="1" />
        <bin index="14" start="0.014" width="0.001" count="2" />
        <bin index="16" start="0.016" width="0.001" count="2" />
        <bin index="18" start="0.018" width="0.001" count="1" />
        <bin index="20" start="0.02" width="0.001" count="2" />
        <bin index="21" start="0.021" width="0.001" count="1" />
        <bin index="23" start="0.023" width="0.001" count="1" />
        <bin index="24" start="0.024" width="0.001" count="1" />
        <bin index="27" start="0.027" width="0.001" count="1" />
        <bin index="28" start="0.028" width="0.001" count="3" />
        <bin index="30" start="0.03" width="0.001" count="2" />
        <bin index="41" start="0.041" width="0.001" count="1" />
        <bin index="48" start="0.048" width="0.001" count="1" />
        <bin index="49" start="0.049" width="0.001" count="1" />
        <bin index="54" start="0.054" width="0.001" count="2" />
        <bin index="71" start="0.071" width="0.001" count="1" />
        <bin index="105" start="0.105" width="0.001" count="1" />
        <bin index="114" start="0.114" width="0.001" count="1" />
        <bin index="120" start="0.12" width="0.001" count="1" />
        <bin index="124" start="0.124" width="0.001" count="1" />
        <bin index="144" start="0.144" width="0.001" count="2" />
        <bin index="171" start="0.171" width="0.001" count="1" />
        <bin index="200" start="0.2" width="0.001" count="1" />
        <bin index="201" start="0.201" width="0.001" count="1" />
        <bin index="205" start="0.205" width="0.001" count="1" />
      </jitterHistogram>
      <packetSizeHistogram nBins="5" >
        <bin index="4" start="80" width="20" count="398" />
      </packetSizeHistogram>
      <flowInterruptionsHistogram nBins="0" >
      </flowInterruptionsHistogram>
    </Flow>
    <Flow flowId="3" timeFirstTxPacket="+100418936967.0ns" timeFirstRxPacket="+100424576011.0ns" timeLastTxPacket="+199918936967.0ns" timeLastRxPacket="+199919223497.0ns" delaySum="+4952900887.0ns" jitterSum="+6827849522.0ns" lastDelay="+286530.0ns" txBytes="36708" rxBytes="21068" txPackets="399" rxPackets="229" lostPackets="170" timesForwarded="183">
      <delayHistogram nBins="1249" >
        <bin index="0" start="0" width="0.001" count="58" />
        <bin index="1" start="0.001" width="0.001" count="79" />
        <bin index="2" start="0.002" width="0.001" count="25" />
        <bin index="3" start="0.003" width="0.001" count="13" />
        <bin index="4" start="0.004" width="0.001" count="6" />
        <bin index="5" start="0.005" width="0.001" count="5" />
        <bin index="6" start="0.006" width="0.001" count="4" />
        <bin index="7" start="0.007" width="0.001" count="3" />
        <bin index="8" start="0.008" width="0.001" count="2" />
        <bin index="9" start="0.009" width="0.001" count="5" />
        <bin index="10" start="0.01" width="0.001" count="3" />
        <bin index="11" start="0.011" width="0.001" count="2" />
        <bin index="13" start="0.013" width="0.001" count="1" />
        <bin index="14" start="0.014" width="0.001" count="1" />
        <bin index="15" start="0.015" width="0.001" count="1" />
        <bin index="18" start="0.018" width="0.001" count="1" />
        <bin index="19" start="0.019" width="0.001" count="1" />
        <bin index="21" start="0.021" width="0.001" count="1" />
        <bin index="27" start="0.027" width="0.001" count="1" />
        <bin index="28" start="0.028" width="0.001" count="1" />
        <bin index="33" start="0.033" width="0.001" count="1" />
        <bin index="34" start="0.034" width="0.001" count="1" />
        <bin index="41" start="0.041" width="0.001" count="1" />
        <bin index="43" start="0.043" width="0.001" count="1" />
        <bin index="46" start="0.046" width="0.001" count="1" />
        <bin index="47" start="0.047" width="0.001" count="1" />
        <bin index="63" start="0.063" width="0.001" count="1" />
        <bin index="72" start="0.072" width="0.001" count="1" />
        <bin index="209" start="0.209" width="0.001" count="1" />
        <bin index="246" start="0.246" width="0.001" count="1" />
        <bin index="312" start="0.312" width="0.001" count="1" />
        <bin index="329" start="0.329" width="0.001" count="1" />
        <bin index="359" start="0.359" width="0.001" count="1" />
        <bin index="448" start="0.448" width="0.001" count="1" />
        <bin index="791" start="0.791" width="0.001" count="1" />
        <bin index="1248" start="1.248" width="0.001" count="1" />
      </delayHistogram>
      <jitterHistogram nBins="1230" >
        <bin index="0" start="0" width="0.001" count="112" />
        <bin index="1" start="0.001" width="0.001" count="31" />
        <bin index="2" start="0.002" width="0.001" count="10" />
        <bin index="3" start="0.003" width="0.001" count="8" />
        <bin index="4" start="0.004" width="0.001" count="5" />
        <bin index="5" start="0.005" width="0.001" count="6" />
        <bin index="6" start="0.006" width="0.001" count="5" />
        <bin index="7" start="0.007" width="0.001" count="3" />
        <bin index="8" start="0.008" width="0.001" count="4" />
        <bin index="9" start="0.009" width="0.001" count="1" />
        <bin index="10" start="0.01" width="0.001" count="2" />
        <bin index="12" start="0.012" width="0.001" count="2" />
        <bin index="13" start="0.013" width="0.001" count="2" />
        <bin index="14" start="0.014" width="0.001" count="1" />
        <bin index="16" start="0.016" width="0.001" count="1" />
        <bin index="17" start="0.017" width="0.001" count="2" />
        <bin index="18" start="0.018" width="0.001" count="1" />
        <bin index="19" start="0.019" width="0.001" count="1" />
        <bin index="24" start="0.024" width="0.001" count="3" />
        <bin index="29" start="0.029" width="0.001" count="2" />
        <bin index="30" start="0.03" width="0.001" count="1" />
        <bin index="32" start="0.032" width="0.001" count="1" />
        <bin index="36" start="0.036" width="0.001" count="1" />
        <bin index="37" start="0.037" width="0.001" count="2" />
        <bin index="38" start="0.038" width="0.001" count="1" />
        <bin index="40" start="0.04" width="0.001" count="2" />
        <bin index="41" start="0.041" width="0.001" count="1" />
        <bin index="46" start="0.046" width="0.001" count="2" />
        <bin index="59" start="0.059" width="0.001" count="1" />
        <bin index="71" start="0.071" width="0.001" count="1" />
        <bin index="209" start="0.209" width="0.001" count="1" />
        <bin index="245" start="0.245" width="0.001" count="1" />
        <bin index="249" start="0.249" width="0.001" count="1" />
        <bin index="311" start="0.311" width="0.001" count="1" />
        <bin index="329" start="0.329" width="0.001" count="2" />
        <bin index="353" start="0.353" width="0.001" count="1" />
        <bin index="354" start="0.354" width="0.001" count="1" />
        <bin index="375" start="0.375" width="0.001" count="1" />
        <bin index="445" start="0.445" width="0.001" count="1" />
        <bin index="456" start="0.456" width="0.001" count="1" />
        <bin index="789" start="0.789" width="0.001" count="1" />
        <bin index="1229" start="1.229" width="0.001" count="1" />
      </jitterHistogram>
      <packetSizeHistogram nBins="5" >
        <bin index="4" start="80" width="20" count="229" />
      </packetSizeHistogram>
      <flowInterruptionsHistogram nBins="62" >
        <bin index="2" start="0.5" width="0.25" count="9" />
        <bin index="3" start="0.75" width="0.25" count="3" />
        <bin index="36" start="9" width="0.25" count="1" />
        <bin index="56" start="14" width="0.25" count="1" />
        <bin index="61" start="15.25" width="0.25" count="1" />
      </flowInterruptionsHistogram>
    </Flow>
    <Flow flowId="4" timeFirstTxPacket="+100475964702.0ns" timeFirstRxPacket="+105519014730.0ns" timeLastTxPacket="+199975964702.0ns" timeLastRxPacket="+199976251514.0ns" delaySum="+13306200164.0ns" jitterSum="+12739177370.0ns" lastDelay="+286812.0ns" txBytes="36708" rxBytes="27140" txPackets="399" rxPackets="295" lostPackets="104" timesForwarded="214">
      <delayHistogram nBins="3032" >
        <bin index="0" start="0" width="0.001" count="148" />
        <bin index="1" start="0.001" width="0.001" count="70" />
        <bin index="2" start="0.002" width="0.001" count="33" />
        <bin index="3" start="0.003" width="0.001" count="12" />
        <bin index="4" start="0.004" width="0.001" count="7" />
        <bin index="5" start="0.005" width="0.001" count="3" />
        <bin index="7" start="0.007" width="0.001" count="1" />
        <bin index="8" start="0.008" width="0.001" count="1" />
        <bin index="15" start="0.015" width="0.001" count="1" />
        <bin index="17" start="0.017" width="0.001" count="2" />
        <bin index="19" start="0.019" width="0.001" count="1" />
        <bin index="25" start="0.025" width="0.001" count="1" />
        <bin index="58" start="0.058" width="0.001" count="1" />
        <bin index="153" start="0.153" width="0.001" count="1" />
        <bin index="179" start="0.179" width="0.001" count="1" />
        <bin index="265" start="0.265" width="0.001" count="1" />
        <bin index="293" start="0.293" width="0.001" count="1" />
        <bin index="503" start="0.503" width="0.001" count="1" />
        <bin index="508" start="0.508" width="0.001" count="1" />
        <bin index="752" start="0.752" width="0.001" count="1" />
        <bin index="757" start="0.757" width="0.001" count="1" />
        <bin index="781" start="0.781" width="0.001" count="1" />
        <bin index="1001" start="1.001" width="0.001" count="1" />
        <bin index="1006" start="1.006" width="0.001" count="1" />
        <bin index="1023" start="1.023" width="0.001" count="1" />
        <bin index="2557" start="2.557" width="0.001" count="1" />
        <bin index="3031" start="3.031" width="0.001" count="1" />
      </delayHistogram>
      <jitterHistogram nBins="3030" >
        <bin index="0" start="0" width="0.001" count="215" />
        <bin index="1" start="0.001" width="0.001" count="30" />
        <bin index="2" start="0.002" width="0.001" count="10" />
        <bin index="3" start="0.003" width="0.001" count="4" />
        <bin index="4" start="0.004" width="0.001" count="4" />
        <bin index="5" start="0.005" width="0.001" count="1" />
        <bin index="7" start="0.007" width="0.001" count="1" />
        <bin index="11" start="0.011" width="0.001" count="1" />
        <bin index="12" start="0.012" width="0.001" count="1" />
        <bin index="13" start="0.013" width="0.001" count="1" />
        <bin index="15" start="0.015" width="0.001" count="1" />
        <bin index="16" start="0.016" width="0.001" count="3" />
        <bin index="17" start="0.017" width="0.001" count="2" />
        <bin index="57" start="0.057" width="0.001" count="1" />
        <bin index="95" start="0.095" width="0.001" count="1" />
        <bin index="153" start="0.153" width="0.001" count="1" />
        <bin index="154" start="0.154" width="0.001" count="1" />
        <bin index="179" start="0.179" width="0.001" count="1" />
        <bin index="241" start="0.241" width="0.001" count="1" />
        <bin index="249" start="0.249" width="0.001" count="4" />
        <bin index="264" start="0.264" width="0.001" count="1" />
        <bin index="474" start="0.474" width="0.001" count="1" />
        <bin index="502" start="0.502" width="0.001" count="1" />
        <bin index="507" start="0.507" width="0.001" count="1" />
        <bin index="730" start="0.73" width="0.001" count="1" />
        <bin index="741" start="0.741" width="0.001" count="1" />
        <bin index="778" start="0.778" width="0.001" count="1" />
        <bin index="1001" start="1.001" width="0.001" count="1" />
        <bin index="2554" start="2.554" width="0.001" count="1" />
        <bin index="3029" start="3.029" width="0.001" count="1" />
      </jitterHistogram>
      <packetSizeHistogram nBins="5" >
        <bin index="4" start="80" width="20" count="295" />
      </packetSizeHistogram>
      <flowInterruptionsHistogram nBins="64" >
        <bin index="2" start="0.5" width="0.25" count="1" />
        <bin index="3" start="0.75" width="0.25" count="2" />
        <bin index="6" start="1.5" width="0.25" count="1" />
        <bin index="14" start="3.5" width="0.25" count="1" />
        <bin index="63" start="15.75" width="0.25" count="1" />
      </flowInterruptionsHistogram>
    </Flow>
    <Flow flowId="5" timeFirstTxPacket="+100629015501.0ns" timeFirstRxPacket="+100637974121.0ns" timeLastTxPacket="+199879015501.0ns" timeLastRxPacket="+195178307959.0ns" delaySum="+3833839035.0ns" jitterSum="+4611547222.0ns" lastDelay="+49292458.0ns" txBytes="36616" rxBytes="28520" txPackets="398" rxPackets="310" lostPackets="69" timesForwarded="57">
      <delayHistogram nBins="1006" >
        <bin index="0" start="0" width="0.001" count="226" />
        <bin index="1" start="0.001" width="0.001" count="29" />
        <bin index="2" start="0.002" width="0.001" count="13" />
        <bin index="3" start="0.003" width="0.001" count="8" />
        <bin index="4" start="0.004" width="0.001" count="3" />
        <bin index="5" start="0.005" width="0.001" count="4" />
        <bin index="7" start="0.007" width="0.001" count="1" />
        <bin index="8" start="0.008" width="0.001" count="2" />
        <bin index="9" start="0.009" width="0.001" count="1" />
        <bin index="11" start="0.011" width="0.001" count="1" />
        <bin index="13" start="0.013" width="0.001" count="1" />
        <bin index="14" start="0.014" width="0.001" count="1" />
        <bin index="15" start="0.015" width="0.001" count="1" />
        <bin index="16" start="0.016" width="0.001" count="1" />
        <bin index="18" start="0.018" width="0.001" count="1" />
        <bin index="19" start="0.019" width="0.001" count="1" />
        <bin index="20" start="0.02" width="0.001" count="1" />
        <bin index="21" start="0.021" width="0.001" count="1" />
        <bin index="24" start="0.024" width="0.001" count="1" />
        <bin index="28" start="0.028" width="0.001" count="1" />
        <bin index="36" start="0.036" width="0.001" count="1" />
        <bin index="49" start="0.049" width="0.001" count="1" />
        <bin index="65" start="0.065" width="0.001" count="1" />
        <bin index="71" start="0.071" width="0.001" count="1" />
        <bin index="92" start="0.092" width="0.001" count="1" />
        <bin index="108" start="0.108" width="0.001" count="1" />
        <bin index="163" start="0.163" width="0.001" count="1" />
        <bin index="257" start="0.257" width="0.001" count="1" />
        <bin index="378" start="0.378" width="0.001" count="1" />
        <bin index="401" start="0.401" width="0.001" count="1" />
        <bin index="756" start="0.756" width="0.001" count="1" />
        <bin index="1005" start="1.005" width="0.001" count="1" />
      </delayHistogram>
      <jitterHistogram nBins="897" >
        <bin index="0" start="0" width="0.001" count="230" />
        <bin index="1" start="0.001" width="0.001" count="21" />
        <bin index="2" start="0.002" width="0.001" count="5" />
        <bin index="3" start="0.003" width="0.001" count="8" />
        <bin index="4" start="0.004" width="0.001" count="8" />
        <bin index="7" start="0.007" width="0.001" count="1" />
        <bin index="8" start="0.008" width="0.001" count="3" />
        <bin index="9" start="0.009" width="0.001" count="1" />
        <bin index="10" start="0.01" width="0.001" count="1" />
        <bin index="12" start="0.012" width="0.001" count="1" />
        <bin index="13" start="0.013" width="0.001" count="2" />
        <bin index="14" start="0.014" width="0.001" count="1" />
        <bin index="15" start="0.015" width="0.001" count="2" />
        <bin index="17" start="0.017" width="0.001" count="1" />
        <bin index="18" start="0.018" width="0.001" count="2" />
        <bin index="22" start="0.022" width="0.001" count="1" />
        <bin index="23" start="0.023" width="0.001" count="1" />
        <bin index="25" start="0.025" width="0.001" count="1" />
        <bin index="27" start="0.027" width="0.001" count="1" />
        <bin index="33" start="0.033" width="0.001" count="1" />
        <bin index="36" start="0.036" width="0.001" count="1" />
        <bin index="48" start="0.048" width="0.001" count="1" />
        <bin index="65" start="0.065" width="0.001" count="1" />
        <bin index="71" start="0.071" width="0.001" count="1" />
        <bin index="85" start="0.085" width="0.001" count="1" />
        <bin index="92" start="0.092" width="0.001" count="1" />
        <bin index="97" start="0.097" width="0.001" count="1" />
        <bin index="108" start="0.108" width="0.001" count="1" />
        <bin index="163" start="0.163" width="0.001" count="1" />
        <bin index="249" start="0.249" width="0.001" count="1" />
        <bin index="254" start="0.254" width="0.001" count="1" />
        <bin index="306" start="0.306" width="0.001" count="1" />
        <bin index="378" start="0.378" width="0.001" count="1" />
        <bin index="401" start="0.401" width="0.001" count="2" />
        <bin index="499" start="0.499" width="0.001" count="1" />
        <bin index="896" start="0.896" width="0.001" count="1" />
      </jitterHistogram>
      <packetSizeHistogram nBins="5" >
        <bin index="4" start="80" width="20" count="310" />
      </packetSizeHistogram>
      <flowInterruptionsHistogram nBins="57" >
        <bin index="2" start="0.5" width="0.25" count="4" />
        <bin index="3" start="0.75" width="0.25" count="1" />
        <bin index="4" start="1" width="0.25" count="1" />
        <bin index="5" start="1.25" width="0.25" count="1" />
        <bin index="56" start="14" width="0.25" count="1" />
      </flowInterruptionsHistogram>
    </Flow>
    <Flow flowId="6" timeFirstTxPacket="+100856761173.0ns" timeFirstRxPacket="+100858401077.0ns" timeLastTxPacket="+199856761173.0ns" timeLastRxPacket="+199859374037.0ns" delaySum="+5730534995.0ns" jitterSum="+6115751712.0ns" lastDelay="+2612864.0ns" txBytes="36524" rxBytes="24932" txPackets="397" rxPackets="271" lostPackets="103" timesForwarded="197">
      <delayHistogram nBins="1012" >
        <bin index="0" start="0" width="0.001" count="64" />
        <bin index="1" start="0.001" width="0.001" count="123" />
        <bin index="2" start="0.002" width="0.001" count="27" />
        <bin index="3" start="0.003" width="0.001" count="6" />
        <bin index="4" start="0.004" width="0.001" count="8" />
        <bin index="5" start="0.005" width="0.001" count="3" />
        <bin index="6" start="0.006" width="0.001" count="6" />
        <bin index="7" start="0.007" width="0.001" count="3" />
        <bin index="8" start="0.008" width="0.001" count="2" />
        <bin index="10" start="0.01" width="0.001" count="1" />
        <bin index="13" start="0.013" width="0.001" count="1" />
        <bin index="16" start="0.016" width="0.001" count="3" />
        <bin index="24" start="0.024" width="0.001" count="1" />
        <bin index="25" start="0.025" width="0.001" count="2" />
        <bin index="27" start="0.027" width="0.001" count="1" />
        <bin index="29" start="0.029" width="0.001" count="1" />
        <bin index="31" start="0.031" width="0.001" count="1" />
        <bin index="35" start="0.035" width="0.001" count="1" />
        <bin index="36" start="0.036" width="0.001" count="1" />
        <bin index="50" start="0.05" width="0.001" count="1" />
        <bin index="52" start="0.052" width="0.001" count="1" />
        <bin index="55" start="0.055" width="0.001" count="1" />
        <bin index="65" start="0.065" width="0.001" count="1" />
        <bin index="131" start="0.131" width="0.001" count="1" />
        <bin index="155" start="0.155" width="0.001" count="1" />
        <bin index="186" start="0.186" width="0.001" count="1" />
        <bin index="242" start="0.242" width="0.001" count="1" />
        <bin index="276" start="0.276" width="0.001" count="1" />
        <bin index="283" start="0.283" width="0.001" count="1" />
        <bin index="314" start="0.314" width="0.001" count="1" />
        <bin index="423" start="0.423" width="0.001" count="1" />
        <bin index="469" start="0.469" width="0.001" count="1" />
        <bin index="513" start="0.513" width="0.001" count="1" />
        <bin index="763" start="0.763" width="0.001" count="1" />
        <bin index="1011" start="1.011" width="0.001" count="1" />
      </delayHistogram>
      <jitterHistogram nBins="976" >
        <bin index="0" start="0" width="0.001" count="154" />
        <bin index="1" start="0.001" width="0.001" count="36" />
        <bin index="2" start="0.002" width="0.001" count="7" />
        <bin index="3" start="0.003" width="0.001" count="10" />
        <bin index="4" start="0.004" width="0.001" count="6" />
        <bin index="5" start="0.005" width="0.001" count="9" />
        <bin index="6" start="0.006" width="0.001" count="4" />
        <bin index="8" start="0.008" width="0.001" count="1" />
        <bin index="10" start="0.01" width="0.001" count="2" />
        <bin index="12" start="0.012" width="0.001" count="2" />
        <bin index="13" start="0.013" width="0.001" count="1" />
        <bin index="14" start="0.014" width="0.001" count="1" />
        <bin index="15" start="0.015" width="0.001" count="1" />
        <bin index="16" start="0.016" width="0.001" count="1" />
        <bin index="19" start="0.019" width="0.001" count="1" />
        <bin index="20" start="0.02" width="0.001" count="1" />
        <bin index="22" start="0.022" width="0.001" count="1" />
        <bin index="23" start="0.023" width="0.001" count="1" />
        <bin index="24" start="0.024" width="0.001" count="2" />
        <bin index="28" start="0.028" width="0.001" count="1" />
        <bin index="29" start="0.029" width="0.001" count="1" />
        <bin index="33" start="0.033" width="0.001" count="1" />
        <bin index="35" start="0.035" width="0.001" count="2" />
        <bin index="45" start="0.045" width="0.001" count="1" />
        <bin index="49" start="0.049" width="0.001" count="2" />
        <bin index="55" start="0.055" width="0.001" count="1" />
        <bin index="64" start="0.064" width="0.001" count="1" />
        <bin index="79" start="0.079" width="0.001" count="1" />
        <bin index="96" start="0.096" width="0.001" count="1" />
        <bin index="126" start="0.126" width="0.001" count="1" />
        <bin index="127" start="0.127" width="0.001" count="1" />
        <bin index="146" start="0.146" width="0.001" count="1" />
        <bin index="153" start="0.153" width="0.001" count="1" />
        <bin index="154" start="0.154" width="0.001" count="1" />
        <bin index="185" start="0.185" width="0.001" count="1" />
        <bin index="237" start="0.237" width="0.001" count="1" />
        <bin index="240" start="0.24" width="0.001" count="1" />
        <bin index="244" start="0.244" width="0.001" count="1" />
        <bin index="248" start="0.248" width="0.001" count="1" />
        <bin index="249" start="0.249" width="0.001" count="2" />
        <bin index="281" start="0.281" width="0.001" count="1" />
        <bin index="406" start="0.406" width="0.001" count="1" />
        <bin index="466" start="0.466" width="0.001" count="1" />
        <bin index="512" start="0.512" width="0.001" count="1" />
        <bin index="975" start="0.975" width="0.001" count="1" />
      </jitterHistogram>
      <packetSizeHistogram nBins="5" >
        <bin index="4" start="80" width="20" count="271" />
      </packetSizeHistogram>
      <flowInterruptionsHistogram nBins="57" >
        <bin index="2" start="0.5" width="0.25" count="9" />
        <bin index="3" start="0.75" width="0.25" count="2" />
        <bin index="4" start="1" width="0.25" count="3" />
        <bin index="5" start="1.25" width="0.25" count="2" />
        <bin index="7" start="1.75" width="0.25" count="2" />
        <bin index="10" start="2.5" width="0.25" count="1" />
        <bin index="14" start="3.5" width="0.25" count="1" />
        <bin index="56" start="14" width="0.25" count="1" />
      </flowInterruptionsHistogram>
    </Flow>
    <Flow flowId="7" timeFirstTxPacket="+100909133684.0ns" timeFirstRxPacket="+100921286678.0ns" timeLastTxPacket="+199909133684.0ns" timeLastRxPacket="+199910450284.0ns" delaySum="+5689532077.0ns" jitterSum="+6226627014.0ns" lastDelay="+1316600.0ns" txBytes="36524" rxBytes="29900" txPackets="397" rxPackets="325" lostPackets="56" timesForwarded="58">
      <delayHistogram nBins="1012" >
        <bin index="0" start="0" width="0.001" count="254" />
        <bin index="1" start="0.001" width="0.001" count="33" />
        <bin index="2" start="0.002" width="0.001" count="6" />
        <bin index="3" start="0.003" width="0.001" count="1" />
        <bin index="4" start="0.004" width="0.001" count="4" />
        <bin index="6" start="0.006" width="0.001" count="2" />
        <bin index="9" start="0.009" width="0.001" count="2" />
        <bin index="10" start="0.01" width="0.001" count="2" />
        <bin index="12" start="0.012" width="0.001" count="1" />
        <bin index="13" start="0.013" width="0.001" count="1" />
        <bin index="16" start="0.016" width="0.001" count="1" />
        <bin index="25" start="0.025" width="0.001" count="1" />
        <bin index="26" start="0.026" width="0.001" count="1" />
        <bin index="27" start="0.027" width="0.001" count="1" />
        <bin index="35" start="0.035" width="0.001" count="1" />
        <bin index="36" start="0.036" width="0.001" count="1" />
        <bin index="46" start="0.046" width="0.001" count="1" />
        <bin index="69" start="0.069" width="0.001" count="2" />
        <bin index="93" start="0.093" width="0.001" count="1" />
        <bin index="131" start="0.131" width="0.001" count="1" />
        <bin index="245" start="0.245" width="0.001" count="1" />
        <bin index="322" start="0.322" width="0.001" count="1" />
        <bin index="418" start="0.418" width="0.001" count="1" />
        <bin index="523" start="0.523" width="0.001" count="1" />
        <bin index="581" start="0.581" width="0.001" count="1" />
        <bin index="769" start="0.769" width="0.001" count="1" />
        <bin index="1002" start="1.002" width="0.001" count="1" />
        <bin index="1011" start="1.011" width="0.001" count="1" />
      </delayHistogram>
      <jitterHistogram nBins="1002" >
        <bin index="0" start="0" width="0.001" count="272" />
        <bin index="1" start="0.001" width="0.001" count="7" />
        <bin index="2" start="0.002" width="0.001" count="3" />
        <bin index="3" start="0.003" width="0.001" count="3" />
        <bin index="4" start="0.004" width="0.001" count="2" />
        <bin index="6" start="0.006" width="0.001" count="1" />
        <bin index="8" start="0.008" width="0.001" count="2" />
        <bin index="9" start="0.009" width="0.001" count="3" />
        <bin index="10" start="0.01" width="0.001" count="2" />
        <bin index="11" start="0.011" width="0.001" count="1" />
        <bin index="12" start="0.012" width="0.001" count="1" />
        <bin index="14" start="0.014" width="0.001" count="1" />
        <bin index="19" start="0.019" width="0.001" count="1" />
        <bin index="23" start="0.023" width="0.001" count="1" />
        <bin index="24" start="0.024" width="0.001" count="1" />
        <bin index="25" start="0.025" width="0.001" count="1" />
        <bin index="32" start="0.032" width="0.001" count="1" />
        <bin index="33" start="0.033" width="0.001" count="2" />
        <bin index="36" start="0.036" width="0.001" count="1" />
        <bin index="59" start="0.059" width="0.001" count="1" />
        <bin index="69" start="0.069" width="0.001" count="2" />
        <bin index="84" start="0.084" width="0.001" count="1" />
        <bin index="93" start="0.093" width="0.001" count="1" />
        <bin index="124" start="0.124" width="0.001" count="1" />
        <bin index="173" start="0.173" width="0.001" count="1" />
        <bin index="191" start="0.191" width="0.001" count="1" />
        <bin index="232" start="0.232" width="0.001" count="1" />
        <bin index="243" start="0.243" width="0.001" count="1" />
        <bin index="245" start="0.245" width="0.001" count="1" />
        <bin index="321" start="0.321" width="0.001" count="1" />
        <bin index="417" start="0.417" width="0.001" count="1" />
        <bin index="429" start="0.429" width="0.001" count="1" />
        <bin index="523" start="0.523" width="0.001" count="1" />
        <bin index="554" start="0.554" width="0.001" count="1" />
        <bin index="1001" start="1.001" width="0.001" count="2" />
      </jitterHistogram>
      <packetSizeHistogram nBins="5" >
        <bin index="4" start="80" width="20" count="325" />
      </packetSizeHistogram>
      <flowInterruptionsHistogram nBins="38" >
        <bin index="2" start="0.5" width="0.25" count="6" />
        <bin index="3" start="0.75" width="0.25" count="1" />
        <bin index="4" start="1" width="0.25" count="1" />
        <bin index="5" start="1.25" width="0.25" count="3" />
        <bin index="6" start="1.5" width="0.25" count="1" />
        <bin index="7" start="1.75" width="0.25" count="1" />
        <bin index="37" start="9.25" width="0.25" count="1" />
      </flowInterruptionsHistogram>
    </Flow>
    <Flow flowId="8" timeFirstTxPacket="+101116153494.0ns" timeFirstRxPacket="+101130575750.0ns" timeLastTxPacket="+199866153494.0ns" timeLastRxPacket="+199867049801.0ns" delaySum="+8305266757.0ns" jitterSum="+7597913775.0ns" lastDelay="+896307.0ns" txBytes="36432" rxBytes="29348" txPackets="396" rxPackets="319" lostPackets="53" timesForwarded="101">
      <delayHistogram nBins="1006" >
        <bin index="0" start="0" width="0.001" count="219" />
        <bin index="1" start="0.001" width="0.001" count="63" />
        <bin index="2" start="0.002" width="0.001" count="4" />
        <bin index="3" start="0.003" width="0.001" count="3" />
        <bin index="5" start="0.005" width="0.001" count="4" />
        <bin index="6" start="0.006" width="0.001" count="3" />
        <bin index="11" start="0.011" width="0.001" count="1" />
        <bin index="14" start="0.014" width="0.001" count="1" />
        <bin index="16" start="0.016" width="0.001" count="1" />
        <bin index="20" start="0.02" width="0.001" count="1" />
        <bin index="22" start="0.022" width="0.001" count="1" />
        <bin index="30" start="0.03" width="0.001" count="1" />
        <bin index="36" start="0.036" width="0.001" count="1" />
        <bin index="42" start="0.042" width="0.001" count="1" />
        <bin index="46" start="0.046" width="0.001" count="1" />
        <bin index="58" start="0.058" width="0.001" count="1" />
        <bin index="122" start="0.122" width="0.001" count="1" />
        <bin index="227" start="0.227" width="0.001" count="1" />
        <bin index="263" start="0.263" width="0.001" count="1" />
        <bin index="366" start="0.366" width="0.001" count="1" />
        <bin index="503" start="0.503" width="0.001" count="1" />
        <bin index="507" start="0.507" width="0.001" count="1" />
        <bin index="510" start="0.51" width="0.001" count="1" />
        <bin index="752" start="0.752" width="0.001" count="1" />
        <bin index="756" start="0.756" width="0.001" count="1" />
        <bin index="758" start="0.758" width="0.001" count="1" />
        <bin index="1001" start="1.001" width="0.001" count="1" />
        <bin index="1005" start="1.005" width="0.001" count="2" />
      </delayHistogram>
      <jitterHistogram nBins="1003" >
        <bin index="0" start="0" width="0.001" count="267" />
        <bin index="1" start="0.001" width="0.001" count="7" />
        <bin index="2" start="0.002" width="0.001" count="3" />
        <bin index="3" start="0.003" width="0.001" count="3" />
        <bin index="4" start="0.004" width="0.001" count="2" />
        <bin index="5" start="0.005" width="0.001" count="4" />
        <bin index="9" start="0.009" width="0.001" count="2" />
        <bin index="12" start="0.012" width="0.001" count="3" />
        <bin index="14" start="0.014" width="0.001" count="1" />
        <bin index="20" start="0.02" width="0.001" count="2" />
        <bin index="26" start="0.026" width="0.001" count="1" />
        <bin index="29" start="0.029" width="0.001" count="1" />
        <bin index="31" start="0.031" width="0.001" count="1" />
        <bin index="36" start="0.036" width="0.001" count="1" />
        <bin index="46" start="0.046" width="0.001" count="1" />
        <bin index="57" start="0.057" width="0.001" count="1" />
        <bin index="119" start="0.119" width="0.001" count="1" />
        <bin index="197" start="0.197" width="0.001" count="1" />
        <bin index="227" start="0.227" width="0.001" count="1" />
        <bin index="243" start="0.243" width="0.001" count="1" />
        <bin index="247" start="0.247" width="0.001" count="2" />
        <bin index="248" start="0.248" width="0.001" count="2" />
        <bin index="249" start="0.249" width="0.001" count="2" />
        <bin index="262" start="0.262" width="0.001" count="1" />
        <bin index="366" start="0.366" width="0.001" count="1" />
        <bin index="503" start="0.503" width="0.001" count="1" />
        <bin index="506" start="0.506" width="0.001" count="1" />
        <bin index="509" start="0.509" width="0.001" count="1" />
        <bin index="742" start="0.742" width="0.001" count="1" />
        <bin index="1000" start="1" width="0.001" count="1" />
        <bin index="1002" start="1.002" width="0.001" count="1" />
      </jitterHistogram>
      <packetSizeHistogram nBins="5" >
        <bin index="4" start="80" width="20" count="319" />
      </packetSizeHistogram>
      <flowInterruptionsHistogram nBins="56" >
        <bin index="2" start="0.5" width="0.25" count="2" />
        <bin index="3" start="0.75" width="0.25" count="1" />
        <bin index="5" start="1.25" width="0.25" count="1" />
        <bin index="22" start="5.5" width="0.25" count="1" />
        <bin index="55" start="13.75" width="0.25" count="1" />
      </flowInterruptionsHistogram>
    </Flow>
    <Flow flowId="9" timeFirstTxPacket="+101118269429.0ns" timeFirstRxPacket="+101123768199.0ns" timeLastTxPacket="+199868269429.0ns" timeLastRxPacket="+195120767855.0ns" delaySum="+11250631826.0ns" jitterSum="+11264357368.0ns" lastDelay="+2498426.0ns" txBytes="36432" rxBytes="19780" txPackets="396" rxPackets="215" lostPackets="162" timesForwarded="175">
      <delayHistogram nBins="1405" >
        <bin index="0" start="0" width="0.001" count="46" />
        <bin index="1" start="0.001" width="0.001" count="84" />
        <bin index="2" start="0.002" width="0.001" count="26" />
        <bin index="3" start="0.003" width="0.001" count="10" />
        <bin index="4" start="0.004" width="0.001" count="5" />
        <bin index="5" start="0.005" width="0.001" count="5" />
        <bin index="6" start="0.006" width="0.001" count="1" />
        <bin index="7" start="0.007" width="0.001" count="1" />
        <bin index="8" start="0.008" width="0.001" count="3" />
        <bin index="9" start="0.009" width="0.001" count="2" />
        <bin index="10" start="0.01" width="0.001" count="1" />
        <bin index="13" start="0.013" width="0.001" count="2" />
        <bin index="14" start="0.014" width="0.001" count="2" />
        <bin index="16" start="0.016" width="0.001" count="1" />
        <bin index="17" start="0.017" width="0.001" count="1" />
        <bin index="19" start="0.019" width="0.001" count="1" />
        <bin index="24" start="0.024" width="0.001" count="2" />
        <bin index="25" start="0.025" width="0.001" count="1" />
        <bin index="29" start="0.029" width="0.001" count="1" />
        <bin index="30" start="0.03" width="0.001" count="2" />
        <bin index="32" start="0.032" width="0.001" count="1" />
        <bin index="36" start="0.036" width="0.001" count="1" />
        <bin index="38" start="0.038" width="0.001" count="1" />
        <bin index="46" start="0.046" width="0.001" count="1" />
        <bin index="97" start="0.097" width="0.001" count="1" />
        <bin index="116" start="0.116" width="0.001" count="1" />
        <bin index="255" start="0.255" width="0.001" count="1" />
        <bin index="277" start="0.277" width="0.001" count="1" />
        <bin index="361" start="0.361" width="0.001" count="1" />
        <bin index="767" start="0.767" width="0.001" count="1" />
        <bin index="800" start="0.8" width="0.001" count="1" />
        <bin index="908" start="0.908" width="0.001" count="1" />
        <bin index="1014" start="1.014" width="0.001" count="1" />
        <bin index="1015" start="1.015" width="0.001" count="1" />
        <bin index="1025" start="1.025" width="0.001" count="1" />
        <bin index="1156" start="1.156" width="0.001" count="1" />
        <bin index="1264" start="1.264" width="0.001" count="1" />
        <bin index="1404" start="1.404" width="0.001" count="1" />
      </delayHistogram>
      <jitterHistogram nBins="1375" >
        <bin index="0" start="0" width="0.001" count="120" />
        <bin index="1" start="0.001" width="0.001" count="23" />
        <bin index="2" start="0.002" width="0.001" count="6" />
        <bin index="3" start="0.003" width="0.001" count="7" />
        <bin index="4" start="0.004" width="0.001" count="3" />
        <bin index="5" start="0.005" width="0.001" count="7" />
        <bin index="6" start="0.006" width="0.001" count="1" />
        <bin index="7" start="0.007" width="0.001" count="2" />
        <bin index="8" start="0.008" width="0.001" count="3" />
        <bin index="9" start="0.009" width="0.001" count="1" />
        <bin index="10" start="0.01" width="0.001" count="2" />
        <bin index="11" start="0.011" width="0.001" count="1" />
        <bin index="12" start="0.012" width="0.001" count="2" />
        <bin index="13" start="0.013" width="0.001" count="1" />
        <bin index="15" start="0.015" width="0.001" count="2" />
        <bin index="17" start="0.017" width="0.001" count="1" />
        <bin index="20" start="0.02" width="0.001" count="1" />
        <bin index="22" start="0.022" width="0.001" count="2" />
        <bin index="24" start="0.024" width="0.001" count="1" />
        <bin index="25" start="0.025" width="0.001" count="1" />
        <bin index="26" start="0.026" width="0.001" count="1" />
        <bin index="27" start="0.027" width="0.001" count="1" />
        <bin index="30" start="0.03" width="0.001" count="1" />
        <bin index="35" start="0.035" width="0.001" count="1" />
        <bin index="37" start="0.037" width="0.001" count="1" />
        <bin index="45" start="0.045" width="0.001" count="1" />
        <bin index="51" start="0.051" width="0.001" count="1" />
        <bin index="97" start="0.097" width="0.001" count="1" />
        <bin index="112" start="0.112" width="0.001" count="1" />
        <bin index="217" start="0.217" width="0.001" count="1" />
        <bin index="224" start="0.224" width="0.001" count="1" />
        <bin index="245" start="0.245" width="0.001" count="1" />
        <bin index="247" start="0.247" width="0.001" count="1" />
        <bin index="248" start="0.248" width="0.001" count="2" />
        <bin index="249" start="0.249" width="0.001" count="1" />
        <bin index="253" start="0.253" width="0.001" count="2" />
        <bin index="348" start="0.348" width="0.001" count="1" />
        <bin index="748" start="0.748" width="0.001" count="1" />
        <bin index="766" start="0.766" width="0.001" count="1" />
        <bin index="769" start="0.769" width="0.001" count="1" />
        <bin index="876" start="0.876" width="0.001" count="1" />
        <bin index="1013" start="1.013" width="0.001" count="1" />
        <bin index="1014" start="1.014" width="0.001" count="1" />
        <bin index="1246" start="1.246" width="0.001" count="1" />
        <bin index="1374" start="1.374" width="0.001" count="1" />
      </jitterHistogram>
      <packetSizeHistogram nBins="5" >
        <bin index="4" start="80" width="20" count="215" />
      </packetSizeHistogram>
      <flowInterruptionsHistogram nBins="49" >
        <bin index="2" start="0.5" width="0.25" count="5" />
        <bin index="3" start="0.75" width="0.25" count="2" />
        <bin index="4" start="1" width="0.25" count="1" />
        <bin index="28" start="7" width="0.25" count="1" />
        <bin index="39" start="9.75" width="0.25" count="1" />
        <bin index="43" start="10.75" width="0.25" count="1" />
        <bin index="48" start="12" width="0.25" count="1" />
      </flowInterruptionsHistogram>
    </Flow>
    <Flow flowId="10" timeFirstTxPacket="+101164318892.0ns" timeFirstRxPacket="+102167494757.0ns" timeLastTxPacket="+199914318892.0ns" timeLastRxPacket="+199914605393.0ns" delaySum="+10020800742.0ns" jitterSum="+9648126860.0ns" lastDelay="+286501.0ns" txBytes="36432" rxBytes="24656" txPackets="396" rxPackets="268" lostPackets="128" timesForwarded="220">
      <delayHistogram nBins="1101" >
        <bin index="0" start="0" width="0.001" count="147" />
        <bin index="1" start="0.001" width="0.001" count="23" />
        <bin index="2" start="0.002" width="0.001" count="41" />
        <bin index="3" start="0.003" width="0.001" count="15" />
        <bin index="4" start="0.004" width="0.001" count="6" />
        <bin index="6" start="0.006" width="0.001" count="1" />
        <bin index="8" start="0.008" width="0.001" count="2" />
        <bin index="10" start="0.01" width="0.001" count="2" />
        <bin index="11" start="0.011" width="0.001" count="4" />
        <bin index="12" start="0.012" width="0.001" count="2" />
        <bin index="21" start="0.021" width="0.001" count="1" />
        <bin index="22" start="0.022" width="0.001" count="1" />
        <bin index="23" start="0.023" width="0.001" count="1" />
        <bin index="32" start="0.032" width="0.001" count="1" />
        <bin index="37" start="0.037" width="0.001" count="1" />
        <bin index="38" start="0.038" width="0.001" count="1" />
        <bin index="49" start="0.049" width="0.001" count="1" />
        <bin index="58" start="0.058" width="0.001" count="1" />
        <bin index="74" start="0.074" width="0.001" count="1" />
        <bin index="83" start="0.083" width="0.001" count="1" />
        <bin index="147" start="0.147" width="0.001" count="1" />
        <bin index="175" start="0.175" width="0.001" count="1" />
        <bin index="193" start="0.193" width="0.001" count="1" />
        <bin index="198" start="0.198" width="0.001" count="1" />
        <bin index="295" start="0.295" width="0.001" count="1" />
        <bin index="505" start="0.505" width="0.001" count="1" />
        <bin index="518" start="0.518" width="0.001" count="1" />
        <bin index="608" start="0.608" width="0.001" count="1" />
        <bin index="753" start="0.753" width="0.001" count="1" />
        <bin index="767" start="0.767" width="0.001" count="1" />
        <bin index="854" start="0.854" width="0.001" count="1" />
        <bin index="1003" start="1.003" width="0.001" count="1" />
        <bin index="1016" start="1.016" width="0.001" count="1" />
        <bin index="1060" start="1.06" width="0.001" count="1" />
        <bin index="1100" start="1.1" width="0.001" count="1" />
      </delayHistogram>
      <jitterHistogram nBins="1089" >
        <bin index="0" start="0" width="0.001" count="191" />
        <bin index="1" start="0.001" width="0.001" count="23" />
        <bin index="2" start="0.002" width="0.001" count="3" />
        <bin index="3" start="0.003" width="0.001" count="1" />
        <bin index="4" start="0.004" width="0.001" count="2" />
        <bin index="5" start="0.005" width="0.001" count="1" />
        <bin index="7" start="0.007" width="0.001" count="4" />
        <bin index="9" start="0.009" width="0.001" count="2" />
        <bin index="10" start="0.01" width="0.001" count="3" />
        <bin index="11" start="0.011" width="0.001" count="2" />
        <bin index="13" start="0.013" width="0.001" count="1" />
        <bin index="17" start="0.017" width="0.001" count="1" />
        <bin index="18" start="0.018" width="0.001" count="1" />
        <bin index="20" start="0.02" width="0.001" count="1" />
        <bin index="22" start="0.022" width="0.001" count="1" />
        <bin index="28" start="0.028" width="0.001" count="2" />
        <bin index="37" start="0.037" width="0.001" count="2" />
        <bin index="48" start="0.048" width="0.001" count="1" />
        <bin index="74" start="0.074" width="0.001" count="1" />
        <bin index="83" start="0.083" width="0.001" count="1" />
        <bin index="91" start="0.091" width="0.001" count="1" />
        <bin index="97" start="0.097" width="0.001" count="1" />
        <bin index="118" start="0.118" width="0.001" count="1" />
        <bin index="146" start="0.146" width="0.001" count="1" />
        <bin index="174" start="0.174" width="0.001" count="1" />
        <bin index="193" start="0.193" width="0.001" count="1" />
        <bin index="197" start="0.197" width="0.001" count="1" />
        <bin index="198" start="0.198" width="0.001" count="1" />
        <bin index="245" start="0.245" width="0.001" count="1" />
        <bin index="246" start="0.246" width="0.001" count="1" />
        <bin index="247" start="0.247" width="0.001" count="1" />
        <bin index="248" start="0.248" width="0.001" count="1" />
        <bin index="249" start="0.249" width="0.001" count="2" />
        <bin index="257" start="0.257" width="0.001" count="1" />
        <bin index="292" start="0.292" width="0.001" count="1" />
        <bin index="505" start="0.505" width="0.001" count="1" />
        <bin index="515" start="0.515" width="0.001" count="1" />
        <bin index="605" start="0.605" width="0.001" count="1" />
        <bin index="992" start="0.992" width="0.001" count="1" />
        <bin index="1001" start="1.001" width="0.001" count="1" />
        <bin index="1058" start="1.058" width="0.001" count="1" />
        <bin index="1088" start="1.088" width="0.001" count="1" />
      </jitterHistogram>
      <packetSizeHistogram nBins="5" >
        <bin index="4" start="80" width="20" count="268" />
      </packetSizeHistogram>
      <flowInterruptionsHistogram nBins="52" >
        <bin index="2" start="0.5" width="0.25" count="4" />
        <bin index="3" start="0.75" width="0.25" count="1" />
        <bin index="5" start="1.25" width="0.25" count="1" />
        <bin index="30" start="7.5" width="0.25" count="1" />
        <bin index="41" start="10.25" width="0.25" count="1" />
        <bin index="51" start="12.75" width="0.25" count="1" />
      </flowInterruptionsHistogram>
    </Flow>
  </FlowStats>
  <Ipv4FlowClassifier>
    <Flow flowId="7" sourceAddress="10.1.1.11" destinationAddress="10.1.1.1" protocol="17" sourcePort="49153" destinationPort="9">
      <Dscp value="0x0" packets="397" />
    </Flow>
    <Flow flowId="4" sourceAddress="10.1.1.12" destinationAddress="10.1.1.2" protocol="17" sourcePort="49153" destinationPort="9">
      <Dscp value="0x0" packets="399" />
    </Flow>
    <Flow flowId="5" sourceAddress="10.1.1.13" destinationAddress="10.1.1.3" protocol="17" sourcePort="49153" destinationPort="9">
      <Dscp value="0x0" packets="398" />
    </Flow>
    <Flow flowId="1" sourceAddress="10.1.1.14" destinationAddress="10.1.1.4" protocol="17" sourcePort="49153" destinationPort="9">
      <Dscp value="0x0" packets="399" />
    </Flow>
    <Flow flowId="6" sourceAddress="10.1.1.15" destinationAddress="10.1.1.5" protocol="17" sourcePort="49153" destinationPort="9">
      <Dscp value="0x0" packets="397" />
    </Flow>
    <Flow flowId="9" sourceAddress="10.1.1.16" destinationAddress="10.1.1.6" protocol="17" sourcePort="49153" destinationPort="9">
      <Dscp value="0x0" packets="396" />
    </Flow>
    <Flow flowId="3" sourceAddress="10.1.1.17" destinationAddress="10.1.1.7" protocol="17" sourcePort="49153" destinationPort="9">
      <Dscp value="0x0" packets="399" />
    </Flow>
    <Flow flowId="2" sourceAddress="10.1.1.18" destinationAddress="10.1.1.8" protocol="17" sourcePort="49153" destinationPort="9">
      <Dscp value="0x0" packets="399" />
    </Flow>
    <Flow flowId="10" sourceAddress="10.1.1.19" destinationAddress="10.1.1.9" protocol="17" sourcePort="49153" destinationPort="9">
      <Dscp value="0x0" packets="396" />
    </Flow>
    <Flow flowId="8" sourceAddress="10.1.1.20" destinationAddress="10.1.1.10" protocol="17" sourcePort="49153" destinationPort="9">
      <Dscp value="0x0" packets="396" />
    </Flow>
  </Ipv4FlowClassifier>
  <Ipv6FlowClassifier>
  </Ipv6FlowClassifier>
  <FlowProbes>
    <FlowProbe index="0">
      <FlowStats  flowId="6" packets="17" bytes="1564" delayFromFirstProbeSum="+2260827327.0ns" >
      </FlowStats>
      <FlowStats  flowId="7" packets="325" bytes="29900" delayFromFirstProbeSum="+5689532077.0ns" >
      </FlowStats>
    </FlowProbe>
    <FlowProbe index="1">
    </FlowProbe>
    <FlowProbe index="2">
      <FlowStats  flowId="4" packets="295" bytes="27140" delayFromFirstProbeSum="+13306200164.0ns" >
      </FlowStats>
      <FlowStats  flowId="6" packets="60" bytes="5520" delayFromFirstProbeSum="+725750050.0ns" >
      </FlowStats>
    </FlowProbe>
    <FlowProbe index="3">
    </FlowProbe>
    <FlowProbe index="4">
      <FlowStats  flowId="4" packets="58" bytes="5336" delayFromFirstProbeSum="+2347718575.0ns" >
      </FlowStats>
      <FlowStats  flowId="5" packets="310" bytes="28520" delayFromFirstProbeSum="+3833839035.0ns" >
      </FlowStats>
    </FlowProbe>
    <FlowProbe index="5">
    </FlowProbe>
    <FlowProbe index="6">
      <FlowStats  flowId="1" packets="354" bytes="32568" delayFromFirstProbeSum="+8738151913.0ns" >
      </FlowStats>
      <FlowStats  flowId="8" packets="61" bytes="5612" delayFromFirstProbeSum="+486351851.0ns" >
      </FlowStats>
    </FlowProbe>
    <FlowProbe index="7">
    </FlowProbe>
    <FlowProbe index="8">
      <FlowStats  flowId="1" packets="43" bytes="3956" delayFromFirstProbeSum="+1826436265.0ns" >
      </FlowStats>
      <FlowStats  flowId="3" packets="60" bytes="5520" delayFromFirstProbeSum="+487993527.0ns" >
      </FlowStats>
      <FlowStats  flowId="4" packets="45" bytes="4140" delayFromFirstProbeSum="+5945782760.0ns" >
      </FlowStats>
      <FlowStats  flowId="6" packets="271" bytes="24932" delayFromFirstProbeSum="+5730534995.0ns" >
      </FlowStats>
      <FlowStats  flowId="9" packets="1" bytes="92" delayFromFirstProbeSum="+1003313470.0ns" >
      </FlowStats>
    </FlowProbe>
    <FlowProbe index="9">
    </FlowProbe>
    <FlowProbe index="10">
      <FlowStats  flowId="7" packets="22" bytes="2024" delayFromFirstProbeSum="+2208657102.0ns" >
      </FlowStats>
      <FlowStats  flowId="9" packets="215" bytes="19780" delayFromFirstProbeSum="+11250631826.0ns" >
      </FlowStats>
    </FlowProbe>
    <FlowProbe index="11">
    </FlowProbe>
    <FlowProbe index="12">
      <FlowStats  flowId="3" packets="229" bytes="21068" delayFromFirstProbeSum="+4952900887.0ns" >
      </FlowStats>
      <FlowStats  flowId="5" packets="19" bytes="1748" delayFromFirstProbeSum="+88837451.0ns" >
      </FlowStats>
      <FlowStats  flowId="8" packets="16" bytes="1472" delayFromFirstProbeSum="+2276544231.0ns" >
      </FlowStats>
      <FlowStats  flowId="9" packets="60" bytes="5520" delayFromFirstProbeSum="+503830446.0ns" >
      </FlowStats>
      <FlowStats  flowId="10" packets="60" bytes="5520" delayFromFirstProbeSum="+126796749.0ns" >
      </FlowStats>
    </FlowProbe>
    <FlowProbe index="13">
    </FlowProbe>
    <FlowProbe index="14">
      <FlowStats  flowId="2" packets="398" bytes="36616" delayFromFirstProbeSum="+1618151528.0ns" >
      </FlowStats>
      <FlowStats  flowId="4" packets="20" bytes="1840" delayFromFirstProbeSum="+154834528.0ns" >
      </FlowStats>
    </FlowProbe>
    <FlowProbe index="15">
    </FlowProbe>
    <FlowProbe index="16">
      <FlowStats  flowId="5" packets="1" bytes="92" delayFromFirstProbeSum="+344943747.0ns" >
      </FlowStats>
      <FlowStats  flowId="7" packets="17" bytes="1564" delayFromFirstProbeSum="+14044205.0ns" >
      </FlowStats>
      <FlowStats  flowId="10" packets="268" bytes="24656" delayFromFirstProbeSum="+10020800742.0ns" >
      </FlowStats>
    </FlowProbe>
    <FlowProbe index="17">
    </FlowProbe>
    <FlowProbe index="18">
      <FlowStats  flowId="3" packets="60" bytes="5520" delayFromFirstProbeSum="+291090820.0ns" >
      </FlowStats>
      <FlowStats  flowId="8" packets="319" bytes="29348" delayFromFirstProbeSum="+8305266757.0ns" >
      </FlowStats>
      <FlowStats  flowId="10" packets="62" bytes="5704" delayFromFirstProbeSum="+2444225737.0ns" >
      </FlowStats>
    </FlowProbe>
    <FlowProbe index="19">
    </FlowProbe>
    <FlowProbe index="20">
      <FlowStats  flowId="1" packets="58" bytes="5336" delayFromFirstProbeSum="+293152410.0ns" >
      </FlowStats>
      <FlowStats  flowId="4" packets="1" bytes="92" delayFromFirstProbeSum="+187733771.0ns" >
      </FlowStats>
      <FlowStats  flowId="7" packets="397" bytes="36524" delayFromFirstProbeSum="+0.0ns" >
      </FlowStats>
      <FlowStats  flowId="8" packets="57" bytes="5244" delayFromFirstProbeSum="+2274899412.0ns" >
      </FlowStats>
    </FlowProbe>
    <FlowProbe index="21">
    </FlowProbe>
    <FlowProbe index="22">
      <FlowStats  flowId="3" packets="59" bytes="5428" delayFromFirstProbeSum="+381644538.0ns" >
      </FlowStats>
      <FlowStats  flowId="4" packets="399" bytes="36708" delayFromFirstProbeSum="+0.0ns" >
      </FlowStats>
      <FlowStats  flowId="5" packets="1" bytes="92" delayFromFirstProbeSum="+401022580.0ns" >
      </FlowStats>
    </FlowProbe>
    <FlowProbe index="23">
    </FlowProbe>
    <FlowProbe index="24">
      <FlowStats  flowId="5" packets="398" bytes="36616" delayFromFirstProbeSum="+0.0ns" >
      </FlowStats>
    </FlowProbe>
    <FlowProbe index="25">
    </FlowProbe>
    <FlowProbe index="26">
      <FlowStats  flowId="1" packets="399" bytes="36708" delayFromFirstProbeSum="+0.0ns" >
      </FlowStats>
      <FlowStats  flowId="6" packets="60" bytes="5520" delayFromFirstProbeSum="+135538988.0ns" >
      </FlowStats>
      <FlowStats  flowId="10" packets="57" bytes="5244" delayFromFirstProbeSum="+2273196549.0ns" >
      </FlowStats>
    </FlowProbe>
    <FlowProbe index="27">
    </FlowProbe>
    <FlowProbe index="28">
      <FlowStats  flowId="6" packets="397" bytes="36524" delayFromFirstProbeSum="+0.0ns" >
      </FlowStats>
    </FlowProbe>
    <FlowProbe index="29">
    </FlowProbe>
    <FlowProbe index="30">
      <FlowStats  flowId="5" packets="60" bytes="5520" delayFromFirstProbeSum="+2123982227.0ns" >
      </FlowStats>
      <FlowStats  flowId="9" packets="396" bytes="36432" delayFromFirstProbeSum="+0.0ns" >
      </FlowStats>
    </FlowProbe>
    <FlowProbe index="31">
    </FlowProbe>
    <FlowProbe index="32">
      <FlowStats  flowId="3" packets="399" bytes="36708" delayFromFirstProbeSum="+0.0ns" >
      </FlowStats>
    </FlowProbe>
    <FlowProbe index="33">
    </FlowProbe>
    <FlowProbe index="34">
      <FlowStats  flowId="2" packets="399" bytes="36708" delayFromFirstProbeSum="+0.0ns" >
      </FlowStats>
      <FlowStats  flowId="3" packets="14" bytes="1288" delayFromFirstProbeSum="+146871053.0ns" >
      </FlowStats>
    </FlowProbe>
    <FlowProbe index="35">
    </FlowProbe>
    <FlowProbe index="36">
      <FlowStats  flowId="10" packets="396" bytes="36432" delayFromFirstProbeSum="+0.0ns" >
      </FlowStats>
    </FlowProbe>
    <FlowProbe index="37">
    </FlowProbe>
    <FlowProbe index="38">
      <FlowStats  flowId="8" packets="396" bytes="36432" delayFromFirstProbeSum="+0.0ns" >
      </FlowStats>
      <FlowStats  flowId="9" packets="1" bytes="92" delayFromFirstProbeSum="+1008751223.0ns" >
      </FlowStats>
      <FlowStats  flowId="10" packets="1" bytes="92" delayFromFirstProbeSum="+1004508635.0ns" >
      </FlowStats>
    </FlowProbe>
    <FlowProbe index="39">
    </FlowProbe>
    <FlowProbe index="40">
    </FlowProbe>
    <FlowProbe index="41">
    </FlowProbe>
    <FlowProbe index="42">
      <FlowStats  flowId="1" packets="60" bytes="5520" delayFromFirstProbeSum="+1023867287.0ns" >
      </FlowStats>
      <FlowStats  flowId="4" packets="56" bytes="5152" delayFromFirstProbeSum="+1889815223.0ns" >
      </FlowStats>
      <FlowStats  flowId="6" packets="60" bytes="5520" delayFromFirstProbeSum="+186153427.0ns" >
      </FlowStats>
      <FlowStats  flowId="10" packets="57" bytes="5244" delayFromFirstProbeSum="+2325664116.0ns" >
      </FlowStats>
    </FlowProbe>
    <FlowProbe index="43">
    </FlowProbe>
    <FlowProbe index="44">
    </FlowProbe>
    <FlowProbe index="45">
    </FlowProbe>
    <FlowProbe index="46">
      <FlowStats  flowId="9" packets="34" bytes="3128" delayFromFirstProbeSum="+136840928.0ns" >
      </FlowStats>
    </FlowProbe>
    <FlowProbe index="47">
    </FlowProbe>
    <FlowProbe index="48">
    </FlowProbe>
    <FlowProbe index="49">
    </FlowProbe>
    <FlowProbe index="50">
    </FlowProbe>
    <FlowProbe index="51">
    </FlowProbe>
    <FlowProbe index="52">
    </FlowProbe>
    <FlowProbe index="53">
    </FlowProbe>
    <FlowProbe index="54">
      <FlowStats  flowId="10" packets="32" bytes="2944" delayFromFirstProbeSum="+2447947847.0ns" >
      </FlowStats>
    </FlowProbe>
    <FlowProbe index="55">
    </FlowProbe>
    <FlowProbe index="56">
    </FlowProbe>
    <FlowProbe index="57">
    </FlowProbe>
    <FlowProbe index="58">
      <FlowStats  flowId="6" packets="60" bytes="5520" delayFromFirstProbeSum="+373457586.0ns" >
      </FlowStats>
    </FlowProbe>
    <FlowProbe index="59">
    </FlowProbe>
    <FlowProbe index="60">
      <FlowStats  flowId="3" packets="36" bytes="3312" delayFromFirstProbeSum="+270328091.0ns" >
      </FlowStats>
      <FlowStats  flowId="4" packets="55" bytes="5060" delayFromFirstProbeSum="+2286117000.0ns" >
      </FlowStats>
    </FlowProbe>
    <FlowProbe index="61">
    </FlowProbe>
    <FlowProbe index="62">
      <FlowStats  flowId="9" packets="12" bytes="1104" delayFromFirstProbeSum="+557719988.0ns" >
      </FlowStats>
    </FlowProbe>
    <FlowProbe index="63">
    </FlowProbe>
    <FlowProbe index="64">
      <FlowStats  flowId="1" packets="36" bytes="3312" delayFromFirstProbeSum="+32494893.0ns" >
      </FlowStats>
      <FlowStats  flowId="6" packets="1" bytes="92" delayFromFirstProbeSum="+252352852.0ns" >
      </FlowStats>
      <FlowStats  flowId="7" packets="19" bytes="1748" delayFromFirstProbeSum="+247873291.0ns" >
      </FlowStats>
    </FlowProbe>
    <FlowProbe index="65">
    </FlowProbe>
    <FlowProbe index="66">
      <FlowStats  flowId="4" packets="59" bytes="5428" delayFromFirstProbeSum="+54806959.0ns" >
      </FlowStats>
      <FlowStats  flowId="10" packets="7" bytes="644" delayFromFirstProbeSum="+210305459.0ns" >
      </FlowStats>
    </FlowProbe>
    <FlowProbe index="67">
    </FlowProbe>
    <FlowProbe index="68">
      <FlowStats  flowId="5" packets="1" bytes="92" delayFromFirstProbeSum="+26154281.0ns" >
      </FlowStats>
      <FlowStats  flowId="8" packets="17" bytes="1564" delayFromFirstProbeSum="+77613746.0ns" >
      </FlowStats>
      <FlowStats  flowId="9" packets="61" bytes="5612" delayFromFirstProbeSum="+453727683.0ns" >
      </FlowStats>
    </FlowProbe>
    <FlowProbe index="69">
    </FlowProbe>
    <FlowProbe index="70">
    </FlowProbe>
    <FlowProbe index="71">
    </FlowProbe>
    <FlowProbe index="72">
      <FlowStats  flowId="9" packets="58" bytes="5336" delayFromFirstProbeSum="+2602137006.0ns" >
      </FlowStats>
    </FlowProbe>
    <FlowProbe index="73">
    </FlowProbe>
    <FlowProbe index="74">
      <FlowStats  flowId="1" packets="1" bytes="92" delayFromFirstProbeSum="+2007953768.0ns" >
      </FlowStats>
    </FlowProbe>
    <FlowProbe index="75">
    </FlowProbe>
    <FlowProbe index="76">
    </FlowProbe>
    <FlowProbe index="77">
    </FlowProbe>
    <FlowProbe index="78">
    </FlowProbe>
    <FlowProbe index="79">
    </FlowProbe>
  </FlowProbes>
</FlowMonitor>
