<?xml version="1.0" ?>
<FlowMonitor>
  <FlowStats>
    <Flow flowId="1" timeFirstTxPacket="+100254140514.0ns" timeFirstRxPacket="+100276698990.0ns" timeLastTxPacket="+199754140514.0ns" timeLastRxPacket="+199755532698.0ns" delaySum="+3487761890.0ns" jitterSum="+3193903084.0ns" lastDelay="+1392184.0ns" txBytes="36524" rxBytes="35052" txPackets="397" rxPackets="381" lostPackets="16" timesForwarded="403">
      <delayHistogram nBins="1013" >
        <bin index="0" start="0" width="0.001" count="103" />
        <bin index="1" start="0.001" width="0.001" count="126" />
        <bin index="2" start="0.002" width="0.001" count="81" />
        <bin index="3" start="0.003" width="0.001" count="19" />
        <bin index="4" start="0.004" width="0.001" count="11" />
        <bin index="5" start="0.005" width="0.001" count="5" />
        <bin index="6" start="0.006" width="0.001" count="3" />
        <bin index="7" start="0.007" width="0.001" count="3" />
        <bin index="8" start="0.008" width="0.001" count="2" />
        <bin index="9" start="0.009" width="0.001" count="2" />
        <bin index="10" start="0.01" width="0.001" count="1" />
        <bin index="11" start="0.011" width="0.001" count="1" />
        <bin index="12" start="0.012" width="0.001" count="4" />
        <bin index="13" start="0.013" width="0.001" count="1" />
        <bin index="14" start="0.014" width="0.001" count="2" />
        <bin index="15" start="0.015" width="0.001" count="1" />
        <bin index="16" start="0.016" width="0.001" count="2" />
        <bin index="20" start="0.02" width="0.001" count="1" />
        <bin index="22" start="0.022" width="0.001" count="1" />
        <bin index="24" start="0.024" width="0.001" count="1" />
        <bin index="31" start="0.031" width="0.001" count="1" />
        <bin index="37" start="0.037" width="0.001" count="2" />
        <bin index="38" start="0.038" width="0.001" count="1" />
        <bin index="39" start="0.039" width="0.001" count="1" />
        <bin index="40" start="0.04" width="0.001" count="1" />
        <bin index="42" start="0.042" width="0.001" count="1" />
        <bin index="55" start="0.055" width="0.001" count="1" />
        <bin index="517" start="0.517" width="0.001" count="1" />
        <bin index="763" start="0.763" width="0.001" count="1" />
        <bin index="1012" start="1.012" width="0.001" count="1" />
      </delayHistogram>
      <jitterHistogram nBins="1011" >
        <bin index="0" start="0" width="0.001" count="231" />
        <bin index="1" start="0.001" width="0.001" count="61" />
        <bin index="2" start="0.002" width="0.001" count="15" />
        <bin index="3" start="0.003" width="0.001" count="11" />
        <bin index="4" start="0.004" width="0.001" count="9" />
        <bin index="5" start="0.005" width="0.001" count="2" />
        <bin index="6" start="0.006" width="0.001" count="3" />
        <bin index="7" start="0.007" width="0.001" count="3" />
        <bin index="8" start="0.008" width="0.001" count="3" />
        <bin index="9" start="0.009" width="0.001" count="1" />
        <bin index="10" start="0.01" width="0.001" count="5" />
        <bin index="11" start="0.011" width="0.001" count="6" />
        <bin index="12" start="0.012" width="0.001" count="3" />
        <bin index="13" start="0.013" width="0.001" count="2" />
        <bin index="14" start="0.014" width="0.001" count="1" />
        <bin index="15" start="0.015" width="0.001" count="1" />
        <bin index="16" start="0.016" width="0.001" count="1" />
        <bin index="17" start="0.017" width="0.001" count="1" />
        <bin index="18" start="0.018" width="0.001" count="1" />
        <bin index="21" start="0.021" width="0.001" count="1" />
        <bin index="23" start="0.023" width="0.001" count="2" />
        <bin index="29" start="0.029" width="0.001" count="1" />
        <bin index="30" start="0.03" width="0.001" count="1" />
        <bin index="32" start="0.032" width="0.001" count="2" />
        <bin index="33" start="0.033" width="0.001" count="1" />
        <bin index="34" start="0.034" width="0.001" count="1" />
        <bin index="36" start="0.036" width="0.001" count="3" />
        <bin index="39" start="0.039" width="0.001" count="1" />
        <bin index="40" start="0.04" width="0.001" count="1" />
        <bin index="50" start="0.05" width="0.001" count="1" />
        <bin index="52" start="0.052" width="0.001" count="1" />
        <bin index="246" start="0.246" width="0.001" count="1" />
        <bin index="248" start="0.248" width="0.001" count="1" />
        <bin index="515" start="0.515" width="0.001" count="1" />
        <bin index="1010" start="1.01" width="0.001" count="1" />
      </jitterHistogram>
      <packetSizeHistogram nBins="5" >
        <bin index="4" start="80" width="20" count="381" />
      </packetSizeHistogram>
      <flowInterruptionsHistogram nBins="9" >
        <bin index="2" start="0.5" width="0.25" count="1" />
        <bin index="3" start="0.75" width="0.25" count="1" />
        <bin index="4" start="1" width="0.25" count="1" />
        <bin index="7" start="1.75" width="0.25" count="1" />
        <bin index="8" start="2" width="0.25" count="1" />
      </flowInterruptionsHistogram>
    </Flow>
    <Flow flowId="2" timeFirstTxPacket="+100271144498.0ns" timeFirstRxPacket="+100278803997.0ns" timeLastTxPacket="+199771144498.0ns" timeLastRxPacket="+199771430794.0ns" delaySum="+598461703.0ns" jitterSum="+574017935.0ns" lastDelay="+286296.0ns" txBytes="36524" rxBytes="31648" txPackets="397" rxPackets="344" lostPackets="53" timesForwarded="120">
      <delayHistogram nBins="47" >
        <bin index="0" start="0" width="0.001" count="237" />
        <bin index="1" start="0.001" width="0.001" count="49" />
        <bin index="2" start="0.002" width="0.001" count="20" />
        <bin index="3" start="0.003" width="0.001" count="7" />
        <bin index="4" start="0.004" width="0.001" count="4" />
        <bin index="5" start="0.005" width="0.001" count="4" />
        <bin index="6" start="0.006" width="0.001" count="2" />
        <bin index="7" start="0.007" width="0.001" count="3" />
        <bin index="8" start="0.008" width="0.001" count="1" />
        <bin index="9" start="0.009" width="0.001" count="1" />
        <bin index="10" start="0.01" width="0.001" count="2" />
        <bin index="11" start="0.011" width="0.001" count="1" />
        <bin index="12" start="0.012" width="0.001" count="1" />
        <bin index="13" start="0.013" width="0.001" count="2" />
        <bin index="14" start="0.014" width="0.001" count="2" />
        <bin index="15" start="0.015" width="0.001" count="4" />
        <bin index="18" start="0.018" width="0.001" count="1" />
        <bin index="28" start="0.028" width="0.001" count="1" />
        <bin index="32" start="0.032" width="0.001" count="1" />
        <bin index="46" start="0.046" width="0.001" count="1" />
      </delayHistogram>
      <jitterHistogram nBins="46" >
        <bin index="0" start="0" width="0.001" count="277" />
        <bin index="1" start="0.001" width="0.001" count="15" />
        <bin index="2" start="0.002" width="0.001" count="11" />
        <bin index="3" start="0.003" width="0.001" count="2" />
        <bin index="4" start="0.004" width="0.001" count="6" />
        <bin index="5" start="0.005" width="0.001" count="1" />
        <bin index="6" start="0.006" width="0.001" count="3" />
        <bin index="7" start="0.007" width="0.001" count="3" />
        <bin index="8" start="0.008" width="0.001" count="2" />
        <bin index="9" start="0.009" width="0.001" count="2" />
        <bin index="10" start="0.01" width="0.001" count="2" />
        <bin index="11" start="0.011" width="0.001" count="1" />
        <bin index="12" start="0.012" width="0.001" count="1" />
        <bin index="13" start="0.013" width="0.001" count="4" />
        <bin index="14" start="0.014" width="0.001" count="5" />
        <bin index="15" start="0.015" width="0.001" count="1" />
        <bin index="17" start="0.017" width="0.001" count="2" />
        <bin index="24" start="0.024" width="0.001" count="1" />
        <bin index="26" start="0.026" width="0.001" count="2" />
        <bin index="37" start="0.037" width="0.001" count="1" />
        <bin index="45" start="0.045" width="0.001" count="1" />
      </jitterHistogram>
      <packetSizeHistogram nBins="5" >
        <bin index="4" start="80" width="20" count="344" />
      </packetSizeHistogram>
      <flowInterruptionsHistogram nBins="26" >
        <bin index="2" start="0.5" width="0.25" count="1" />
        <bin index="4" start="1" width="0.25" count="1" />
        <bin index="5" start="1.25" width="0.25" count="1" />
        <bin index="10" start="2.5" width="0.25" count="1" />
        <bin index="12" start="3" width="0.25" count="1" />
        <bin index="25" start="6.25" width="0.25" count="1" />
      </flowInterruptionsHistogram>
    </Flow>
    <Flow flowId="3" timeFirstTxPacket="+100314042511.0ns" timeFirstRxPacket="+100323470512.0ns" timeLastTxPacket="+199814042511.0ns" timeLastRxPacket="+199814329268.0ns" delaySum="+254159355.0ns" jitterSum="+194964018.0ns" lastDelay="+286757.0ns" txBytes="36708" rxBytes="31740" txPackets="399" rxPackets="345" lostPackets="54" timesForwarded="43">
      <delayHistogram nBins="29" >
        <bin index="0" start="0" width="0.001" count="299" />
        <bin index="1" start="0.001" width="0.001" count="34" />
        <bin index="2" start="0.002" width="0.001" count="2" />
        <bin index="3" start="0.003" width="0.001" count="2" />
        <bin index="4" start="0.004" width="0.001" count="1" />
        <bin index="5" start="0.005" width="0.001" count="1" />
        <bin index="8" start="0.008" width="0.001" count="2" />
        <bin index="9" start="0.009" width="0.001" count="1" />
        <bin index="11" start="0.011" width="0.001" count="1" />
        <bin index="27" start="0.027" width="0.001" count="1" />
        <bin index="28" start="0.028" width="0.001" count="1" />
      </delayHistogram>
      <jitterHistogram nBins="28" >
        <bin index="0" start="0" width="0.001" count="315" />
        <bin index="1" start="0.001" width="0.001" count="16" />
        <bin index="2" start="0.002" width="0.001" count="2" />
        <bin index="3" start="0.003" width="0.001" count="1" />
        <bin index="4" start="0.004" width="0.001" count="2" />
        <bin index="6" start="0.006" width="0.001" count="1" />
        <bin index="7" start="0.007" width="0.001" count="1" />
        <bin index="10" start="0.01" width="0.001" count="2" />
        <bin index="25" start="0.025" width="0.001" count="2" />
        <bin index="26" start="0.026" width="0.001" count="1" />
        <bin index="27" start="0.027" width="0.001" count="1" />
      </jitterHistogram>
      <packetSizeHistogram nBins="5" >
        <bin index="4" start="80" width="20" count="345" />
      </packetSizeHistogram>
      <flowInterruptionsHistogram nBins="29" >
        <bin index="2" start="0.5" width="0.25" count="1" />
        <bin index="8" start="2" width="0.25" count="1" />
        <bin index="18" start="4.5" width="0.25" count="1" />
        <bin index="28" start="7" width="0.25" count="1" />
      </flowInterruptionsHistogram>
    </Flow>
    <Flow flowId="4" timeFirstTxPacket="+100321114735.0ns" timeFirstRxPacket="+100324782188.0ns" timeLastTxPacket="+199821114735.0ns" timeLastRxPacket="+199822111176.0ns" delaySum="+375342555.0ns" jitterSum="+352140046.0ns" lastDelay="+996441.0ns" txBytes="36708" rxBytes="33488" txPackets="399" rxPackets="364" lostPackets="10" timesForwarded="34">
      <delayHistogram nBins="36" >
        <bin index="0" start="0" width="0.001" count="308" />
        <bin index="1" start="0.001" width="0.001" count="32" />
        <bin index="2" start="0.002" width="0.001" count="4" />
        <bin index="3" start="0.003" width="0.001" count="4" />
        <bin index="4" start="0.004" width="0.001" count="2" />
        <bin index="6" start="0.006" width="0.001" count="1" />
        <bin index="7" start="0.007" width="0.001" count="1" />
        <bin index="8" start="0.008" width="0.001" count="1" />
        <bin index="10" start="0.01" width="0.001" count="1" />
        <bin index="11" start="0.011" width="0.001" count="3" />
        <bin index="13" start="0.013" width="0.001" count="2" />
        <bin index="14" start="0.014" width="0.001" count="1" />
        <bin index="16" start="0.016" width="0.001" count="1" />
        <bin index="18" start="0.018" width="0.001" count="1" />
        <bin index="31" start="0.031" width="0.001" count="1" />
        <bin index="35" start="0.035" width="0.001" count="1" />
      </delayHistogram>
      <jitterHistogram nBins="35" >
        <bin index="0" start="0" width="0.001" count="323" />
        <bin index="1" start="0.001" width="0.001" count="10" />
        <bin index="2" start="0.002" width="0.001" count="3" />
        <bin index="3" start="0.003" width="0.001" count="5" />
        <bin index="4" start="0.004" width="0.001" count="3" />
        <bin index="6" start="0.006" width="0.001" count="1" />
        <bin index="7" start="0.007" width="0.001" count="3" />
        <bin index="9" start="0.009" width="0.001" count="1" />
        <bin index="10" start="0.01" width="0.001" count="3" />
        <bin index="11" start="0.011" width="0.001" count="1" />
        <bin index="12" start="0.012" width="0.001" count="2" />
        <bin index="13" start="0.013" width="0.001" count="2" />
        <bin index="14" start="0.014" width="0.001" count="1" />
        <bin index="17" start="0.017" width="0.001" count="1" />
        <bin index="19" start="0.019" width="0.001" count="1" />
        <bin index="30" start="0.03" width="0.001" count="1" />
        <bin index="31" start="0.031" width="0.001" count="1" />
        <bin index="34" start="0.034" width="0.001" count="1" />
      </jitterHistogram>
      <packetSizeHistogram nBins="5" >
        <bin index="4" start="80" width="20" count="364" />
      </packetSizeHistogram>
      <flowInterruptionsHistogram nBins="29" >
        <bin index="2" start="0.5" width="0.25" count="3" />
        <bin index="3" start="0.75" width="0.25" count="1" />
        <bin index="28" start="7" width="0.25" count="1" />
      </flowInterruptionsHistogram>
    </Flow>
    <Flow flowId="5" timeFirstTxPacket="+100437643488.0ns" timeFirstRxPacket="+100454860713.0ns" timeLastTxPacket="+199937643488.0ns" timeLastRxPacket="+198702935283.0ns" delaySum="+647126405.0ns" jitterSum="+422126312.0ns" lastDelay="+15291795.0ns" txBytes="36708" rxBytes="35236" txPackets="399" rxPackets="383" lostPackets="8" timesForwarded="294">
      <delayHistogram nBins="33" >
        <bin index="0" start="0" width="0.001" count="172" />
        <bin index="1" start="0.001" width="0.001" count="141" />
        <bin index="2" start="0.002" width="0.001" count="40" />
        <bin index="3" start="0.003" width="0.001" count="8" />
        <bin index="4" start="0.004" width="0.001" count="2" />
        <bin index="5" start="0.005" width="0.001" count="1" />
        <bin index="6" start="0.006" width="0.001" count="3" />
        <bin index="7" start="0.007" width="0.001" count="1" />
        <bin index="8" start="0.008" width="0.001" count="3" />
        <bin index="10" start="0.01" width="0.001" count="1" />
        <bin index="11" start="0.011" width="0.001" count="1" />
        <bin index="12" start="0.012" width="0.001" count="1" />
        <bin index="14" start="0.014" width="0.001" count="1" />
        <bin index="15" start="0.015" width="0.001" count="2" />
        <bin index="16" start="0.016" width="0.001" count="1" />
        <bin index="17" start="0.017" width="0.001" count="4" />
        <bin index="32" start="0.032" width="0.001" count="1" />
      </delayHistogram>
      <jitterHistogram nBins="32" >
        <bin index="0" start="0" width="0.001" count="322" />
        <bin index="1" start="0.001" width="0.001" count="20" />
        <bin index="2" start="0.002" width="0.001" count="8" />
        <bin index="3" start="0.003" width="0.001" count="2" />
        <bin index="4" start="0.004" width="0.001" count="3" />
        <bin index="5" start="0.005" width="0.001" count="5" />
        <bin index="6" start="0.006" width="0.001" count="3" />
        <bin index="7" start="0.007" width="0.001" count="4" />
        <bin index="9" start="0.009" width="0.001" count="2" />
        <bin index="10" start="0.01" width="0.001" count="2" />
        <bin index="13" start="0.013" width="0.001" count="5" />
        <bin index="14" start="0.014" width="0.001" count="1" />
        <bin index="15" start="0.015" width="0.001" count="1" />
        <bin index="16" start="0.016" width="0.001" count="2" />
        <bin index="27" start="0.027" width="0.001" count="1" />
        <bin index="31" start="0.031" width="0.001" count="1" />
      </jitterHistogram>
      <packetSizeHistogram nBins="5" >
        <bin index="4" start="80" width="20" count="383" />
      </packetSizeHistogram>
      <flowInterruptionsHistogram nBins="7" >
        <bin index="2" start="0.5" width="0.25" count="3" />
        <bin index="3" start="0.75" width="0.25" count="1" />
        <bin index="6" start="1.5" width="0.25" count="1" />
      </flowInterruptionsHistogram>
    </Flow>
    <Flow flowId="6" timeFirstTxPacket="+100500964894.0ns" timeFirstRxPacket="+100514109002.0ns" timeLastTxPacket="+199750964894.0ns" timeLastRxPacket="+175509073424.0ns" delaySum="+2980670926.0ns" jitterSum="+2212213164.0ns" lastDelay="+508108530.0ns" txBytes="29348" rxBytes="24656" txPackets="319" rxPackets="268" lostPackets="33" timesForwarded="101">
      <delayHistogram nBins="1007" >
        <bin index="0" start="0" width="0.001" count="172" />
        <bin index="1" start="0.001" width="0.001" count="36" />
        <bin index="2" start="0.002" width="0.001" count="17" />
        <bin index="3" start="0.003" width="0.001" count="4" />
        <bin index="4" start="0.004" width="0.001" count="3" />
        <bin index="5" start="0.005" width="0.001" count="4" />
        <bin index="6" start="0.006" width="0.001" count="3" />
        <bin index="7" start="0.007" width="0.001" count="3" />
        <bin index="9" start="0.009" width="0.001" count="5" />
        <bin index="10" start="0.01" width="0.001" count="2" />
        <bin index="12" start="0.012" width="0.001" count="1" />
        <bin index="13" start="0.013" width="0.001" count="2" />
        <bin index="14" start="0.014" width="0.001" count="1" />
        <bin index="15" start="0.015" width="0.001" count="2" />
        <bin index="17" start="0.017" width="0.001" count="1" />
        <bin index="22" start="0.022" width="0.001" count="1" />
        <bin index="24" start="0.024" width="0.001" count="1" />
        <bin index="29" start="0.029" width="0.001" count="1" />
        <bin index="32" start="0.032" width="0.001" count="2" />
        <bin index="33" start="0.033" width="0.001" count="2" />
        <bin index="35" start="0.035" width="0.001" count="1" />
        <bin index="53" start="0.053" width="0.001" count="1" />
        <bin index="508" start="0.508" width="0.001" count="1" />
        <bin index="757" start="0.757" width="0.001" count="1" />
        <bin index="1006" start="1.006" width="0.001" count="1" />
      </delayHistogram>
      <jitterHistogram nBins="1005" >
        <bin index="0" start="0" width="0.001" count="195" />
        <bin index="1" start="0.001" width="0.001" count="18" />
        <bin index="2" start="0.002" width="0.001" count="2" />
        <bin index="3" start="0.003" width="0.001" count="3" />
        <bin index="4" start="0.004" width="0.001" count="6" />
        <bin index="5" start="0.005" width="0.001" count="4" />
        <bin index="6" start="0.006" width="0.001" count="3" />
        <bin index="7" start="0.007" width="0.001" count="4" />
        <bin index="8" start="0.008" width="0.001" count="1" />
        <bin index="9" start="0.009" width="0.001" count="4" />
        <bin index="10" start="0.01" width="0.001" count="3" />
        <bin index="11" start="0.011" width="0.001" count="3" />
        <bin index="12" start="0.012" width="0.001" count="1" />
        <bin index="15" start="0.015" width="0.001" count="1" />
        <bin index="17" start="0.017" width="0.001" count="2" />
        <bin index="20" start="0.02" width="0.001" count="2" />
        <bin index="21" start="0.021" width="0.001" count="1" />
        <bin index="22" start="0.022" width="0.001" count="2" />
        <bin index="24" start="0.024" width="0.001" count="1" />
        <bin index="25" start="0.025" width="0.001" count="2" />
        <bin index="26" start="0.026" width="0.001" count="1" />
        <bin index="27" start="0.027" width="0.001" count="2" />
        <bin index="28" start="0.028" width="0.001" count="1" />
        <bin index="29" start="0.029" width="0.001" count="1" />
        <bin index="51" start="0.051" width="0.001" count="1" />
        <bin index="249" start="0.249" width="0.001" count="2" />
        <bin index="1004" start="1.004" width="0.001" count="1" />
      </jitterHistogram>
      <packetSizeHistogram nBins="5" >
        <bin index="4" start="80" width="20" count="268" />
      </packetSizeHistogram>
      <flowInterruptionsHistogram nBins="9" >
        <bin index="2" start="0.5" width="0.25" count="3" />
        <bin index="3" start="0.75" width="0.25" count="5" />
        <bin index="4" start="1" width="0.25" count="1" />
        <bin index="5" start="1.25" width="0.25" count="1" />
        <bin index="8" start="2" width="0.25" count="1" />
      </flowInterruptionsHistogram>
    </Flow>
    <Flow flowId="7" timeFirstTxPacket="+100948898169.0ns" timeFirstRxPacket="+100958644644.0ns" timeLastTxPacket="+199948898169.0ns" timeLastRxPacket="+199977644629.0ns" delaySum="+3200227070.0ns" jitterSum="+3439607267.0ns" lastDelay="+28746460.0ns" txBytes="31740" rxBytes="21252" txPackets="345" rxPackets="231" lostPackets="85" timesForwarded="406">
      <packetsDropped reasonCode="0" number="8" />
      <bytesDropped reasonCode="0" bytes="736" />
      <delayHistogram nBins="1006" >
        <bin index="0" start="0" width="0.001" count="9" />
        <bin index="1" start="0.001" width="0.001" count="77" />
        <bin index="2" start="0.002" width="0.001" count="60" />
        <bin index="3" start="0.003" width="0.001" count="22" />
        <bin index="4" start="0.004" width="0.001" count="6" />
        <bin index="5" start="0.005" width="0.001" count="5" />
        <bin index="6" start="0.006" width="0.001" count="7" />
        <bin index="7" start="0.007" width="0.001" count="5" />
        <bin index="8" start="0.008" width="0.001" count="1" />
        <bin index="9" start="0.009" width="0.001" count="7" />
        <bin index="10" start="0.01" width="0.001" count="2" />
        <bin index="11" start="0.011" width="0.001" count="4" />
        <bin index="12" start="0.012" width="0.001" count="2" />
        <bin index="13" start="0.013" width="0.001" count="2" />
        <bin index="15" start="0.015" width="0.001" count="2" />
        <bin index="16" start="0.016" width="0.001" count="1" />
        <bin index="17" start="0.017" width="0.001" count="2" />
        <bin index="20" start="0.02" width="0.001" count="2" />
        <bin index="21" start="0.021" width="0.001" count="1" />
        <bin index="22" start="0.022" width="0.001" count="1" />
        <bin index="23" start="0.023" width="0.001" count="1" />
        <bin index="24" start="0.024" width="0.001" count="1" />
        <bin index="28" start="0.028" width="0.001" count="2" />
        <bin index="29" start="0.029" width="0.001" count="1" />
        <bin index="34" start="0.034" width="0.001" count="1" />
        <bin index="36" start="0.036" width="0.001" count="2" />
        <bin index="37" start="0.037" width="0.001" count="1" />
        <bin index="42" start="0.042" width="0.001" count="1" />
        <bin index="267" start="0.267" width="0.001" count="1" />
        <bin index="756" start="0.756" width="0.001" count="1" />
        <bin index="1005" start="1.005" width="0.001" count="1" />
      </delayHistogram>
      <jitterHistogram nBins="985" >
        <bin index="0" start="0" width="0.001" count="118" />
        <bin index="1" start="0.001" width="0.001" count="29" />
        <bin index="2" start="0.002" width="0.001" count="6" />
        <bin index="3" start="0.003" width="0.001" count="6" />
        <bin index="4" start="0.004" width="0.001" count="6" />
        <bin index="5" start="0.005" width="0.001" count="8" />
        <bin index="6" start="0.006" width="0.001" count="4" />
        <bin index="7" start="0.007" width="0.001" count="5" />
        <bin index="8" start="0.008" width="0.001" count="6" />
        <bin index="9" start="0.009" width="0.001" count="9" />
        <bin index="10" start="0.01" width="0.001" count="3" />
        <bin index="11" start="0.011" width="0.001" count="4" />
        <bin index="13" start="0.013" width="0.001" count="3" />
        <bin index="15" start="0.015" width="0.001" count="3" />
        <bin index="16" start="0.016" width="0.001" count="1" />
        <bin index="18" start="0.018" width="0.001" count="2" />
        <bin index="21" start="0.021" width="0.001" count="2" />
        <bin index="22" start="0.022" width="0.001" count="1" />
        <bin index="25" start="0.025" width="0.001" count="2" />
        <bin index="26" start="0.026" width="0.001" count="2" />
        <bin index="27" start="0.027" width="0.001" count="1" />
        <bin index="30" start="0.03" width="0.001" count="1" />
        <bin index="31" start="0.031" width="0.001" count="2" />
        <bin index="34" start="0.034" width="0.001" count="1" />
        <bin index="248" start="0.248" width="0.001" count="1" />
        <bin index="249" start="0.249" width="0.001" count="1" />
        <bin index="263" start="0.263" width="0.001" count="1" />
        <bin index="754" start="0.754" width="0.001" count="1" />
        <bin index="984" start="0.984" width="0.001" count="1" />
      </jitterHistogram>
      <packetSizeHistogram nBins="5" >
        <bin index="4" start="80" width="20" count="231" />
      </packetSizeHistogram>
      <flowInterruptionsHistogram nBins="39" >
        <bin index="2" start="0.5" width="0.25" count="7" />
        <bin index="9" start="2.25" width="0.25" count="1" />
        <bin index="12" start="3" width="0.25" count="1" />
        <bin index="15" start="3.75" width="0.25" count="1" />
        <bin index="20" start="5" width="0.25" count="1" />
        <bin index="27" start="6.75" width="0.25" count="1" />
        <bin index="37" start="9.25" width="0.25" count="1" />
        <bin index="38" start="9.5" width="0.25" count="1" />
      </flowInterruptionsHistogram>
    </Flow>
    <Flow flowId="8" timeFirstTxPacket="+100962826429.0ns" timeFirstRxPacket="+100970164530.0ns" timeLastTxPacket="+199962826429.0ns" timeLastRxPacket="+199963862485.0ns" delaySum="+3248931508.0ns" jitterSum="+2720340141.0ns" lastDelay="+1036056.0ns" txBytes="36524" rxBytes="32200" txPackets="397" rxPackets="350" lostPackets="47" timesForwarded="146">
      <delayHistogram nBins="1005" >
        <bin index="0" start="0" width="0.001" count="203" />
        <bin index="1" start="0.001" width="0.001" count="92" />
        <bin index="2" start="0.002" width="0.001" count="10" />
        <bin index="3" start="0.003" width="0.001" count="6" />
        <bin index="4" start="0.004" width="0.001" count="2" />
        <bin index="5" start="0.005" width="0.001" count="1" />
        <bin index="6" start="0.006" width="0.001" count="1" />
        <bin index="7" start="0.007" width="0.001" count="1" />
        <bin index="8" start="0.008" width="0.001" count="2" />
        <bin index="10" start="0.01" width="0.001" count="2" />
        <bin index="11" start="0.011" width="0.001" count="1" />
        <bin index="14" start="0.014" width="0.001" count="1" />
        <bin index="15" start="0.015" width="0.001" count="1" />
        <bin index="16" start="0.016" width="0.001" count="1" />
        <bin index="17" start="0.017" width="0.001" count="2" />
        <bin index="19" start="0.019" width="0.001" count="2" />
        <bin index="20" start="0.02" width="0.001" count="2" />
        <bin index="21" start="0.021" width="0.001" count="2" />
        <bin index="22" start="0.022" width="0.001" count="1" />
        <bin index="23" start="0.023" width="0.001" count="1" />
        <bin index="26" start="0.026" width="0.001" count="2" />
        <bin index="27" start="0.027" width="0.001" count="1" />
        <bin index="28" start="0.028" width="0.001" count="3" />
        <bin index="29" start="0.029" width="0.001" count="2" />
        <bin index="31" start="0.031" width="0.001" count="1" />
        <bin index="34" start="0.034" width="0.001" count="1" />
        <bin index="36" start="0.036" width="0.001" count="1" />
        <bin index="37" start="0.037" width="0.001" count="1" />
        <bin index="46" start="0.046" width="0.001" count="1" />
        <bin index="506" start="0.506" width="0.001" count="1" />
        <bin index="755" start="0.755" width="0.001" count="1" />
        <bin index="1004" start="1.004" width="0.001" count="1" />
      </delayHistogram>
      <jitterHistogram nBins="1004" >
        <bin index="0" start="0" width="0.001" count="270" />
        <bin index="1" start="0.001" width="0.001" count="22" />
        <bin index="2" start="0.002" width="0.001" count="4" />
        <bin index="3" start="0.003" width="0.001" count="6" />
        <bin index="4" start="0.004" width="0.001" count="5" />
        <bin index="5" start="0.005" width="0.001" count="1" />
        <bin index="7" start="0.007" width="0.001" count="6" />
        <bin index="8" start="0.008" width="0.001" count="3" />
        <bin index="9" start="0.009" width="0.001" count="2" />
        <bin index="10" start="0.01" width="0.001" count="1" />
        <bin index="11" start="0.011" width="0.001" count="3" />
        <bin index="12" start="0.012" width="0.001" count="1" />
        <bin index="13" start="0.013" width="0.001" count="3" />
        <bin index="14" start="0.014" width="0.001" count="1" />
        <bin index="15" start="0.015" width="0.001" count="1" />
        <bin index="16" start="0.016" width="0.001" count="3" />
        <bin index="17" start="0.017" width="0.001" count="2" />
        <bin index="20" start="0.02" width="0.001" count="2" />
        <bin index="21" start="0.021" width="0.001" count="2" />
        <bin index="22" start="0.022" width="0.001" count="1" />
        <bin index="23" start="0.023" width="0.001" count="1" />
        <bin index="26" start="0.026" width="0.001" count="1" />
        <bin index="27" start="0.027" width="0.001" count="2" />
        <bin index="34" start="0.034" width="0.001" count="1" />
        <bin index="46" start="0.046" width="0.001" count="1" />
        <bin index="249" start="0.249" width="0.001" count="2" />
        <bin index="505" start="0.505" width="0.001" count="1" />
        <bin index="1003" start="1.003" width="0.001" count="1" />
      </jitterHistogram>
      <packetSizeHistogram nBins="5" >
        <bin index="4" start="80" width="20" count="350" />
      </packetSizeHistogram>
      <flowInterruptionsHistogram nBins="19" >
        <bin index="2" start="0.5" width="0.25" count="2" />
        <bin index="5" start="1.25" width="0.25" count="1" />
        <bin index="10" start="2.5" width="0.25" count="1" />
        <bin index="14" start="3.5" width="0.25" count="1" />
        <bin index="18" start="4.5" width="0.25" count="1" />
      </flowInterruptionsHistogram>
    </Flow>
    <Flow flowId="9" timeFirstTxPacket="+101119338913.0ns" timeFirstRxPacket="+101127978037.0ns" timeLastTxPacket="+199869338913.0ns" timeLastRxPacket="+199870355640.0ns" delaySum="+1415732355.0ns" jitterSum="+1780161445.0ns" lastDelay="+1016727.0ns" txBytes="36432" rxBytes="27968" txPackets="396" rxPackets="304" lostPackets="92" timesForwarded="295">
      <delayHistogram nBins="598" >
        <bin index="0" start="0" width="0.001" count="135" />
        <bin index="1" start="0.001" width="0.001" count="67" />
        <bin index="2" start="0.002" width="0.001" count="40" />
        <bin index="3" start="0.003" width="0.001" count="18" />
        <bin index="4" start="0.004" width="0.001" count="7" />
        <bin index="5" start="0.005" width="0.001" count="3" />
        <bin index="6" start="0.006" width="0.001" count="3" />
        <bin index="7" start="0.007" width="0.001" count="4" />
        <bin index="8" start="0.008" width="0.001" count="2" />
        <bin index="9" start="0.009" width="0.001" count="4" />
        <bin index="10" start="0.01" width="0.001" count="1" />
        <bin index="11" start="0.011" width="0.001" count="5" />
        <bin index="12" start="0.012" width="0.001" count="2" />
        <bin index="14" start="0.014" width="0.001" count="2" />
        <bin index="15" start="0.015" width="0.001" count="1" />
        <bin index="16" start="0.016" width="0.001" count="2" />
        <bin index="17" start="0.017" width="0.001" count="1" />
        <bin index="19" start="0.019" width="0.001" count="1" />
        <bin index="20" start="0.02" width="0.001" count="1" />
        <bin index="25" start="0.025" width="0.001" count="1" />
        <bin index="32" start="0.032" width="0.001" count="1" />
        <bin index="34" start="0.034" width="0.001" count="1" />
        <bin index="36" start="0.036" width="0.001" count="1" />
        <bin index="597" start="0.597" width="0.001" count="1" />
      </delayHistogram>
      <jitterHistogram nBins="595" >
        <bin index="0" start="0" width="0.001" count="213" />
        <bin index="1" start="0.001" width="0.001" count="24" />
        <bin index="2" start="0.002" width="0.001" count="7" />
        <bin index="3" start="0.003" width="0.001" count="11" />
        <bin index="4" start="0.004" width="0.001" count="4" />
        <bin index="5" start="0.005" width="0.001" count="6" />
        <bin index="6" start="0.006" width="0.001" count="4" />
        <bin index="7" start="0.007" width="0.001" count="5" />
        <bin index="8" start="0.008" width="0.001" count="5" />
        <bin index="9" start="0.009" width="0.001" count="3" />
        <bin index="10" start="0.01" width="0.001" count="3" />
        <bin index="11" start="0.011" width="0.001" count="3" />
        <bin index="12" start="0.012" width="0.001" count="2" />
        <bin index="13" start="0.013" width="0.001" count="3" />
        <bin index="14" start="0.014" width="0.001" count="1" />
        <bin index="15" start="0.015" width="0.001" count="2" />
        <bin index="17" start="0.017" width="0.001" count="1" />
        <bin index="22" start="0.022" width="0.001" count="1" />
        <bin index="30" start="0.03" width="0.001" count="2" />
        <bin index="31" start="0.031" width="0.001" count="1" />
        <bin index="564" start="0.564" width="0.001" count="1" />
        <bin index="594" start="0.594" width="0.001" count="1" />
      </jitterHistogram>
      <packetSizeHistogram nBins="5" >
        <bin index="4" start="80" width="20" count="304" />
      </packetSizeHistogram>
      <flowInterruptionsHistogram nBins="28" >
        <bin index="2" start="0.5" width="0.25" count="9" />
        <bin index="3" start="0.75" width="0.25" count="2" />
        <bin index="4" start="1" width="0.25" count="2" />
        <bin index="7" start="1.75" width="0.25" count="3" />
        <bin index="10" start="2.5" width="0.25" count="1" />
        <bin index="11" start="2.75" width="0.25" count="1" />
        <bin index="27" start="6.75" width="0.25" count="1" />
      </flowInterruptionsHistogram>
    </Flow>
    <Flow flowId="10" timeFirstTxPacket="+101247176269.0ns" timeFirstRxPacket="+101257689820.0ns" timeLastTxPacket="+199997176269.0ns" timeLastRxPacket="+199999309011.0ns" delaySum="+11630332320.0ns" jitterSum="+12348397973.0ns" lastDelay="+2132742.0ns" txBytes="36432" rxBytes="28428" txPackets="396" rxPackets="309" lostPackets="65" timesForwarded="63">
      <delayHistogram nBins="3007" >
        <bin index="0" start="0" width="0.001" count="243" />
        <bin index="1" start="0.001" width="0.001" count="32" />
        <bin index="2" start="0.002" width="0.001" count="9" />
        <bin index="3" start="0.003" width="0.001" count="5" />
        <bin index="4" start="0.004" width="0.001" count="3" />
        <bin index="5" start="0.005" width="0.001" count="2" />
        <bin index="7" start="0.007" width="0.001" count="2" />
        <bin index="9" start="0.009" width="0.001" count="1" />
        <bin index="10" start="0.01" width="0.001" count="2" />
        <bin index="12" start="0.012" width="0.001" count="1" />
        <bin index="13" start="0.013" width="0.001" count="2" />
        <bin index="15" start="0.015" width="0.001" count="1" />
        <bin index="27" start="0.027" width="0.001" count="1" />
        <bin index="43" start="0.043" width="0.001" count="1" />
        <bin index="2508" start="2.508" width="0.001" count="1" />
        <bin index="2757" start="2.757" width="0.001" count="1" />
        <bin index="3006" start="3.006" width="0.001" count="2" />
      </delayHistogram>
      <jitterHistogram nBins="3006" >
        <bin index="0" start="0" width="0.001" count="263" />
        <bin index="1" start="0.001" width="0.001" count="12" />
        <bin index="2" start="0.002" width="0.001" count="4" />
        <bin index="3" start="0.003" width="0.001" count="3" />
        <bin index="4" start="0.004" width="0.001" count="3" />
        <bin index="6" start="0.006" width="0.001" count="4" />
        <bin index="8" start="0.008" width="0.001" count="2" />
        <bin index="10" start="0.01" width="0.001" count="1" />
        <bin index="11" start="0.011" width="0.001" count="1" />
        <bin index="12" start="0.012" width="0.001" count="1" />
        <bin index="13" start="0.013" width="0.001" count="3" />
        <bin index="15" start="0.015" width="0.001" count="1" />
        <bin index="22" start="0.022" width="0.001" count="1" />
        <bin index="26" start="0.026" width="0.001" count="1" />
        <bin index="39" start="0.039" width="0.001" count="1" />
        <bin index="42" start="0.042" width="0.001" count="1" />
        <bin index="249" start="0.249" width="0.001" count="2" />
        <bin index="2504" start="2.504" width="0.001" count="1" />
        <bin index="3004" start="3.004" width="0.001" count="2" />
        <bin index="3005" start="3.005" width="0.001" count="1" />
      </jitterHistogram>
      <packetSizeHistogram nBins="5" >
        <bin index="4" start="80" width="20" count="309" />
      </packetSizeHistogram>
      <flowInterruptionsHistogram nBins="22" >
        <bin index="3" start="0.75" width="0.25" count="2" />
        <bin index="13" start="3.25" width="0.25" count="1" />
        <bin index="15" start="3.75" width="0.25" count="1" />
        <bin index="17" start="4.25" width="0.25" count="1" />
        <bin index="18" start="4.5" width="0.25" count="1" />
        <bin index="21" start="5.25" width="0.25" count="1" />
      </flowInterruptionsHistogram>
    </Flow>
  </FlowStats>
  <Ipv4FlowClassifier>
    <Flow flowId="2" sourceAddress="10.1.1.11" destinationAddress="10.1.1.1" protocol="17" sourcePort="49153" destinationPort="9">
      <Dscp value="0x0" packets="397" />
    </Flow>
    <Flow flowId="5" sourceAddress="10.1.1.12" destinationAddress="10.1.1.2" protocol="17" sourcePort="49153" destinationPort="9">
      <Dscp value="0x0" packets="399" />
    </Flow>
    <Flow flowId="4" sourceAddress="10.1.1.13" destinationAddress="10.1.1.3" protocol="17" sourcePort="49153" destinationPort="9">
      <Dscp value="0x0" packets="399" />
    </Flow>
    <Flow flowId="3" sourceAddress="10.1.1.14" destinationAddress="10.1.1.4" protocol="17" sourcePort="49153" destinationPort="9">
      <Dscp value="0x0" packets="399" />
    </Flow>
    <Flow flowId="7" sourceAddress="10.1.1.15" destinationAddress="10.1.1.5" protocol="17" sourcePort="49153" destinationPort="9">
      <Dscp value="0x0" packets="345" />
    </Flow>
    <Flow flowId="8" sourceAddress="10.1.1.16" destinationAddress="10.1.1.6" protocol="17" sourcePort="49153" destinationPort="9">
      <Dscp value="0x0" packets="397" />
    </Flow>
    <Flow flowId="6" sourceAddress="10.1.1.17" destinationAddress="10.1.1.7" protocol="17" sourcePort="49153" destinationPort="9">
      <Dscp value="0x0" packets="319" />
    </Flow>
    <Flow flowId="1" sourceAddress="10.1.1.18" destinationAddress="10.1.1.8" protocol="17" sourcePort="49153" destinationPort="9">
      <Dscp value="0x0" packets="397" />
    </Flow>
    <Flow flowId="9" sourceAddress="10.1.1.19" destinationAddress="10.1.1.9" protocol="17" sourcePort="49153" destinationPort="9">
      <Dscp value="0x0" packets="396" />
    </Flow>
    <Flow flowId="10" sourceAddress="10.1.1.20" destinationAddress="10.1.1.10" protocol="17" sourcePort="49153" destinationPort="9">
      <Dscp value="0x0" packets="396" />
    </Flow>
  </Ipv4FlowClassifier>
  <Ipv6FlowClassifier>
  </Ipv6FlowClassifier>
  <FlowProbes>
    <FlowProbe index="0">
      <FlowStats  flowId="1" packets="26" bytes="2392" delayFromFirstProbeSum="+56039855.0ns" >
      </FlowStats>
      <FlowStats  flowId="2" packets="344" bytes="31648" delayFromFirstProbeSum="+598461703.0ns" >
      </FlowStats>
      <FlowStats  flowId="5" packets="16" bytes="1472" delayFromFirstProbeSum="+7760533.0ns" >
      </FlowStats>
      <FlowStats  flowId="6" packets="1" bytes="92" delayFromFirstProbeSum="+12530578.0ns" >
      </FlowStats>
      <FlowStats  flowId="7" packets="19" bytes="1748" delayFromFirstProbeSum="+23410805.0ns" >
      </FlowStats>
      <FlowStats  flowId="8" packets="6" bytes="552" delayFromFirstProbeSum="+69518218.0ns" >
      </FlowStats>
      <FlowStats  flowId="9" packets="9" bytes="828" delayFromFirstProbeSum="+10286579.0ns" >
      </FlowStats>
      <FlowStats  flowId="10" packets="8" bytes="736" delayFromFirstProbeSum="+3269260.0ns" >
      </FlowStats>
    </FlowProbe>
    <FlowProbe index="1">
    </FlowProbe>
    <FlowProbe index="2">
      <FlowStats  flowId="1" packets="64" bytes="5888" delayFromFirstProbeSum="+271009320.0ns" >
      </FlowStats>
      <FlowStats  flowId="2" packets="1" bytes="92" delayFromFirstProbeSum="+12737912.0ns" >
      </FlowStats>
      <FlowStats  flowId="4" packets="7" bytes="644" delayFromFirstProbeSum="+9538531.0ns" >
      </FlowStats>
      <FlowStats  flowId="5" packets="383" bytes="35236" delayFromFirstProbeSum="+647126405.0ns" >
      </FlowStats>
      <FlowStats  flowId="6" packets="18" bytes="1656" delayFromFirstProbeSum="+229910854.0ns" >
      </FlowStats>
      <FlowStats  flowId="7" packets="32" bytes="2944" delayFromFirstProbeSum="+169002449.0ns" >
      </FlowStats>
      <FlowStats  flowId="9" packets="49" bytes="4508" delayFromFirstProbeSum="+15634917.0ns" >
      </FlowStats>
    </FlowProbe>
    <FlowProbe index="3">
    </FlowProbe>
    <FlowProbe index="4">
      <FlowStats  flowId="3" packets="8" bytes="736" delayFromFirstProbeSum="+6528681.0ns" >
      </FlowStats>
      <FlowStats  flowId="4" packets="364" bytes="33488" delayFromFirstProbeSum="+375342555.0ns" >
      </FlowStats>
      <FlowStats  flowId="9" packets="8" bytes="736" delayFromFirstProbeSum="+12880108.0ns" >
      </FlowStats>
    </FlowProbe>
    <FlowProbe index="5">
    </FlowProbe>
    <FlowProbe index="6">
      <FlowStats  flowId="3" packets="345" bytes="31740" delayFromFirstProbeSum="+254159355.0ns" >
      </FlowStats>
      <FlowStats  flowId="5" packets="33" bytes="3036" delayFromFirstProbeSum="+23764815.0ns" >
      </FlowStats>
      <FlowStats  flowId="6" packets="4" bytes="368" delayFromFirstProbeSum="+9056279.0ns" >
      </FlowStats>
      <FlowStats  flowId="7" packets="35" bytes="3220" delayFromFirstProbeSum="+59137087.0ns" >
      </FlowStats>
      <FlowStats  flowId="8" packets="33" bytes="3036" delayFromFirstProbeSum="+9792950.0ns" >
      </FlowStats>
      <FlowStats  flowId="9" packets="36" bytes="3312" delayFromFirstProbeSum="+44822226.0ns" >
      </FlowStats>
      <FlowStats  flowId="10" packets="9" bytes="828" delayFromFirstProbeSum="+4936405.0ns" >
      </FlowStats>
    </FlowProbe>
    <FlowProbe index="7">
    </FlowProbe>
    <FlowProbe index="8">
      <FlowStats  flowId="3" packets="26" bytes="2392" delayFromFirstProbeSum="+13614331.0ns" >
      </FlowStats>
      <FlowStats  flowId="7" packets="231" bytes="21252" delayFromFirstProbeSum="+3200227070.0ns" >
      </FlowStats>
      <FlowStats  flowId="9" packets="4" bytes="368" delayFromFirstProbeSum="+598544372.0ns" >
      </FlowStats>
      <FlowStats  flowId="10" packets="16" bytes="1472" delayFromFirstProbeSum="+5343227.0ns" >
      </FlowStats>
    </FlowProbe>
    <FlowProbe index="9">
    </FlowProbe>
    <FlowProbe index="10">
      <FlowStats  flowId="1" packets="16" bytes="1472" delayFromFirstProbeSum="+13267521.0ns" >
      </FlowStats>
      <FlowStats  flowId="2" packets="9" bytes="828" delayFromFirstProbeSum="+55683327.0ns" >
      </FlowStats>
      <FlowStats  flowId="5" packets="48" bytes="4416" delayFromFirstProbeSum="+29036870.0ns" >
      </FlowStats>
      <FlowStats  flowId="6" packets="2" bytes="184" delayFromFirstProbeSum="+573260.0ns" >
      </FlowStats>
      <FlowStats  flowId="7" packets="40" bytes="3680" delayFromFirstProbeSum="+17506684.0ns" >
      </FlowStats>
      <FlowStats  flowId="8" packets="350" bytes="32200" delayFromFirstProbeSum="+3248931508.0ns" >
      </FlowStats>
      <FlowStats  flowId="9" packets="15" bytes="1380" delayFromFirstProbeSum="+13526550.0ns" >
      </FlowStats>
    </FlowProbe>
    <FlowProbe index="11">
    </FlowProbe>
    <FlowProbe index="12">
      <FlowStats  flowId="1" packets="55" bytes="5060" delayFromFirstProbeSum="+76664287.0ns" >
      </FlowStats>
      <FlowStats  flowId="2" packets="26" bytes="2392" delayFromFirstProbeSum="+37252099.0ns" >
      </FlowStats>
      <FlowStats  flowId="5" packets="25" bytes="2300" delayFromFirstProbeSum="+14701099.0ns" >
      </FlowStats>
      <FlowStats  flowId="6" packets="268" bytes="24656" delayFromFirstProbeSum="+2980670926.0ns" >
      </FlowStats>
      <FlowStats  flowId="9" packets="6" bytes="552" delayFromFirstProbeSum="+1721779.0ns" >
      </FlowStats>
      <FlowStats  flowId="10" packets="16" bytes="1472" delayFromFirstProbeSum="+3007975263.0ns" >
      </FlowStats>
    </FlowProbe>
    <FlowProbe index="13">
    </FlowProbe>
    <FlowProbe index="14">
      <FlowStats  flowId="1" packets="381" bytes="35052" delayFromFirstProbeSum="+3487761890.0ns" >
      </FlowStats>
      <FlowStats  flowId="6" packets="18" bytes="1656" delayFromFirstProbeSum="+9324683.0ns" >
      </FlowStats>
    </FlowProbe>
    <FlowProbe index="15">
    </FlowProbe>
    <FlowProbe index="16">
      <FlowStats  flowId="1" packets="40" bytes="3680" delayFromFirstProbeSum="+16799387.0ns" >
      </FlowStats>
      <FlowStats  flowId="2" packets="9" bytes="828" delayFromFirstProbeSum="+10616230.0ns" >
      </FlowStats>
      <FlowStats  flowId="5" packets="25" bytes="2300" delayFromFirstProbeSum="+56384636.0ns" >
      </FlowStats>
      <FlowStats  flowId="7" packets="25" bytes="2300" delayFromFirstProbeSum="+20870014.0ns" >
      </FlowStats>
      <FlowStats  flowId="9" packets="304" bytes="27968" delayFromFirstProbeSum="+1415732355.0ns" >
      </FlowStats>
      <FlowStats  flowId="10" packets="1" bytes="92" delayFromFirstProbeSum="+8923312.0ns" >
      </FlowStats>
    </FlowProbe>
    <FlowProbe index="17">
    </FlowProbe>
    <FlowProbe index="18">
      <FlowStats  flowId="1" packets="17" bytes="1564" delayFromFirstProbeSum="+8837405.0ns" >
      </FlowStats>
      <FlowStats  flowId="2" packets="9" bytes="828" delayFromFirstProbeSum="+11395706.0ns" >
      </FlowStats>
      <FlowStats  flowId="4" packets="8" bytes="736" delayFromFirstProbeSum="+8687988.0ns" >
      </FlowStats>
      <FlowStats  flowId="7" packets="54" bytes="4968" delayFromFirstProbeSum="+2388746352.0ns" >
      </FlowStats>
      <FlowStats  flowId="9" packets="68" bytes="6256" delayFromFirstProbeSum="+188857573.0ns" >
      </FlowStats>
      <FlowStats  flowId="10" packets="309" bytes="28428" delayFromFirstProbeSum="+11630332320.0ns" >
      </FlowStats>
    </FlowProbe>
    <FlowProbe index="19">
    </FlowProbe>
    <FlowProbe index="20">
      <FlowStats  flowId="1" packets="8" bytes="736" delayFromFirstProbeSum="+9686402.0ns" >
      </FlowStats>
      <FlowStats  flowId="2" packets="397" bytes="36524" delayFromFirstProbeSum="+0.0ns" >
      </FlowStats>
      <FlowStats  flowId="5" packets="8" bytes="736" delayFromFirstProbeSum="+13788895.0ns" >
      </FlowStats>
      <FlowStats  flowId="6" packets="15" bytes="1380" delayFromFirstProbeSum="+10600995.0ns" >
      </FlowStats>
      <FlowStats  flowId="7" packets="15" bytes="1380" delayFromFirstProbeSum="+95339974.0ns" >
      </FlowStats>
      <FlowStats  flowId="9" packets="9" bytes="828" delayFromFirstProbeSum="+67970445.0ns" >
      </FlowStats>
    </FlowProbe>
    <FlowProbe index="21">
    </FlowProbe>
    <FlowProbe index="22">
      <FlowStats  flowId="1" packets="24" bytes="2208" delayFromFirstProbeSum="+23514902.0ns" >
      </FlowStats>
      <FlowStats  flowId="5" packets="399" bytes="36708" delayFromFirstProbeSum="+0.0ns" >
      </FlowStats>
      <FlowStats  flowId="8" packets="46" bytes="4232" delayFromFirstProbeSum="+33244809.0ns" >
      </FlowStats>
    </FlowProbe>
    <FlowProbe index="23">
    </FlowProbe>
    <FlowProbe index="24">
      <FlowStats  flowId="2" packets="8" bytes="736" delayFromFirstProbeSum="+8723795.0ns" >
      </FlowStats>
      <FlowStats  flowId="4" packets="399" bytes="36708" delayFromFirstProbeSum="+0.0ns" >
      </FlowStats>
      <FlowStats  flowId="7" packets="20" bytes="1840" delayFromFirstProbeSum="+308751151.0ns" >
      </FlowStats>
      <FlowStats  flowId="9" packets="19" bytes="1748" delayFromFirstProbeSum="+51096338.0ns" >
      </FlowStats>
    </FlowProbe>
    <FlowProbe index="25">
    </FlowProbe>
    <FlowProbe index="26">
      <FlowStats  flowId="3" packets="399" bytes="36708" delayFromFirstProbeSum="+0.0ns" >
      </FlowStats>
      <FlowStats  flowId="7" packets="35" bytes="3220" delayFromFirstProbeSum="+233479349.0ns" >
      </FlowStats>
      <FlowStats  flowId="9" packets="18" bytes="1656" delayFromFirstProbeSum="+28623414.0ns" >
      </FlowStats>
      <FlowStats  flowId="10" packets="13" bytes="1196" delayFromFirstProbeSum="+8274127876.0ns" >
      </FlowStats>
    </FlowProbe>
    <FlowProbe index="27">
    </FlowProbe>
    <FlowProbe index="28">
      <FlowStats  flowId="1" packets="62" bytes="5704" delayFromFirstProbeSum="+2395525914.0ns" >
      </FlowStats>
      <FlowStats  flowId="5" packets="56" bytes="5152" delayFromFirstProbeSum="+21543851.0ns" >
      </FlowStats>
      <FlowStats  flowId="6" packets="7" bytes="644" delayFromFirstProbeSum="+8996022.0ns" >
      </FlowStats>
      <FlowStats  flowId="7" packets="345" bytes="31740" delayFromFirstProbeSum="+0.0ns" >
      </FlowStats>
      <FlowStats  flowId="8" packets="16" bytes="1472" delayFromFirstProbeSum="+4589951.0ns" >
      </FlowStats>
      <FlowStats  flowId="9" packets="39" bytes="3588" delayFromFirstProbeSum="+14429881.0ns" >
      </FlowStats>
    </FlowProbe>
    <FlowProbe index="29">
    </FlowProbe>
    <FlowProbe index="30">
      <FlowStats  flowId="1" packets="12" bytes="1104" delayFromFirstProbeSum="+2262258168.0ns" >
      </FlowStats>
      <FlowStats  flowId="5" packets="52" bytes="4784" delayFromFirstProbeSum="+78348903.0ns" >
      </FlowStats>
      <FlowStats  flowId="6" packets="52" bytes="4784" delayFromFirstProbeSum="+2510595508.0ns" >
      </FlowStats>
      <FlowStats  flowId="7" packets="57" bytes="5244" delayFromFirstProbeSum="+33249925.0ns" >
      </FlowStats>
      <FlowStats  flowId="8" packets="397" bytes="36524" delayFromFirstProbeSum="+0.0ns" >
      </FlowStats>
      <FlowStats  flowId="9" packets="32" bytes="2944" delayFromFirstProbeSum="+72207841.0ns" >
      </FlowStats>
    </FlowProbe>
    <FlowProbe index="31">
    </FlowProbe>
    <FlowProbe index="32">
      <FlowStats  flowId="1" packets="72" bytes="6624" delayFromFirstProbeSum="+94487428.0ns" >
      </FlowStats>
      <FlowStats  flowId="2" packets="1" bytes="92" delayFromFirstProbeSum="+14458238.0ns" >
      </FlowStats>
      <FlowStats  flowId="5" packets="16" bytes="1472" delayFromFirstProbeSum="+8614868.0ns" >
      </FlowStats>
      <FlowStats  flowId="6" packets="319" bytes="29348" delayFromFirstProbeSum="+0.0ns" >
      </FlowStats>
      <FlowStats  flowId="7" packets="0" bytes="0" delayFromFirstProbeSum="+0.0ns" >
        <packetsDropped reasonCode="0" number="8" />
        <bytesDropped reasonCode="0" bytes="736" />
      </FlowStats>
      <FlowStats  flowId="8" packets="5" bytes="460" delayFromFirstProbeSum="+2256704803.0ns" >
      </FlowStats>
    </FlowProbe>
    <FlowProbe index="33">
    </FlowProbe>
    <FlowProbe index="34">
      <FlowStats  flowId="1" packets="397" bytes="36524" delayFromFirstProbeSum="+0.0ns" >
      </FlowStats>
      <FlowStats  flowId="2" packets="37" bytes="3404" delayFromFirstProbeSum="+141161326.0ns" >
      </FlowStats>
      <FlowStats  flowId="6" packets="44" bytes="4048" delayFromFirstProbeSum="+213042080.0ns" >
      </FlowStats>
      <FlowStats  flowId="7" packets="59" bytes="5428" delayFromFirstProbeSum="+27277825.0ns" >
      </FlowStats>
      <FlowStats  flowId="8" packets="39" bytes="3588" delayFromFirstProbeSum="+44235768.0ns" >
      </FlowStats>
      <FlowStats  flowId="9" packets="26" bytes="2392" delayFromFirstProbeSum="+17862972.0ns" >
      </FlowStats>
    </FlowProbe>
    <FlowProbe index="35">
    </FlowProbe>
    <FlowProbe index="36">
      <FlowStats  flowId="1" packets="23" bytes="2116" delayFromFirstProbeSum="+29663158.0ns" >
      </FlowStats>
      <FlowStats  flowId="3" packets="5" bytes="460" delayFromFirstProbeSum="+18996917.0ns" >
      </FlowStats>
      <FlowStats  flowId="5" packets="15" bytes="1380" delayFromFirstProbeSum="+16652228.0ns" >
      </FlowStats>
      <FlowStats  flowId="7" packets="38" bytes="3496" delayFromFirstProbeSum="+35798150.0ns" >
      </FlowStats>
      <FlowStats  flowId="8" packets="1" bytes="92" delayFromFirstProbeSum="+2479417.0ns" >
      </FlowStats>
      <FlowStats  flowId="9" packets="396" bytes="36432" delayFromFirstProbeSum="+0.0ns" >
      </FlowStats>
    </FlowProbe>
    <FlowProbe index="37">
    </FlowProbe>
    <FlowProbe index="38">
      <FlowStats  flowId="2" packets="22" bytes="2024" delayFromFirstProbeSum="+66983970.0ns" >
      </FlowStats>
      <FlowStats  flowId="3" packets="4" bytes="368" delayFromFirstProbeSum="+49403861.0ns" >
      </FlowStats>
      <FlowStats  flowId="4" packets="47" bytes="4324" delayFromFirstProbeSum="+13452772.0ns" >
      </FlowStats>
      <FlowStats  flowId="5" packets="8" bytes="736" delayFromFirstProbeSum="+3666743.0ns" >
      </FlowStats>
      <FlowStats  flowId="6" packets="3" bytes="276" delayFromFirstProbeSum="+9094076.0ns" >
      </FlowStats>
      <FlowStats  flowId="7" packets="108" bytes="9936" delayFromFirstProbeSum="+240371537.0ns" >
      </FlowStats>
      <FlowStats  flowId="9" packets="34" bytes="3128" delayFromFirstProbeSum="+56658312.0ns" >
      </FlowStats>
      <FlowStats  flowId="10" packets="396" bytes="36432" delayFromFirstProbeSum="+0.0ns" >
      </FlowStats>
    </FlowProbe>
    <FlowProbe index="39">
    </FlowProbe>
  </FlowProbes>
</FlowMonitor>
