<?xml version="1.0" ?>
<FlowMonitor>
  <FlowStats>
    <Flow flowId="1" timeFirstTxPacket="+100481941559.0ns" timeFirstRxPacket="+100484380293.0ns" timeLastTxPacket="+199981941559.0ns" timeLastRxPacket="+199982228444.0ns" delaySum="+125488804.0ns" jitterSum="+20014471.0ns" lastDelay="+286885.0ns" txBytes="36708" rxBytes="36708" txPackets="399" rxPackets="399" lostPackets="0" timesForwarded="0">
      <delayHistogram nBins="3" >
        <bin index="0" start="0" width="0.001" count="392" />
        <bin index="1" start="0.001" width="0.001" count="5" />
        <bin index="2" start="0.002" width="0.001" count="2" />
      </delayHistogram>
      <jitterHistogram nBins="3" >
        <bin index="0" start="0" width="0.001" count="391" />
        <bin index="1" start="0.001" width="0.001" count="4" />
        <bin index="2" start="0.002" width="0.001" count="3" />
      </jitterHistogram>
      <packetSizeHistogram nBins="5" >
        <bin index="4" start="80" width="20" count="399" />
      </packetSizeHistogram>
      <flowInterruptionsHistogram nBins="0" >
      </flowInterruptionsHistogram>
    </Flow>
    <Flow flowId="2" timeFirstTxPacket="+100508529897.0ns" timeFirstRxPacket="+100520618255.0ns" timeLastTxPacket="+199758529897.0ns" timeLastRxPacket="+199758816129.0ns" delaySum="+3489530126.0ns" jitterSum="+3049414116.0ns" lastDelay="+286232.0ns" txBytes="35236" rxBytes="32384" txPackets="383" rxPackets="352" lostPackets="31" timesForwarded="397">
      <delayHistogram nBins="1003" >
        <bin index="0" start="0" width="0.001" count="126" />
        <bin index="1" start="0.001" width="0.001" count="90" />
        <bin index="2" start="0.002" width="0.001" count="54" />
        <bin index="3" start="0.003" width="0.001" count="20" />
        <bin index="4" start="0.004" width="0.001" count="3" />
        <bin index="5" start="0.005" width="0.001" count="9" />
        <bin index="6" start="0.006" width="0.001" count="1" />
        <bin index="7" start="0.007" width="0.001" count="4" />
        <bin index="8" start="0.008" width="0.001" count="4" />
        <bin index="9" start="0.009" width="0.001" count="5" />
        <bin index="10" start="0.01" width="0.001" count="1" />
        <bin index="11" start="0.011" width="0.001" count="5" />
        <bin index="12" start="0.012" width="0.001" count="5" />
        <bin index="14" start="0.014" width="0.001" count="1" />
        <bin index="15" start="0.015" width="0.001" count="2" />
        <bin index="16" start="0.016" width="0.001" count="1" />
        <bin index="17" start="0.017" width="0.001" count="1" />
        <bin index="18" start="0.018" width="0.001" count="2" />
        <bin index="20" start="0.02" width="0.001" count="3" />
        <bin index="21" start="0.021" width="0.001" count="1" />
        <bin index="22" start="0.022" width="0.001" count="1" />
        <bin index="24" start="0.024" width="0.001" count="2" />
        <bin index="28" start="0.028" width="0.001" count="2" />
        <bin index="29" start="0.029" width="0.001" count="2" />
        <bin index="30" start="0.03" width="0.001" count="1" />
        <bin index="32" start="0.032" width="0.001" count="1" />
        <bin index="37" start="0.037" width="0.001" count="1" />
        <bin index="57" start="0.057" width="0.001" count="1" />
        <bin index="504" start="0.504" width="0.001" count="1" />
        <bin index="753" start="0.753" width="0.001" count="1" />
        <bin index="1002" start="1.002" width="0.001" count="1" />
      </delayHistogram>
      <jitterHistogram nBins="1002" >
        <bin index="0" start="0" width="0.001" count="236" />
        <bin index="1" start="0.001" width="0.001" count="30" />
        <bin index="2" start="0.002" width="0.001" count="6" />
        <bin index="3" start="0.003" width="0.001" count="10" />
        <bin index="4" start="0.004" width="0.001" count="4" />
        <bin index="5" start="0.005" width="0.001" count="5" />
        <bin index="6" start="0.006" width="0.001" count="3" />
        <bin index="7" start="0.007" width="0.001" count="9" />
        <bin index="8" start="0.008" width="0.001" count="5" />
        <bin index="9" start="0.009" width="0.001" count="4" />
        <bin index="10" start="0.01" width="0.001" count="6" />
        <bin index="11" start="0.011" width="0.001" count="2" />
        <bin index="12" start="0.012" width="0.001" count="4" />
        <bin index="13" start="0.013" width="0.001" count="2" />
        <bin index="17" start="0.017" width="0.001" count="1" />
        <bin index="18" start="0.018" width="0.001" count="4" />
        <bin index="19" start="0.019" width="0.001" count="2" />
        <bin index="21" start="0.021" width="0.001" count="1" />
        <bin index="22" start="0.022" width="0.001" count="3" />
        <bin index="23" start="0.023" width="0.001" count="1" />
        <bin index="25" start="0.025" width="0.001" count="2" />
        <bin index="26" start="0.026" width="0.001" count="1" />
        <bin index="27" start="0.027" width="0.001" count="2" />
        <bin index="31" start="0.031" width="0.001" count="1" />
        <bin index="34" start="0.034" width="0.001" count="1" />
        <bin index="46" start="0.046" width="0.001" count="2" />
        <bin index="249" start="0.249" width="0.001" count="2" />
        <bin index="503" start="0.503" width="0.001" count="1" />
        <bin index="1001" start="1.001" width="0.001" count="1" />
      </jitterHistogram>
      <packetSizeHistogram nBins="5" >
        <bin index="4" start="80" width="20" count="352" />
      </packetSizeHistogram>
      <flowInterruptionsHistogram nBins="16" >
        <bin index="2" start="0.5" width="0.25" count="6" />
        <bin index="5" start="1.25" width="0.25" count="2" />
        <bin index="13" start="3.25" width="0.25" count="1" />
        <bin index="15" start="3.75" width="0.25" count="1" />
      </flowInterruptionsHistogram>
    </Flow>
    <Flow flowId="3" timeFirstTxPacket="+100540947730.0ns" timeFirstRxPacket="+100547507781.0ns" timeLastTxPacket="+199790947730.0ns" timeLastRxPacket="+198561415421.0ns" delaySum="+3424009630.0ns" jitterSum="+3894199566.0ns" lastDelay="+20467691.0ns" txBytes="36616" rxBytes="25852" txPackets="398" rxPackets="281" lostPackets="83" timesForwarded="255">
      <delayHistogram nBins="755" >
        <bin index="0" start="0" width="0.001" count="102" />
        <bin index="1" start="0.001" width="0.001" count="61" />
        <bin index="2" start="0.002" width="0.001" count="35" />
        <bin index="3" start="0.003" width="0.001" count="15" />
        <bin index="4" start="0.004" width="0.001" count="10" />
        <bin index="5" start="0.005" width="0.001" count="6" />
        <bin index="6" start="0.006" width="0.001" count="3" />
        <bin index="7" start="0.007" width="0.001" count="3" />
        <bin index="8" start="0.008" width="0.001" count="2" />
        <bin index="9" start="0.009" width="0.001" count="7" />
        <bin index="10" start="0.01" width="0.001" count="5" />
        <bin index="11" start="0.011" width="0.001" count="3" />
        <bin index="12" start="0.012" width="0.001" count="1" />
        <bin index="13" start="0.013" width="0.001" count="1" />
        <bin index="14" start="0.014" width="0.001" count="2" />
        <bin index="15" start="0.015" width="0.001" count="1" />
        <bin index="16" start="0.016" width="0.001" count="1" />
        <bin index="17" start="0.017" width="0.001" count="2" />
        <bin index="18" start="0.018" width="0.001" count="2" />
        <bin index="19" start="0.019" width="0.001" count="2" />
        <bin index="20" start="0.02" width="0.001" count="1" />
        <bin index="21" start="0.021" width="0.001" count="1" />
        <bin index="22" start="0.022" width="0.001" count="2" />
        <bin index="26" start="0.026" width="0.001" count="1" />
        <bin index="28" start="0.028" width="0.001" count="1" />
        <bin index="30" start="0.03" width="0.001" count="2" />
        <bin index="32" start="0.032" width="0.001" count="1" />
        <bin index="33" start="0.033" width="0.001" count="1" />
        <bin index="41" start="0.041" width="0.001" count="1" />
        <bin index="45" start="0.045" width="0.001" count="1" />
        <bin index="47" start="0.047" width="0.001" count="1" />
        <bin index="259" start="0.259" width="0.001" count="1" />
        <bin index="508" start="0.508" width="0.001" count="1" />
        <bin index="754" start="0.754" width="0.001" count="2" />
      </delayHistogram>
      <jitterHistogram nBins="753" >
        <bin index="0" start="0" width="0.001" count="155" />
        <bin index="1" start="0.001" width="0.001" count="32" />
        <bin index="2" start="0.002" width="0.001" count="19" />
        <bin index="3" start="0.003" width="0.001" count="8" />
        <bin index="4" start="0.004" width="0.001" count="8" />
        <bin index="5" start="0.005" width="0.001" count="4" />
        <bin index="6" start="0.006" width="0.001" count="4" />
        <bin index="7" start="0.007" width="0.001" count="5" />
        <bin index="8" start="0.008" width="0.001" count="5" />
        <bin index="9" start="0.009" width="0.001" count="3" />
        <bin index="10" start="0.01" width="0.001" count="5" />
        <bin index="11" start="0.011" width="0.001" count="1" />
        <bin index="12" start="0.012" width="0.001" count="3" />
        <bin index="13" start="0.013" width="0.001" count="2" />
        <bin index="15" start="0.015" width="0.001" count="3" />
        <bin index="16" start="0.016" width="0.001" count="1" />
        <bin index="17" start="0.017" width="0.001" count="1" />
        <bin index="18" start="0.018" width="0.001" count="1" />
        <bin index="19" start="0.019" width="0.001" count="3" />
        <bin index="20" start="0.02" width="0.001" count="1" />
        <bin index="22" start="0.022" width="0.001" count="2" />
        <bin index="23" start="0.023" width="0.001" count="2" />
        <bin index="24" start="0.024" width="0.001" count="1" />
        <bin index="27" start="0.027" width="0.001" count="2" />
        <bin index="28" start="0.028" width="0.001" count="1" />
        <bin index="36" start="0.036" width="0.001" count="1" />
        <bin index="43" start="0.043" width="0.001" count="1" />
        <bin index="245" start="0.245" width="0.001" count="1" />
        <bin index="249" start="0.249" width="0.001" count="1" />
        <bin index="255" start="0.255" width="0.001" count="1" />
        <bin index="723" start="0.723" width="0.001" count="1" />
        <bin index="746" start="0.746" width="0.001" count="1" />
        <bin index="752" start="0.752" width="0.001" count="1" />
      </jitterHistogram>
      <packetSizeHistogram nBins="5" >
        <bin index="4" start="80" width="20" count="281" />
      </packetSizeHistogram>
      <flowInterruptionsHistogram nBins="22" >
        <bin index="2" start="0.5" width="0.25" count="5" />
        <bin index="3" start="0.75" width="0.25" count="3" />
        <bin index="5" start="1.25" width="0.25" count="3" />
        <bin index="6" start="1.5" width="0.25" count="1" />
        <bin index="14" start="3.5" width="0.25" count="1" />
        <bin index="15" start="3.75" width="0.25" count="1" />
        <bin index="16" start="4" width="0.25" count="1" />
        <bin index="18" start="4.5" width="0.25" count="1" />
        <bin index="21" start="5.25" width="0.25" count="1" />
      </flowInterruptionsHistogram>
    </Flow>
    <Flow flowId="4" timeFirstTxPacket="+100613310145.0ns" timeFirstRxPacket="+100616289998.0ns" timeLastTxPacket="+199863310145.0ns" timeLastRxPacket="+199863596850.0ns" delaySum="+502562355.0ns" jitterSum="+444821364.0ns" lastDelay="+286705.0ns" txBytes="34684" rxBytes="23184" txPackets="377" rxPackets="252" lostPackets="116" timesForwarded="147">
      <packetsDropped reasonCode="0" number="8" />
      <packetsDropped reasonCode="1" number="2" />
      <bytesDropped reasonCode="0" bytes="736" />
      <bytesDropped reasonCode="1" bytes="184" />
      <delayHistogram nBins="28" >
        <bin index="0" start="0" width="0.001" count="153" />
        <bin index="1" start="0.001" width="0.001" count="54" />
        <bin index="2" start="0.002" width="0.001" count="17" />
        <bin index="3" start="0.003" width="0.001" count="3" />
        <bin index="4" start="0.004" width="0.001" count="1" />
        <bin index="5" start="0.005" width="0.001" count="3" />
        <bin index="7" start="0.007" width="0.001" count="1" />
        <bin index="8" start="0.008" width="0.001" count="2" />
        <bin index="9" start="0.009" width="0.001" count="4" />
        <bin index="10" start="0.01" width="0.001" count="3" />
        <bin index="12" start="0.012" width="0.001" count="1" />
        <bin index="14" start="0.014" width="0.001" count="1" />
        <bin index="17" start="0.017" width="0.001" count="4" />
        <bin index="18" start="0.018" width="0.001" count="2" />
        <bin index="19" start="0.019" width="0.001" count="1" />
        <bin index="25" start="0.025" width="0.001" count="1" />
        <bin index="27" start="0.027" width="0.001" count="1" />
      </delayHistogram>
      <jitterHistogram nBins="26" >
        <bin index="0" start="0" width="0.001" count="196" />
        <bin index="1" start="0.001" width="0.001" count="12" />
        <bin index="2" start="0.002" width="0.001" count="6" />
        <bin index="4" start="0.004" width="0.001" count="4" />
        <bin index="6" start="0.006" width="0.001" count="2" />
        <bin index="7" start="0.007" width="0.001" count="8" />
        <bin index="8" start="0.008" width="0.001" count="6" />
        <bin index="9" start="0.009" width="0.001" count="4" />
        <bin index="10" start="0.01" width="0.001" count="2" />
        <bin index="13" start="0.013" width="0.001" count="1" />
        <bin index="15" start="0.015" width="0.001" count="2" />
        <bin index="16" start="0.016" width="0.001" count="6" />
        <bin index="23" start="0.023" width="0.001" count="1" />
        <bin index="25" start="0.025" width="0.001" count="1" />
      </jitterHistogram>
      <packetSizeHistogram nBins="5" >
        <bin index="4" start="80" width="20" count="252" />
      </packetSizeHistogram>
      <flowInterruptionsHistogram nBins="42" >
        <bin index="2" start="0.5" width="0.25" count="2" />
        <bin index="5" start="1.25" width="0.25" count="1" />
        <bin index="12" start="3" width="0.25" count="1" />
        <bin index="14" start="3.5" width="0.25" count="1" />
        <bin index="15" start="3.75" width="0.25" count="1" />
        <bin index="17" start="4.25" width="0.25" count="1" />
        <bin index="22" start="5.5" width="0.25" count="1" />
        <bin index="24" start="6" width="0.25" count="1" />
        <bin index="41" start="10.25" width="0.25" count="1" />
      </flowInterruptionsHistogram>
    </Flow>
    <Flow flowId="5" timeFirstTxPacket="+100634862369.0ns" timeFirstRxPacket="+100649020830.0ns" timeLastTxPacket="+199884862369.0ns" timeLastRxPacket="+199887168596.0ns" delaySum="+13994679317.0ns" jitterSum="+9123003948.0ns" lastDelay="+2306227.0ns" txBytes="36616" rxBytes="27140" txPackets="398" rxPackets="295" lostPackets="77" timesForwarded="364">
      <delayHistogram nBins="1896" >
        <bin index="0" start="0" width="0.001" count="36" />
        <bin index="1" start="0.001" width="0.001" count="128" />
        <bin index="2" start="0.002" width="0.001" count="42" />
        <bin index="3" start="0.003" width="0.001" count="13" />
        <bin index="4" start="0.004" width="0.001" count="12" />
        <bin index="5" start="0.005" width="0.001" count="5" />
        <bin index="6" start="0.006" width="0.001" count="9" />
        <bin index="7" start="0.007" width="0.001" count="1" />
        <bin index="8" start="0.008" width="0.001" count="2" />
        <bin index="9" start="0.009" width="0.001" count="2" />
        <bin index="10" start="0.01" width="0.001" count="2" />
        <bin index="11" start="0.011" width="0.001" count="1" />
        <bin index="12" start="0.012" width="0.001" count="6" />
        <bin index="13" start="0.013" width="0.001" count="4" />
        <bin index="14" start="0.014" width="0.001" count="2" />
        <bin index="15" start="0.015" width="0.001" count="2" />
        <bin index="16" start="0.016" width="0.001" count="1" />
        <bin index="17" start="0.017" width="0.001" count="2" />
        <bin index="18" start="0.018" width="0.001" count="1" />
        <bin index="19" start="0.019" width="0.001" count="1" />
        <bin index="20" start="0.02" width="0.001" count="1" />
        <bin index="22" start="0.022" width="0.001" count="1" />
        <bin index="24" start="0.024" width="0.001" count="1" />
        <bin index="27" start="0.027" width="0.001" count="1" />
        <bin index="29" start="0.029" width="0.001" count="1" />
        <bin index="30" start="0.03" width="0.001" count="1" />
        <bin index="31" start="0.031" width="0.001" count="1" />
        <bin index="32" start="0.032" width="0.001" count="1" />
        <bin index="35" start="0.035" width="0.001" count="1" />
        <bin index="36" start="0.036" width="0.001" count="1" />
        <bin index="38" start="0.038" width="0.001" count="1" />
        <bin index="41" start="0.041" width="0.001" count="1" />
        <bin index="43" start="0.043" width="0.001" count="1" />
        <bin index="512" start="0.512" width="0.001" count="1" />
        <bin index="762" start="0.762" width="0.001" count="1" />
        <bin index="796" start="0.796" width="0.001" count="1" />
        <bin index="1010" start="1.01" width="0.001" count="1" />
        <bin index="1280" start="1.28" width="0.001" count="1" />
        <bin index="1461" start="1.461" width="0.001" count="1" />
        <bin index="1528" start="1.528" width="0.001" count="1" />
        <bin index="1706" start="1.706" width="0.001" count="1" />
        <bin index="1777" start="1.777" width="0.001" count="1" />
        <bin index="1895" start="1.895" width="0.001" count="1" />
      </delayHistogram>
      <jitterHistogram nBins="1882" >
        <bin index="0" start="0" width="0.001" count="144" />
        <bin index="1" start="0.001" width="0.001" count="44" />
        <bin index="2" start="0.002" width="0.001" count="16" />
        <bin index="3" start="0.003" width="0.001" count="9" />
        <bin index="4" start="0.004" width="0.001" count="7" />
        <bin index="5" start="0.005" width="0.001" count="5" />
        <bin index="6" start="0.006" width="0.001" count="2" />
        <bin index="7" start="0.007" width="0.001" count="5" />
        <bin index="8" start="0.008" width="0.001" count="3" />
        <bin index="9" start="0.009" width="0.001" count="5" />
        <bin index="10" start="0.01" width="0.001" count="7" />
        <bin index="11" start="0.011" width="0.001" count="3" />
        <bin index="12" start="0.012" width="0.001" count="8" />
        <bin index="13" start="0.013" width="0.001" count="2" />
        <bin index="14" start="0.014" width="0.001" count="2" />
        <bin index="15" start="0.015" width="0.001" count="2" />
        <bin index="16" start="0.016" width="0.001" count="1" />
        <bin index="17" start="0.017" width="0.001" count="1" />
        <bin index="18" start="0.018" width="0.001" count="2" />
        <bin index="20" start="0.02" width="0.001" count="1" />
        <bin index="23" start="0.023" width="0.001" count="1" />
        <bin index="24" start="0.024" width="0.001" count="1" />
        <bin index="25" start="0.025" width="0.001" count="1" />
        <bin index="28" start="0.028" width="0.001" count="1" />
        <bin index="29" start="0.029" width="0.001" count="1" />
        <bin index="30" start="0.03" width="0.001" count="1" />
        <bin index="33" start="0.033" width="0.001" count="1" />
        <bin index="36" start="0.036" width="0.001" count="2" />
        <bin index="40" start="0.04" width="0.001" count="2" />
        <bin index="41" start="0.041" width="0.001" count="1" />
        <bin index="188" start="0.188" width="0.001" count="1" />
        <bin index="245" start="0.245" width="0.001" count="1" />
        <bin index="248" start="0.248" width="0.001" count="2" />
        <bin index="249" start="0.249" width="0.001" count="2" />
        <bin index="316" start="0.316" width="0.001" count="1" />
        <bin index="509" start="0.509" width="0.001" count="1" />
        <bin index="792" start="0.792" width="0.001" count="1" />
        <bin index="795" start="0.795" width="0.001" count="1" />
        <bin index="1008" start="1.008" width="0.001" count="1" />
        <bin index="1248" start="1.248" width="0.001" count="1" />
        <bin index="1881" start="1.881" width="0.001" count="1" />
      </jitterHistogram>
      <packetSizeHistogram nBins="5" >
        <bin index="4" start="80" width="20" count="295" />
      </packetSizeHistogram>
      <flowInterruptionsHistogram nBins="19" >
        <bin index="2" start="0.5" width="0.25" count="6" />
        <bin index="3" start="0.75" width="0.25" count="4" />
        <bin index="5" start="1.25" width="0.25" count="3" />
        <bin index="6" start="1.5" width="0.25" count="1" />
        <bin index="7" start="1.75" width="0.25" count="3" />
        <bin index="8" start="2" width="0.25" count="1" />
        <bin index="9" start="2.25" width="0.25" count="2" />
        <bin index="11" start="2.75" width="0.25" count="1" />
        <bin index="18" start="4.5" width="0.25" count="1" />
      </flowInterruptionsHistogram>
    </Flow>
    <Flow flowId="6" timeFirstTxPacket="+100802857216.0ns" timeFirstRxPacket="+104569502172.0ns" timeLastTxPacket="+199802857216.0ns" timeLastRxPacket="+199803143727.0ns" delaySum="+9283540432.0ns" jitterSum="+7649101915.0ns" lastDelay="+286511.0ns" txBytes="34776" rxBytes="28336" txPackets="378" rxPackets="308" lostPackets="70" timesForwarded="386">
      <delayHistogram nBins="2014" >
        <bin index="0" start="0" width="0.001" count="134" />
        <bin index="1" start="0.001" width="0.001" count="44" />
        <bin index="2" start="0.002" width="0.001" count="52" />
        <bin index="3" start="0.003" width="0.001" count="18" />
        <bin index="4" start="0.004" width="0.001" count="11" />
        <bin index="5" start="0.005" width="0.001" count="5" />
        <bin index="6" start="0.006" width="0.001" count="6" />
        <bin index="7" start="0.007" width="0.001" count="3" />
        <bin index="8" start="0.008" width="0.001" count="1" />
        <bin index="9" start="0.009" width="0.001" count="3" />
        <bin index="10" start="0.01" width="0.001" count="2" />
        <bin index="12" start="0.012" width="0.001" count="2" />
        <bin index="13" start="0.013" width="0.001" count="2" />
        <bin index="14" start="0.014" width="0.001" count="2" />
        <bin index="16" start="0.016" width="0.001" count="1" />
        <bin index="17" start="0.017" width="0.001" count="1" />
        <bin index="18" start="0.018" width="0.001" count="1" />
        <bin index="19" start="0.019" width="0.001" count="1" />
        <bin index="20" start="0.02" width="0.001" count="1" />
        <bin index="22" start="0.022" width="0.001" count="1" />
        <bin index="24" start="0.024" width="0.001" count="1" />
        <bin index="26" start="0.026" width="0.001" count="1" />
        <bin index="27" start="0.027" width="0.001" count="1" />
        <bin index="29" start="0.029" width="0.001" count="1" />
        <bin index="32" start="0.032" width="0.001" count="3" />
        <bin index="33" start="0.033" width="0.001" count="1" />
        <bin index="38" start="0.038" width="0.001" count="1" />
        <bin index="254" start="0.254" width="0.001" count="1" />
        <bin index="502" start="0.502" width="0.001" count="1" />
        <bin index="506" start="0.506" width="0.001" count="1" />
        <bin index="754" start="0.754" width="0.001" count="1" />
        <bin index="1003" start="1.003" width="0.001" count="1" />
        <bin index="1515" start="1.515" width="0.001" count="1" />
        <bin index="1764" start="1.764" width="0.001" count="1" />
        <bin index="2013" start="2.013" width="0.001" count="1" />
      </delayHistogram>
      <jitterHistogram nBins="1982" >
        <bin index="0" start="0" width="0.001" count="217" />
        <bin index="1" start="0.001" width="0.001" count="18" />
        <bin index="2" start="0.002" width="0.001" count="11" />
        <bin index="3" start="0.003" width="0.001" count="8" />
        <bin index="4" start="0.004" width="0.001" count="4" />
        <bin index="5" start="0.005" width="0.001" count="2" />
        <bin index="6" start="0.006" width="0.001" count="1" />
        <bin index="7" start="0.007" width="0.001" count="1" />
        <bin index="8" start="0.008" width="0.001" count="3" />
        <bin index="9" start="0.009" width="0.001" count="3" />
        <bin index="10" start="0.01" width="0.001" count="7" />
        <bin index="11" start="0.011" width="0.001" count="2" />
        <bin index="12" start="0.012" width="0.001" count="2" />
        <bin index="13" start="0.013" width="0.001" count="2" />
        <bin index="14" start="0.014" width="0.001" count="1" />
        <bin index="16" start="0.016" width="0.001" count="2" />
        <bin index="17" start="0.017" width="0.001" count="1" />
        <bin index="18" start="0.018" width="0.001" count="2" />
        <bin index="21" start="0.021" width="0.001" count="1" />
        <bin index="22" start="0.022" width="0.001" count="2" />
        <bin index="25" start="0.025" width="0.001" count="2" />
        <bin index="26" start="0.026" width="0.001" count="1" />
        <bin index="28" start="0.028" width="0.001" count="1" />
        <bin index="29" start="0.029" width="0.001" count="2" />
        <bin index="247" start="0.247" width="0.001" count="1" />
        <bin index="248" start="0.248" width="0.001" count="4" />
        <bin index="249" start="0.249" width="0.001" count="1" />
        <bin index="489" start="0.489" width="0.001" count="1" />
        <bin index="504" start="0.504" width="0.001" count="1" />
        <bin index="1001" start="1.001" width="0.001" count="1" />
        <bin index="1487" start="1.487" width="0.001" count="1" />
        <bin index="1981" start="1.981" width="0.001" count="1" />
      </jitterHistogram>
      <packetSizeHistogram nBins="5" >
        <bin index="4" start="80" width="20" count="308" />
      </packetSizeHistogram>
      <flowInterruptionsHistogram nBins="26" >
        <bin index="2" start="0.5" width="0.25" count="2" />
        <bin index="3" start="0.75" width="0.25" count="2" />
        <bin index="5" start="1.25" width="0.25" count="1" />
        <bin index="7" start="1.75" width="0.25" count="1" />
        <bin index="8" start="2" width="0.25" count="1" />
        <bin index="11" start="2.75" width="0.25" count="1" />
        <bin index="20" start="5" width="0.25" count="1" />
        <bin index="25" start="6.25" width="0.25" count="1" />
      </flowInterruptionsHistogram>
    </Flow>
    <Flow flowId="7" timeFirstTxPacket="+101152809563.0ns" timeFirstRxPacket="+101154688324.0ns" timeLastTxPacket="+199902809563.0ns" timeLastRxPacket="+199903095773.0ns" delaySum="+128895350.0ns" jitterSum="+28925637.0ns" lastDelay="+286210.0ns" txBytes="36432" rxBytes="36432" txPackets="396" rxPackets="396" lostPackets="0" timesForwarded="0">
      <delayHistogram nBins="6" >
        <bin index="0" start="0" width="0.001" count="390" />
        <bin index="1" start="0.001" width="0.001" count="4" />
        <bin index="2" start="0.002" width="0.001" count="1" />
        <bin index="5" start="0.005" width="0.001" count="1" />
      </delayHistogram>
      <jitterHistogram nBins="6" >
        <bin index="0" start="0" width="0.001" count="386" />
        <bin index="1" start="0.001" width="0.001" count="5" />
        <bin index="2" start="0.002" width="0.001" count="2" />
        <bin index="5" start="0.005" width="0.001" count="2" />
      </jitterHistogram>
      <packetSizeHistogram nBins="5" >
        <bin index="4" start="80" width="20" count="396" />
      </packetSizeHistogram>
      <flowInterruptionsHistogram nBins="0" >
      </flowInterruptionsHistogram>
    </Flow>
    <Flow flowId="8" timeFirstTxPacket="+101211257185.0ns" timeFirstRxPacket="+101217462538.0ns" timeLastTxPacket="+199961257185.0ns" timeLastRxPacket="+199962233840.0ns" delaySum="+648552908.0ns" jitterSum="+531673168.0ns" lastDelay="+976655.0ns" txBytes="36432" rxBytes="33764" txPackets="396" rxPackets="367" lostPackets="28" timesForwarded="242">
      <delayHistogram nBins="46" >
        <bin index="0" start="0" width="0.001" count="170" />
        <bin index="1" start="0.001" width="0.001" count="149" />
        <bin index="2" start="0.002" width="0.001" count="21" />
        <bin index="3" start="0.003" width="0.001" count="4" />
        <bin index="4" start="0.004" width="0.001" count="4" />
        <bin index="6" start="0.006" width="0.001" count="2" />
        <bin index="8" start="0.008" width="0.001" count="3" />
        <bin index="11" start="0.011" width="0.001" count="2" />
        <bin index="12" start="0.012" width="0.001" count="1" />
        <bin index="13" start="0.013" width="0.001" count="1" />
        <bin index="14" start="0.014" width="0.001" count="1" />
        <bin index="15" start="0.015" width="0.001" count="2" />
        <bin index="16" start="0.016" width="0.001" count="3" />
        <bin index="17" start="0.017" width="0.001" count="1" />
        <bin index="18" start="0.018" width="0.001" count="1" />
        <bin index="35" start="0.035" width="0.001" count="1" />
        <bin index="45" start="0.045" width="0.001" count="1" />
      </delayHistogram>
      <jitterHistogram nBins="45" >
        <bin index="0" start="0" width="0.001" count="298" />
        <bin index="1" start="0.001" width="0.001" count="26" />
        <bin index="2" start="0.002" width="0.001" count="8" />
        <bin index="3" start="0.003" width="0.001" count="2" />
        <bin index="4" start="0.004" width="0.001" count="4" />
        <bin index="5" start="0.005" width="0.001" count="2" />
        <bin index="6" start="0.006" width="0.001" count="1" />
        <bin index="7" start="0.007" width="0.001" count="5" />
        <bin index="9" start="0.009" width="0.001" count="2" />
        <bin index="10" start="0.01" width="0.001" count="1" />
        <bin index="12" start="0.012" width="0.001" count="5" />
        <bin index="13" start="0.013" width="0.001" count="2" />
        <bin index="15" start="0.015" width="0.001" count="4" />
        <bin index="16" start="0.016" width="0.001" count="2" />
        <bin index="18" start="0.018" width="0.001" count="1" />
        <bin index="34" start="0.034" width="0.001" count="1" />
        <bin index="42" start="0.042" width="0.001" count="1" />
        <bin index="44" start="0.044" width="0.001" count="1" />
      </jitterHistogram>
      <packetSizeHistogram nBins="5" >
        <bin index="4" start="80" width="20" count="367" />
      </packetSizeHistogram>
      <flowInterruptionsHistogram nBins="18" >
        <bin index="2" start="0.5" width="0.25" count="1" />
        <bin index="3" start="0.75" width="0.25" count="1" />
        <bin index="6" start="1.5" width="0.25" count="1" />
        <bin index="17" start="4.25" width="0.25" count="1" />
      </flowInterruptionsHistogram>
    </Flow>
    <Flow flowId="9" timeFirstTxPacket="+101235436387.0ns" timeFirstRxPacket="+101245295442.0ns" timeLastTxPacket="+190735436387.0ns" timeLastRxPacket="+189738259193.0ns" delaySum="+12242520335.0ns" jitterSum="+10467784495.0ns" lastDelay="+2822806.0ns" txBytes="33028" rxBytes="24564" txPackets="359" rxPackets="267" lostPackets="89" timesForwarded="237">
      <delayHistogram nBins="3013" >
        <bin index="0" start="0" width="0.001" count="88" />
        <bin index="1" start="0.001" width="0.001" count="96" />
        <bin index="2" start="0.002" width="0.001" count="22" />
        <bin index="3" start="0.003" width="0.001" count="11" />
        <bin index="4" start="0.004" width="0.001" count="3" />
        <bin index="5" start="0.005" width="0.001" count="3" />
        <bin index="6" start="0.006" width="0.001" count="5" />
        <bin index="7" start="0.007" width="0.001" count="2" />
        <bin index="8" start="0.008" width="0.001" count="3" />
        <bin index="9" start="0.009" width="0.001" count="7" />
        <bin index="10" start="0.01" width="0.001" count="5" />
        <bin index="12" start="0.012" width="0.001" count="1" />
        <bin index="13" start="0.013" width="0.001" count="1" />
        <bin index="15" start="0.015" width="0.001" count="3" />
        <bin index="20" start="0.02" width="0.001" count="3" />
        <bin index="21" start="0.021" width="0.001" count="1" />
        <bin index="22" start="0.022" width="0.001" count="1" />
        <bin index="27" start="0.027" width="0.001" count="1" />
        <bin index="32" start="0.032" width="0.001" count="1" />
        <bin index="36" start="0.036" width="0.001" count="1" />
        <bin index="42" start="0.042" width="0.001" count="1" />
        <bin index="62" start="0.062" width="0.001" count="1" />
        <bin index="513" start="0.513" width="0.001" count="1" />
        <bin index="762" start="0.762" width="0.001" count="1" />
        <bin index="802" start="0.802" width="0.001" count="1" />
        <bin index="1011" start="1.011" width="0.001" count="1" />
        <bin index="2514" start="2.514" width="0.001" count="1" />
        <bin index="2763" start="2.763" width="0.001" count="1" />
        <bin index="3012" start="3.012" width="0.001" count="1" />
      </delayHistogram>
      <jitterHistogram nBins="3012" >
        <bin index="0" start="0" width="0.001" count="177" />
        <bin index="1" start="0.001" width="0.001" count="14" />
        <bin index="2" start="0.002" width="0.001" count="9" />
        <bin index="3" start="0.003" width="0.001" count="3" />
        <bin index="4" start="0.004" width="0.001" count="6" />
        <bin index="5" start="0.005" width="0.001" count="2" />
        <bin index="6" start="0.006" width="0.001" count="10" />
        <bin index="7" start="0.007" width="0.001" count="2" />
        <bin index="8" start="0.008" width="0.001" count="3" />
        <bin index="9" start="0.009" width="0.001" count="3" />
        <bin index="10" start="0.01" width="0.001" count="1" />
        <bin index="11" start="0.011" width="0.001" count="2" />
        <bin index="12" start="0.012" width="0.001" count="2" />
        <bin index="13" start="0.013" width="0.001" count="1" />
        <bin index="14" start="0.014" width="0.001" count="3" />
        <bin index="16" start="0.016" width="0.001" count="1" />
        <bin index="17" start="0.017" width="0.001" count="1" />
        <bin index="18" start="0.018" width="0.001" count="3" />
        <bin index="19" start="0.019" width="0.001" count="3" />
        <bin index="20" start="0.02" width="0.001" count="1" />
        <bin index="27" start="0.027" width="0.001" count="1" />
        <bin index="28" start="0.028" width="0.001" count="1" />
        <bin index="29" start="0.029" width="0.001" count="1" />
        <bin index="32" start="0.032" width="0.001" count="1" />
        <bin index="33" start="0.033" width="0.001" count="1" />
        <bin index="34" start="0.034" width="0.001" count="1" />
        <bin index="39" start="0.039" width="0.001" count="1" />
        <bin index="40" start="0.04" width="0.001" count="1" />
        <bin index="54" start="0.054" width="0.001" count="1" />
        <bin index="248" start="0.248" width="0.001" count="2" />
        <bin index="249" start="0.249" width="0.001" count="2" />
        <bin index="511" start="0.511" width="0.001" count="1" />
        <bin index="779" start="0.779" width="0.001" count="1" />
        <bin index="799" start="0.799" width="0.001" count="1" />
        <bin index="995" start="0.995" width="0.001" count="1" />
        <bin index="2513" start="2.513" width="0.001" count="1" />
        <bin index="3011" start="3.011" width="0.001" count="1" />
      </jitterHistogram>
      <packetSizeHistogram nBins="5" >
        <bin index="4" start="80" width="20" count="267" />
      </packetSizeHistogram>
      <flowInterruptionsHistogram nBins="17" >
        <bin index="2" start="0.5" width="0.25" count="5" />
        <bin index="3" start="0.75" width="0.25" count="2" />
        <bin index="4" start="1" width="0.25" count="2" />
        <bin index="5" start="1.25" width="0.25" count="2" />
        <bin index="8" start="2" width="0.25" count="2" />
        <bin index="11" start="2.75" width="0.25" count="1" />
        <bin index="12" start="3" width="0.25" count="1" />
        <bin index="13" start="3.25" width="0.25" count="1" />
        <bin index="16" start="4" width="0.25" count="1" />
      </flowInterruptionsHistogram>
    </Flow>
    <Flow flowId="10" timeFirstTxPacket="+101249023113.0ns" timeFirstRxPacket="+101250542566.0ns" timeLastTxPacket="+199999023113.0ns" timeLastRxPacket="+199999309567.0ns" delaySum="+2793114034.0ns" jitterSum="+2465862469.0ns" lastDelay="+286454.0ns" txBytes="36432" rxBytes="33856" txPackets="396" rxPackets="368" lostPackets="28" timesForwarded="144">
      <delayHistogram nBins="1003" >
        <bin index="0" start="0" width="0.001" count="245" />
        <bin index="1" start="0.001" width="0.001" count="87" />
        <bin index="2" start="0.002" width="0.001" count="9" />
        <bin index="3" start="0.003" width="0.001" count="1" />
        <bin index="5" start="0.005" width="0.001" count="2" />
        <bin index="6" start="0.006" width="0.001" count="2" />
        <bin index="7" start="0.007" width="0.001" count="2" />
        <bin index="8" start="0.008" width="0.001" count="2" />
        <bin index="9" start="0.009" width="0.001" count="3" />
        <bin index="11" start="0.011" width="0.001" count="1" />
        <bin index="12" start="0.012" width="0.001" count="1" />
        <bin index="13" start="0.013" width="0.001" count="3" />
        <bin index="14" start="0.014" width="0.001" count="1" />
        <bin index="16" start="0.016" width="0.001" count="2" />
        <bin index="17" start="0.017" width="0.001" count="1" />
        <bin index="19" start="0.019" width="0.001" count="1" />
        <bin index="30" start="0.03" width="0.001" count="1" />
        <bin index="33" start="0.033" width="0.001" count="1" />
        <bin index="505" start="0.505" width="0.001" count="1" />
        <bin index="753" start="0.753" width="0.001" count="1" />
        <bin index="1002" start="1.002" width="0.001" count="1" />
      </delayHistogram>
      <jitterHistogram nBins="1001" >
        <bin index="0" start="0" width="0.001" count="307" />
        <bin index="1" start="0.001" width="0.001" count="20" />
        <bin index="2" start="0.002" width="0.001" count="3" />
        <bin index="3" start="0.003" width="0.001" count="3" />
        <bin index="5" start="0.005" width="0.001" count="5" />
        <bin index="6" start="0.006" width="0.001" count="1" />
        <bin index="7" start="0.007" width="0.001" count="4" />
        <bin index="8" start="0.008" width="0.001" count="1" />
        <bin index="9" start="0.009" width="0.001" count="1" />
        <bin index="10" start="0.01" width="0.001" count="2" />
        <bin index="11" start="0.011" width="0.001" count="4" />
        <bin index="12" start="0.012" width="0.001" count="5" />
        <bin index="15" start="0.015" width="0.001" count="2" />
        <bin index="17" start="0.017" width="0.001" count="1" />
        <bin index="21" start="0.021" width="0.001" count="1" />
        <bin index="28" start="0.028" width="0.001" count="1" />
        <bin index="32" start="0.032" width="0.001" count="1" />
        <bin index="33" start="0.033" width="0.001" count="1" />
        <bin index="248" start="0.248" width="0.001" count="2" />
        <bin index="503" start="0.503" width="0.001" count="1" />
        <bin index="1000" start="1" width="0.001" count="1" />
      </jitterHistogram>
      <packetSizeHistogram nBins="5" >
        <bin index="4" start="80" width="20" count="368" />
      </packetSizeHistogram>
      <flowInterruptionsHistogram nBins="16" >
        <bin index="2" start="0.5" width="0.25" count="2" />
        <bin index="3" start="0.75" width="0.25" count="1" />
        <bin index="9" start="2.25" width="0.25" count="1" />
        <bin index="15" start="3.75" width="0.25" count="1" />
      </flowInterruptionsHistogram>
    </Flow>
  </FlowStats>
  <Ipv4FlowClassifier>
    <Flow flowId="8" sourceAddress="10.1.1.11" destinationAddress="10.1.1.1" protocol="17" sourcePort="49153" destinationPort="9">
      <Dscp value="0x0" packets="396" />
    </Flow>
    <Flow flowId="7" sourceAddress="10.1.1.12" destinationAddress="10.1.1.2" protocol="17" sourcePort="49153" destinationPort="9">
      <Dscp value="0x0" packets="396" />
    </Flow>
    <Flow flowId="5" sourceAddress="10.1.1.13" destinationAddress="10.1.1.3" protocol="17" sourcePort="49153" destinationPort="9">
      <Dscp value="0x0" packets="398" />
    </Flow>
    <Flow flowId="6" sourceAddress="10.1.1.14" destinationAddress="10.1.1.4" protocol="17" sourcePort="49153" destinationPort="9">
      <Dscp value="0x0" packets="378" />
    </Flow>
    <Flow flowId="1" sourceAddress="10.1.1.15" destinationAddress="10.1.1.5" protocol="17" sourcePort="49153" destinationPort="9">
      <Dscp value="0x0" packets="399" />
    </Flow>
    <Flow flowId="4" sourceAddress="10.1.1.16" destinationAddress="10.1.1.6" protocol="17" sourcePort="49153" destinationPort="9">
      <Dscp value="0x0" packets="377" />
    </Flow>
    <Flow flowId="3" sourceAddress="10.1.1.17" destinationAddress="10.1.1.7" protocol="17" sourcePort="49153" destinationPort="9">
      <Dscp value="0x0" packets="398" />
    </Flow>
    <Flow flowId="2" sourceAddress="10.1.1.18" destinationAddress="10.1.1.8" protocol="17" sourcePort="49153" destinationPort="9">
      <Dscp value="0x0" packets="383" />
    </Flow>
    <Flow flowId="10" sourceAddress="10.1.1.19" destinationAddress="10.1.1.9" protocol="17" sourcePort="49153" destinationPort="9">
      <Dscp value="0x0" packets="396" />
    </Flow>
    <Flow flowId="9" sourceAddress="10.1.1.20" destinationAddress="10.1.1.10" protocol="17" sourcePort="49153" destinationPort="9">
      <Dscp value="0x0" packets="359" />
    </Flow>
  </Ipv4FlowClassifier>
  <Ipv6FlowClassifier>
  </Ipv6FlowClassifier>
  <FlowProbes>
    <FlowProbe index="0">
      <FlowStats  flowId="4" packets="10" bytes="920" delayFromFirstProbeSum="+94414583.0ns" >
      </FlowStats>
      <FlowStats  flowId="8" packets="367" bytes="33764" delayFromFirstProbeSum="+648552908.0ns" >
      </FlowStats>
      <FlowStats  flowId="9" packets="12" bytes="1104" delayFromFirstProbeSum="+83342495.0ns" >
      </FlowStats>
    </FlowProbe>
    <FlowProbe index="1">
    </FlowProbe>
    <FlowProbe index="2">
      <FlowStats  flowId="7" packets="396" bytes="36432" delayFromFirstProbeSum="+128895350.0ns" >
      </FlowStats>
    </FlowProbe>
    <FlowProbe index="3">
    </FlowProbe>
    <FlowProbe index="4">
      <FlowStats  flowId="2" packets="133" bytes="12236" delayFromFirstProbeSum="+49466044.0ns" >
      </FlowStats>
      <FlowStats  flowId="4" packets="6" bytes="552" delayFromFirstProbeSum="+1718077.0ns" >
        <packetsDropped reasonCode="0" number="8" />
        <bytesDropped reasonCode="0" bytes="736" />
      </FlowStats>
      <FlowStats  flowId="5" packets="295" bytes="27140" delayFromFirstProbeSum="+13994679317.0ns" >
      </FlowStats>
      <FlowStats  flowId="6" packets="38" bytes="3496" delayFromFirstProbeSum="+33736809.0ns" >
      </FlowStats>
    </FlowProbe>
    <FlowProbe index="5">
    </FlowProbe>
    <FlowProbe index="6">
      <FlowStats  flowId="3" packets="8" bytes="736" delayFromFirstProbeSum="+66275826.0ns" >
      </FlowStats>
      <FlowStats  flowId="4" packets="5" bytes="460" delayFromFirstProbeSum="+5902515.0ns" >
      </FlowStats>
      <FlowStats  flowId="5" packets="23" bytes="2116" delayFromFirstProbeSum="+17528402.0ns" >
      </FlowStats>
      <FlowStats  flowId="6" packets="308" bytes="28336" delayFromFirstProbeSum="+9283540432.0ns" >
      </FlowStats>
      <FlowStats  flowId="10" packets="15" bytes="1380" delayFromFirstProbeSum="+11852604.0ns" >
      </FlowStats>
    </FlowProbe>
    <FlowProbe index="7">
    </FlowProbe>
    <FlowProbe index="8">
      <FlowStats  flowId="1" packets="399" bytes="36708" delayFromFirstProbeSum="+125488804.0ns" >
      </FlowStats>
      <FlowStats  flowId="2" packets="30" bytes="2760" delayFromFirstProbeSum="+245507574.0ns" >
      </FlowStats>
      <FlowStats  flowId="3" packets="12" bytes="1104" delayFromFirstProbeSum="+45219855.0ns" >
      </FlowStats>
      <FlowStats  flowId="4" packets="1" bytes="92" delayFromFirstProbeSum="+2163091.0ns" >
      </FlowStats>
      <FlowStats  flowId="5" packets="24" bytes="2208" delayFromFirstProbeSum="+29457374.0ns" >
      </FlowStats>
      <FlowStats  flowId="6" packets="21" bytes="1932" delayFromFirstProbeSum="+61233026.0ns" >
      </FlowStats>
      <FlowStats  flowId="9" packets="9" bytes="828" delayFromFirstProbeSum="+11711501.0ns" >
      </FlowStats>
    </FlowProbe>
    <FlowProbe index="9">
    </FlowProbe>
    <FlowProbe index="10">
      <FlowStats  flowId="3" packets="7" bytes="644" delayFromFirstProbeSum="+5421427.0ns" >
      </FlowStats>
      <FlowStats  flowId="4" packets="252" bytes="23184" delayFromFirstProbeSum="+502562355.0ns" >
      </FlowStats>
      <FlowStats  flowId="8" packets="25" bytes="2300" delayFromFirstProbeSum="+22494515.0ns" >
      </FlowStats>
      <FlowStats  flowId="10" packets="8" bytes="736" delayFromFirstProbeSum="+4166588.0ns" >
      </FlowStats>
    </FlowProbe>
    <FlowProbe index="11">
    </FlowProbe>
    <FlowProbe index="12">
      <FlowStats  flowId="2" packets="17" bytes="1564" delayFromFirstProbeSum="+29890382.0ns" >
      </FlowStats>
      <FlowStats  flowId="3" packets="281" bytes="25852" delayFromFirstProbeSum="+3424009630.0ns" >
      </FlowStats>
      <FlowStats  flowId="4" packets="2" bytes="184" delayFromFirstProbeSum="+573593.0ns" >
      </FlowStats>
      <FlowStats  flowId="5" packets="13" bytes="1196" delayFromFirstProbeSum="+4564428911.0ns" >
      </FlowStats>
      <FlowStats  flowId="6" packets="74" bytes="6808" delayFromFirstProbeSum="+93597234.0ns" >
      </FlowStats>
      <FlowStats  flowId="9" packets="46" bytes="4232" delayFromFirstProbeSum="+131602157.0ns" >
      </FlowStats>
      <FlowStats  flowId="10" packets="22" bytes="2024" delayFromFirstProbeSum="+2279146292.0ns" >
      </FlowStats>
    </FlowProbe>
    <FlowProbe index="13">
    </FlowProbe>
    <FlowProbe index="14">
      <FlowStats  flowId="2" packets="352" bytes="32384" delayFromFirstProbeSum="+3489530126.0ns" >
      </FlowStats>
      <FlowStats  flowId="4" packets="11" bytes="1012" delayFromFirstProbeSum="+3156275.0ns" >
      </FlowStats>
      <FlowStats  flowId="5" packets="39" bytes="3588" delayFromFirstProbeSum="+92129976.0ns" >
      </FlowStats>
      <FlowStats  flowId="6" packets="24" bytes="2208" delayFromFirstProbeSum="+61178420.0ns" >
      </FlowStats>
      <FlowStats  flowId="8" packets="52" bytes="4784" delayFromFirstProbeSum="+16929030.0ns" >
      </FlowStats>
      <FlowStats  flowId="9" packets="7" bytes="644" delayFromFirstProbeSum="+2007202.0ns" >
      </FlowStats>
      <FlowStats  flowId="10" packets="8" bytes="736" delayFromFirstProbeSum="+9666085.0ns" >
      </FlowStats>
    </FlowProbe>
    <FlowProbe index="15">
    </FlowProbe>
    <FlowProbe index="16">
      <FlowStats  flowId="2" packets="8" bytes="736" delayFromFirstProbeSum="+23772634.0ns" >
      </FlowStats>
      <FlowStats  flowId="4" packets="5" bytes="460" delayFromFirstProbeSum="+1432957.0ns" >
      </FlowStats>
      <FlowStats  flowId="5" packets="1" bytes="92" delayFromFirstProbeSum="+2599730.0ns" >
      </FlowStats>
      <FlowStats  flowId="6" packets="20" bytes="1840" delayFromFirstProbeSum="+2284979801.0ns" >
      </FlowStats>
      <FlowStats  flowId="9" packets="5" bytes="460" delayFromFirstProbeSum="+8265054036.0ns" >
      </FlowStats>
      <FlowStats  flowId="10" packets="368" bytes="33856" delayFromFirstProbeSum="+2793114034.0ns" >
      </FlowStats>
    </FlowProbe>
    <FlowProbe index="17">
    </FlowProbe>
    <FlowProbe index="18">
      <FlowStats  flowId="2" packets="35" bytes="3220" delayFromFirstProbeSum="+57760364.0ns" >
      </FlowStats>
      <FlowStats  flowId="3" packets="7" bytes="644" delayFromFirstProbeSum="+8536496.0ns" >
      </FlowStats>
      <FlowStats  flowId="4" packets="9" bytes="828" delayFromFirstProbeSum="+11567648.0ns" >
      </FlowStats>
      <FlowStats  flowId="5" packets="23" bytes="2116" delayFromFirstProbeSum="+14165338.0ns" >
      </FlowStats>
      <FlowStats  flowId="6" packets="87" bytes="8004" delayFromFirstProbeSum="+85107261.0ns" >
      </FlowStats>
      <FlowStats  flowId="9" packets="267" bytes="24564" delayFromFirstProbeSum="+12242520335.0ns" >
      </FlowStats>
    </FlowProbe>
    <FlowProbe index="19">
    </FlowProbe>
    <FlowProbe index="20">
      <FlowStats  flowId="2" packets="15" bytes="1380" delayFromFirstProbeSum="+48670377.0ns" >
      </FlowStats>
      <FlowStats  flowId="6" packets="3" bytes="276" delayFromFirstProbeSum="+5277118610.0ns" >
      </FlowStats>
      <FlowStats  flowId="8" packets="396" bytes="36432" delayFromFirstProbeSum="+0.0ns" >
      </FlowStats>
      <FlowStats  flowId="9" packets="8" bytes="736" delayFromFirstProbeSum="+12362996.0ns" >
      </FlowStats>
    </FlowProbe>
    <FlowProbe index="21">
    </FlowProbe>
    <FlowProbe index="22">
      <FlowStats  flowId="7" packets="396" bytes="36432" delayFromFirstProbeSum="+0.0ns" >
      </FlowStats>
    </FlowProbe>
    <FlowProbe index="23">
    </FlowProbe>
    <FlowProbe index="24">
      <FlowStats  flowId="3" packets="25" bytes="2300" delayFromFirstProbeSum="+12155408.0ns" >
      </FlowStats>
      <FlowStats  flowId="4" packets="15" bytes="1380" delayFromFirstProbeSum="+11727730.0ns" >
      </FlowStats>
      <FlowStats  flowId="5" packets="398" bytes="36616" delayFromFirstProbeSum="+0.0ns" >
      </FlowStats>
      <FlowStats  flowId="9" packets="1" bytes="92" delayFromFirstProbeSum="+5618923.0ns" >
      </FlowStats>
    </FlowProbe>
    <FlowProbe index="25">
    </FlowProbe>
    <FlowProbe index="26">
      <FlowStats  flowId="2" packets="18" bytes="1656" delayFromFirstProbeSum="+15210157.0ns" >
      </FlowStats>
      <FlowStats  flowId="3" packets="22" bytes="2024" delayFromFirstProbeSum="+1630438945.0ns" >
      </FlowStats>
      <FlowStats  flowId="5" packets="23" bytes="2116" delayFromFirstProbeSum="+9369215.0ns" >
      </FlowStats>
      <FlowStats  flowId="6" packets="378" bytes="34776" delayFromFirstProbeSum="+0.0ns" >
      </FlowStats>
      <FlowStats  flowId="9" packets="9" bytes="828" delayFromFirstProbeSum="+13009970.0ns" >
      </FlowStats>
      <FlowStats  flowId="10" packets="32" bytes="2944" delayFromFirstProbeSum="+16277720.0ns" >
      </FlowStats>
    </FlowProbe>
    <FlowProbe index="27">
    </FlowProbe>
    <FlowProbe index="28">
      <FlowStats  flowId="1" packets="399" bytes="36708" delayFromFirstProbeSum="+0.0ns" >
      </FlowStats>
      <FlowStats  flowId="4" packets="9" bytes="828" delayFromFirstProbeSum="+13789806.0ns" >
      </FlowStats>
      <FlowStats  flowId="9" packets="11" bytes="1012" delayFromFirstProbeSum="+25894380.0ns" >
      </FlowStats>
    </FlowProbe>
    <FlowProbe index="29">
    </FlowProbe>
    <FlowProbe index="30">
      <FlowStats  flowId="2" packets="56" bytes="5152" delayFromFirstProbeSum="+44962761.0ns" >
      </FlowStats>
      <FlowStats  flowId="3" packets="40" bytes="3680" delayFromFirstProbeSum="+68663572.0ns" >
      </FlowStats>
      <FlowStats  flowId="4" packets="377" bytes="34684" delayFromFirstProbeSum="+0.0ns" >
      </FlowStats>
      <FlowStats  flowId="5" packets="56" bytes="5152" delayFromFirstProbeSum="+176998715.0ns" >
      </FlowStats>
      <FlowStats  flowId="6" packets="51" bytes="4692" delayFromFirstProbeSum="+125749668.0ns" >
      </FlowStats>
      <FlowStats  flowId="8" packets="25" bytes="2300" delayFromFirstProbeSum="+17260990.0ns" >
      </FlowStats>
      <FlowStats  flowId="9" packets="26" bytes="2392" delayFromFirstProbeSum="+89885415.0ns" >
      </FlowStats>
      <FlowStats  flowId="10" packets="7" bytes="644" delayFromFirstProbeSum="+13073429.0ns" >
      </FlowStats>
    </FlowProbe>
    <FlowProbe index="31">
    </FlowProbe>
    <FlowProbe index="32">
      <FlowStats  flowId="3" packets="398" bytes="36616" delayFromFirstProbeSum="+0.0ns" >
      </FlowStats>
      <FlowStats  flowId="4" packets="10" bytes="920" delayFromFirstProbeSum="+77516396.0ns" >
      </FlowStats>
      <FlowStats  flowId="8" packets="56" bytes="5152" delayFromFirstProbeSum="+27695861.0ns" >
      </FlowStats>
      <FlowStats  flowId="9" packets="1" bytes="92" delayFromFirstProbeSum="+9165959.0ns" >
      </FlowStats>
    </FlowProbe>
    <FlowProbe index="33">
    </FlowProbe>
    <FlowProbe index="34">
      <FlowStats  flowId="2" packets="383" bytes="35236" delayFromFirstProbeSum="+0.0ns" >
      </FlowStats>
      <FlowStats  flowId="3" packets="2" bytes="184" delayFromFirstProbeSum="+48323691.0ns" >
      </FlowStats>
    </FlowProbe>
    <FlowProbe index="35">
    </FlowProbe>
    <FlowProbe index="36">
      <FlowStats  flowId="2" packets="20" bytes="1840" delayFromFirstProbeSum="+53290009.0ns" >
      </FlowStats>
      <FlowStats  flowId="5" packets="25" bytes="2300" delayFromFirstProbeSum="+36565874.0ns" >
      </FlowStats>
      <FlowStats  flowId="6" packets="14" bytes="1288" delayFromFirstProbeSum="+25615172.0ns" >
      </FlowStats>
      <FlowStats  flowId="8" packets="8" bytes="736" delayFromFirstProbeSum="+9726070.0ns" >
      </FlowStats>
      <FlowStats  flowId="10" packets="396" bytes="36432" delayFromFirstProbeSum="+0.0ns" >
      </FlowStats>
    </FlowProbe>
    <FlowProbe index="37">
    </FlowProbe>
    <FlowProbe index="38">
      <FlowStats  flowId="2" packets="13" bytes="1196" delayFromFirstProbeSum="+100649469.0ns" >
      </FlowStats>
      <FlowStats  flowId="3" packets="24" bytes="2208" delayFromFirstProbeSum="+16929105.0ns" >
      </FlowStats>
      <FlowStats  flowId="4" packets="9" bytes="828" delayFromFirstProbeSum="+13167236.0ns" >
      </FlowStats>
      <FlowStats  flowId="5" packets="24" bytes="2208" delayFromFirstProbeSum="+16175500.0ns" >
      </FlowStats>
      <FlowStats  flowId="6" packets="53" bytes="4876" delayFromFirstProbeSum="+283379459.0ns" >
      </FlowStats>
      <FlowStats  flowId="8" packets="16" bytes="1472" delayFromFirstProbeSum="+10832629.0ns" >
      </FlowStats>
      <FlowStats  flowId="9" packets="359" bytes="33028" delayFromFirstProbeSum="+0.0ns" >
      </FlowStats>
      <FlowStats  flowId="10" packets="1" bytes="92" delayFromFirstProbeSum="+286948.0ns" >
      </FlowStats>
    </FlowProbe>
    <FlowProbe index="39">
    </FlowProbe>
    <FlowProbe index="40">
      <FlowStats  flowId="2" packets="7" bytes="644" delayFromFirstProbeSum="+22310370.0ns" >
      </FlowStats>
      <FlowStats  flowId="3" packets="45" bytes="4140" delayFromFirstProbeSum="+59702471.0ns" >
      </FlowStats>
      <FlowStats  flowId="5" packets="32" bytes="2944" delayFromFirstProbeSum="+14620001.0ns" >
      </FlowStats>
      <FlowStats  flowId="6" packets="6" bytes="552" delayFromFirstProbeSum="+23597749.0ns" >
      </FlowStats>
      <FlowStats  flowId="8" packets="7" bytes="644" delayFromFirstProbeSum="+3219479.0ns" >
      </FlowStats>
      <FlowStats  flowId="9" packets="30" bytes="2760" delayFromFirstProbeSum="+88852559.0ns" >
      </FlowStats>
    </FlowProbe>
    <FlowProbe index="41">
    </FlowProbe>
    <FlowProbe index="42">
      <FlowStats  flowId="2" packets="15" bytes="1380" delayFromFirstProbeSum="+32368049.0ns" >
      </FlowStats>
      <FlowStats  flowId="3" packets="22" bytes="2024" delayFromFirstProbeSum="+883809298.0ns" >
      </FlowStats>
      <FlowStats  flowId="5" packets="44" bytes="4048" delayFromFirstProbeSum="+2284062814.0ns" >
      </FlowStats>
      <FlowStats  flowId="6" packets="23" bytes="2116" delayFromFirstProbeSum="+48762635.0ns" >
      </FlowStats>
      <FlowStats  flowId="9" packets="4" bytes="368" delayFromFirstProbeSum="+836298740.0ns" >
      </FlowStats>
      <FlowStats  flowId="10" packets="15" bytes="1380" delayFromFirstProbeSum="+16507596.0ns" >
      </FlowStats>
    </FlowProbe>
    <FlowProbe index="43">
    </FlowProbe>
    <FlowProbe index="44">
      <FlowStats  flowId="2" packets="9" bytes="828" delayFromFirstProbeSum="+25190227.0ns" >
      </FlowStats>
      <FlowStats  flowId="5" packets="36" bytes="3312" delayFromFirstProbeSum="+23221181.0ns" >
      </FlowStats>
      <FlowStats  flowId="6" packets="32" bytes="2944" delayFromFirstProbeSum="+17224499.0ns" >
      </FlowStats>
      <FlowStats  flowId="8" packets="24" bytes="2208" delayFromFirstProbeSum="+8275348.0ns" >
      </FlowStats>
      <FlowStats  flowId="10" packets="3" bytes="276" delayFromFirstProbeSum="+19178736.0ns" >
      </FlowStats>
    </FlowProbe>
    <FlowProbe index="45">
    </FlowProbe>
    <FlowProbe index="46">
      <FlowStats  flowId="2" packets="8" bytes="736" delayFromFirstProbeSum="+6243272.0ns" >
      </FlowStats>
      <FlowStats  flowId="10" packets="8" bytes="736" delayFromFirstProbeSum="+5424474.0ns" >
      </FlowStats>
    </FlowProbe>
    <FlowProbe index="47">
    </FlowProbe>
    <FlowProbe index="48">
      <FlowStats  flowId="4" packets="110" bytes="10120" delayFromFirstProbeSum="+2162036445.0ns" >
      </FlowStats>
      <FlowStats  flowId="5" packets="34" bytes="3128" delayFromFirstProbeSum="+87169355.0ns" >
      </FlowStats>
      <FlowStats  flowId="6" packets="33" bytes="3036" delayFromFirstProbeSum="+874097347.0ns" >
      </FlowStats>
      <FlowStats  flowId="8" packets="32" bytes="2944" delayFromFirstProbeSum="+19268507.0ns" >
      </FlowStats>
      <FlowStats  flowId="9" packets="8" bytes="736" delayFromFirstProbeSum="+6606326.0ns" >
      </FlowStats>
      <FlowStats  flowId="10" packets="16" bytes="1472" delayFromFirstProbeSum="+8757029.0ns" >
      </FlowStats>
    </FlowProbe>
    <FlowProbe index="49">
    </FlowProbe>
    <FlowProbe index="50">
      <FlowStats  flowId="3" packets="34" bytes="3128" delayFromFirstProbeSum="+168031866.0ns" >
      </FlowStats>
      <FlowStats  flowId="4" packets="33" bytes="3036" delayFromFirstProbeSum="+50879611.0ns" >
      </FlowStats>
    </FlowProbe>
    <FlowProbe index="51">
    </FlowProbe>
    <FlowProbe index="52">
      <FlowStats  flowId="2" packets="1" bytes="92" delayFromFirstProbeSum="+6468793.0ns" >
      </FlowStats>
      <FlowStats  flowId="3" packets="10" bytes="920" delayFromFirstProbeSum="+6056851.0ns" >
      </FlowStats>
      <FlowStats  flowId="4" packets="1" bytes="92" delayFromFirstProbeSum="+20016482.0ns" >
      </FlowStats>
      <FlowStats  flowId="9" packets="8" bytes="736" delayFromFirstProbeSum="+7561764.0ns" >
      </FlowStats>
    </FlowProbe>
    <FlowProbe index="53">
    </FlowProbe>
    <FlowProbe index="54">
      <FlowStats  flowId="3" packets="12" bytes="1104" delayFromFirstProbeSum="+31931526.0ns" >
      </FlowStats>
      <FlowStats  flowId="4" packets="23" bytes="2116" delayFromFirstProbeSum="+13575367.0ns" >
      </FlowStats>
      <FlowStats  flowId="5" packets="16" bytes="1472" delayFromFirstProbeSum="+29849477.0ns" >
      </FlowStats>
      <FlowStats  flowId="6" packets="1" bytes="92" delayFromFirstProbeSum="+1519388.0ns" >
      </FlowStats>
      <FlowStats  flowId="8" packets="1" bytes="92" delayFromFirstProbeSum="+1859724.0ns" >
      </FlowStats>
      <FlowStats  flowId="9" packets="24" bytes="2208" delayFromFirstProbeSum="+9670335.0ns" >
      </FlowStats>
      <FlowStats  flowId="10" packets="1" bytes="92" delayFromFirstProbeSum="+12015781.0ns" >
      </FlowStats>
    </FlowProbe>
    <FlowProbe index="55">
    </FlowProbe>
    <FlowProbe index="56">
      <FlowStats  flowId="2" packets="23" bytes="2116" delayFromFirstProbeSum="+115539770.0ns" >
      </FlowStats>
      <FlowStats  flowId="3" packets="31" bytes="2852" delayFromFirstProbeSum="+45474679.0ns" >
      </FlowStats>
      <FlowStats  flowId="4" packets="4" bytes="368" delayFromFirstProbeSum="+20365308.0ns" >
      </FlowStats>
      <FlowStats  flowId="5" packets="31" bytes="2852" delayFromFirstProbeSum="+21959029.0ns" >
      </FlowStats>
      <FlowStats  flowId="6" packets="25" bytes="2300" delayFromFirstProbeSum="+92923067.0ns" >
      </FlowStats>
      <FlowStats  flowId="9" packets="17" bytes="1564" delayFromFirstProbeSum="+15485873.0ns" >
      </FlowStats>
    </FlowProbe>
    <FlowProbe index="57">
    </FlowProbe>
    <FlowProbe index="58">
      <FlowStats  flowId="2" packets="9" bytes="828" delayFromFirstProbeSum="+12846675.0ns" >
      </FlowStats>
      <FlowStats  flowId="3" packets="11" bytes="1012" delayFromFirstProbeSum="+46059234.0ns" >
      </FlowStats>
      <FlowStats  flowId="4" packets="77" bytes="7084" delayFromFirstProbeSum="+2128251480.0ns" >
        <packetsDropped reasonCode="0" number="0" />
        <packetsDropped reasonCode="1" number="2" />
        <bytesDropped reasonCode="0" bytes="0" />
        <bytesDropped reasonCode="1" bytes="184" />
      </FlowStats>
      <FlowStats  flowId="6" packets="1" bytes="92" delayFromFirstProbeSum="+10319376.0ns" >
      </FlowStats>
      <FlowStats  flowId="8" packets="8" bytes="736" delayFromFirstProbeSum="+9184675.0ns" >
      </FlowStats>
      <FlowStats  flowId="9" packets="22" bytes="2024" delayFromFirstProbeSum="+69792045.0ns" >
      </FlowStats>
      <FlowStats  flowId="10" packets="8" bytes="736" delayFromFirstProbeSum="+13530943.0ns" >
      </FlowStats>
    </FlowProbe>
    <FlowProbe index="59">
    </FlowProbe>
  </FlowProbes>
</FlowMonitor>
