<?xml version="1.0" ?>
<FlowMonitor>
  <FlowStats>
    <Flow flowId="1" timeFirstTxPacket="+100345527457.0ns" timeFirstRxPacket="+100355127465.0ns" timeLastTxPacket="+199845527457.0ns" timeLastRxPacket="+199845813939.0ns" delaySum="+3822254784.0ns" jitterSum="+6765232630.0ns" lastDelay="+286482.0ns" txBytes="36708" rxBytes="36708" txPackets="399" rxPackets="399" lostPackets="0" timesForwarded="369">
      <delayHistogram nBins="2015" >
        <bin index="0" start="0" width="0.001" count="97" />
        <bin index="1" start="0.001" width="0.001" count="245" />
        <bin index="2" start="0.002" width="0.001" count="12" />
        <bin index="3" start="0.003" width="0.001" count="11" />
        <bin index="4" start="0.004" width="0.001" count="3" />
        <bin index="5" start="0.005" width="0.001" count="3" />
        <bin index="6" start="0.006" width="0.001" count="3" />
        <bin index="7" start="0.007" width="0.001" count="1" />
        <bin index="8" start="0.008" width="0.001" count="1" />
        <bin index="9" start="0.009" width="0.001" count="3" />
        <bin index="10" start="0.01" width="0.001" count="2" />
        <bin index="11" start="0.011" width="0.001" count="1" />
        <bin index="12" start="0.012" width="0.001" count="2" />
        <bin index="13" start="0.013" width="0.001" count="2" />
        <bin index="14" start="0.014" width="0.001" count="4" />
        <bin index="15" start="0.015" width="0.001" count="1" />
        <bin index="16" start="0.016" width="0.001" count="1" />
        <bin index="17" start="0.017" width="0.001" count="1" />
        <bin index="18" start="0.018" width="0.001" count="1" />
        <bin index="20" start="0.02" width="0.001" count="2" />
        <bin index="22" start="0.022" width="0.001" count="1" />
        <bin index="995" start="0.995" width="0.001" count="1" />
        <bin index="2014" start="2.014" width="0.001" count="1" />
      </delayHistogram>
      <jitterHistogram nBins="2014" >
        <bin index="0" start="0" width="0.001" count="298" />
        <bin index="1" start="0.001" width="0.001" count="25" />
        <bin index="2" start="0.002" width="0.001" count="11" />
        <bin index="3" start="0.003" width="0.001" count="4" />
        <bin index="4" start="0.004" width="0.001" count="8" />
        <bin index="5" start="0.005" width="0.001" count="2" />
        <bin index="6" start="0.006" width="0.001" count="3" />
        <bin index="7" start="0.007" width="0.001" count="2" />
        <bin index="8" start="0.008" width="0.001" count="7" />
        <bin index="9" start="0.009" width="0.001" count="3" />
        <bin index="10" start="0.01" width="0.001" count="3" />
        <bin index="11" start="0.011" width="0.001" count="5" />
        <bin index="12" start="0.012" width="0.001" count="5" />
        <bin index="13" start="0.013" width="0.001" count="6" />
        <bin index="14" start="0.014" width="0.001" count="3" />
        <bin index="15" start="0.015" width="0.001" count="1" />
        <bin index="16" start="0.016" width="0.001" count="1" />
        <bin index="17" start="0.017" width="0.001" count="1" />
        <bin index="18" start="0.018" width="0.001" count="3" />
        <bin index="19" start="0.019" width="0.001" count="2" />
        <bin index="20" start="0.02" width="0.001" count="1" />
        <bin index="993" start="0.993" width="0.001" count="1" />
        <bin index="994" start="0.994" width="0.001" count="1" />
        <bin index="2012" start="2.012" width="0.001" count="1" />
        <bin index="2013" start="2.013" width="0.001" count="1" />
      </jitterHistogram>
      <packetSizeHistogram nBins="5" >
        <bin index="4" start="80" width="20" count="399" />
      </packetSizeHistogram>
      <flowInterruptionsHistogram nBins="3" >
        <bin index="2" start="0.5" width="0.25" count="1" />
      </flowInterruptionsHistogram>
    </Flow>
    <Flow flowId="2" timeFirstTxPacket="+100529588904.0ns" timeFirstRxPacket="+100550874549.0ns" timeLastTxPacket="+199779588904.0ns" timeLastRxPacket="+199779875597.0ns" delaySum="+6500130351.0ns" jitterSum="+5898832578.0ns" lastDelay="+286693.0ns" txBytes="36616" rxBytes="36064" txPackets="398" rxPackets="392" lostPackets="6" timesForwarded="112">
      <delayHistogram nBins="2009" >
        <bin index="0" start="0" width="0.001" count="303" />
        <bin index="1" start="0.001" width="0.001" count="56" />
        <bin index="2" start="0.002" width="0.001" count="7" />
        <bin index="3" start="0.003" width="0.001" count="4" />
        <bin index="5" start="0.005" width="0.001" count="2" />
        <bin index="6" start="0.006" width="0.001" count="1" />
        <bin index="7" start="0.007" width="0.001" count="2" />
        <bin index="12" start="0.012" width="0.001" count="2" />
        <bin index="13" start="0.013" width="0.001" count="5" />
        <bin index="14" start="0.014" width="0.001" count="1" />
        <bin index="15" start="0.015" width="0.001" count="1" />
        <bin index="18" start="0.018" width="0.001" count="1" />
        <bin index="19" start="0.019" width="0.001" count="1" />
        <bin index="21" start="0.021" width="0.001" count="1" />
        <bin index="30" start="0.03" width="0.001" count="1" />
        <bin index="763" start="0.763" width="0.001" count="1" />
        <bin index="1520" start="1.52" width="0.001" count="1" />
        <bin index="1761" start="1.761" width="0.001" count="1" />
        <bin index="2008" start="2.008" width="0.001" count="1" />
      </delayHistogram>
      <jitterHistogram nBins="1996" >
        <bin index="0" start="0" width="0.001" count="348" />
        <bin index="1" start="0.001" width="0.001" count="4" />
        <bin index="2" start="0.002" width="0.001" count="4" />
        <bin index="3" start="0.003" width="0.001" count="1" />
        <bin index="4" start="0.004" width="0.001" count="2" />
        <bin index="5" start="0.005" width="0.001" count="3" />
        <bin index="6" start="0.006" width="0.001" count="2" />
        <bin index="7" start="0.007" width="0.001" count="1" />
        <bin index="8" start="0.008" width="0.001" count="1" />
        <bin index="9" start="0.009" width="0.001" count="1" />
        <bin index="10" start="0.01" width="0.001" count="2" />
        <bin index="11" start="0.011" width="0.001" count="5" />
        <bin index="12" start="0.012" width="0.001" count="3" />
        <bin index="13" start="0.013" width="0.001" count="2" />
        <bin index="16" start="0.016" width="0.001" count="1" />
        <bin index="17" start="0.017" width="0.001" count="1" />
        <bin index="18" start="0.018" width="0.001" count="1" />
        <bin index="20" start="0.02" width="0.001" count="1" />
        <bin index="26" start="0.026" width="0.001" count="1" />
        <bin index="27" start="0.027" width="0.001" count="1" />
        <bin index="241" start="0.241" width="0.001" count="1" />
        <bin index="246" start="0.246" width="0.001" count="1" />
        <bin index="760" start="0.76" width="0.001" count="1" />
        <bin index="762" start="0.762" width="0.001" count="1" />
        <bin index="1518" start="1.518" width="0.001" count="1" />
        <bin index="1995" start="1.995" width="0.001" count="1" />
      </jitterHistogram>
      <packetSizeHistogram nBins="5" >
        <bin index="4" start="80" width="20" count="392" />
      </packetSizeHistogram>
      <flowInterruptionsHistogram nBins="9" >
        <bin index="8" start="2" width="0.25" count="1" />
      </flowInterruptionsHistogram>
    </Flow>
    <Flow flowId="3" timeFirstTxPacket="+100547508704.0ns" timeFirstRxPacket="+100557769748.0ns" timeLastTxPacket="+199797508704.0ns" timeLastRxPacket="+199797796219.0ns" delaySum="+565165970.0ns" jitterSum="+486930085.0ns" lastDelay="+287515.0ns" txBytes="36616" rxBytes="35328" txPackets="398" rxPackets="384" lostPackets="14" timesForwarded="105">
      <delayHistogram nBins="31" >
        <bin index="0" start="0" width="0.001" count="290" />
        <bin index="1" start="0.001" width="0.001" count="50" />
        <bin index="2" start="0.002" width="0.001" count="11" />
        <bin index="3" start="0.003" width="0.001" count="6" />
        <bin index="4" start="0.004" width="0.001" count="3" />
        <bin index="5" start="0.005" width="0.001" count="4" />
        <bin index="8" start="0.008" width="0.001" count="1" />
        <bin index="10" start="0.01" width="0.001" count="4" />
        <bin index="11" start="0.011" width="0.001" count="1" />
        <bin index="12" start="0.012" width="0.001" count="2" />
        <bin index="13" start="0.013" width="0.001" count="1" />
        <bin index="14" start="0.014" width="0.001" count="2" />
        <bin index="15" start="0.015" width="0.001" count="1" />
        <bin index="17" start="0.017" width="0.001" count="2" />
        <bin index="18" start="0.018" width="0.001" count="1" />
        <bin index="19" start="0.019" width="0.001" count="1" />
        <bin index="20" start="0.02" width="0.001" count="1" />
        <bin index="25" start="0.025" width="0.001" count="1" />
        <bin index="29" start="0.029" width="0.001" count="1" />
        <bin index="30" start="0.03" width="0.001" count="1" />
      </delayHistogram>
      <jitterHistogram nBins="26" >
        <bin index="0" start="0" width="0.001" count="321" />
        <bin index="1" start="0.001" width="0.001" count="19" />
        <bin index="2" start="0.002" width="0.001" count="6" />
        <bin index="3" start="0.003" width="0.001" count="4" />
        <bin index="4" start="0.004" width="0.001" count="4" />
        <bin index="5" start="0.005" width="0.001" count="1" />
        <bin index="6" start="0.006" width="0.001" count="2" />
        <bin index="7" start="0.007" width="0.001" count="1" />
        <bin index="8" start="0.008" width="0.001" count="2" />
        <bin index="9" start="0.009" width="0.001" count="7" />
        <bin index="11" start="0.011" width="0.001" count="1" />
        <bin index="12" start="0.012" width="0.001" count="3" />
        <bin index="13" start="0.013" width="0.001" count="1" />
        <bin index="16" start="0.016" width="0.001" count="4" />
        <bin index="17" start="0.017" width="0.001" count="1" />
        <bin index="19" start="0.019" width="0.001" count="1" />
        <bin index="22" start="0.022" width="0.001" count="1" />
        <bin index="24" start="0.024" width="0.001" count="3" />
        <bin index="25" start="0.025" width="0.001" count="1" />
      </jitterHistogram>
      <packetSizeHistogram nBins="5" >
        <bin index="4" start="80" width="20" count="384" />
      </packetSizeHistogram>
      <flowInterruptionsHistogram nBins="13" >
        <bin index="2" start="0.5" width="0.25" count="1" />
        <bin index="12" start="3" width="0.25" count="1" />
      </flowInterruptionsHistogram>
    </Flow>
    <Flow flowId="4" timeFirstTxPacket="+100579044915.0ns" timeFirstRxPacket="+100591445236.0ns" timeLastTxPacket="+199829044915.0ns" timeLastRxPacket="+199829902345.0ns" delaySum="+5714440594.0ns" jitterSum="+5819618745.0ns" lastDelay="+857430.0ns" txBytes="36616" rxBytes="36340" txPackets="398" rxPackets="395" lostPackets="3" timesForwarded="396">
      <delayHistogram nBins="1013" >
        <bin index="0" start="0" width="0.001" count="80" />
        <bin index="1" start="0.001" width="0.001" count="239" />
        <bin index="2" start="0.002" width="0.001" count="26" />
        <bin index="3" start="0.003" width="0.001" count="13" />
        <bin index="4" start="0.004" width="0.001" count="2" />
        <bin index="5" start="0.005" width="0.001" count="1" />
        <bin index="7" start="0.007" width="0.001" count="1" />
        <bin index="8" start="0.008" width="0.001" count="1" />
        <bin index="9" start="0.009" width="0.001" count="3" />
        <bin index="11" start="0.011" width="0.001" count="2" />
        <bin index="12" start="0.012" width="0.001" count="4" />
        <bin index="13" start="0.013" width="0.001" count="2" />
        <bin index="14" start="0.014" width="0.001" count="3" />
        <bin index="15" start="0.015" width="0.001" count="2" />
        <bin index="16" start="0.016" width="0.001" count="3" />
        <bin index="18" start="0.018" width="0.001" count="1" />
        <bin index="19" start="0.019" width="0.001" count="1" />
        <bin index="21" start="0.021" width="0.001" count="1" />
        <bin index="22" start="0.022" width="0.001" count="2" />
        <bin index="23" start="0.023" width="0.001" count="1" />
        <bin index="258" start="0.258" width="0.001" count="1" />
        <bin index="507" start="0.507" width="0.001" count="1" />
        <bin index="509" start="0.509" width="0.001" count="1" />
        <bin index="758" start="0.758" width="0.001" count="1" />
        <bin index="763" start="0.763" width="0.001" count="1" />
        <bin index="1007" start="1.007" width="0.001" count="1" />
        <bin index="1012" start="1.012" width="0.001" count="1" />
      </delayHistogram>
      <jitterHistogram nBins="1010" >
        <bin index="0" start="0" width="0.001" count="284" />
        <bin index="1" start="0.001" width="0.001" count="37" />
        <bin index="2" start="0.002" width="0.001" count="13" />
        <bin index="3" start="0.003" width="0.001" count="3" />
        <bin index="4" start="0.004" width="0.001" count="1" />
        <bin index="6" start="0.006" width="0.001" count="3" />
        <bin index="7" start="0.007" width="0.001" count="3" />
        <bin index="8" start="0.008" width="0.001" count="5" />
        <bin index="9" start="0.009" width="0.001" count="1" />
        <bin index="10" start="0.01" width="0.001" count="3" />
        <bin index="11" start="0.011" width="0.001" count="6" />
        <bin index="12" start="0.012" width="0.001" count="5" />
        <bin index="13" start="0.013" width="0.001" count="4" />
        <bin index="14" start="0.014" width="0.001" count="4" />
        <bin index="15" start="0.015" width="0.001" count="2" />
        <bin index="17" start="0.017" width="0.001" count="1" />
        <bin index="18" start="0.018" width="0.001" count="2" />
        <bin index="20" start="0.02" width="0.001" count="3" />
        <bin index="21" start="0.021" width="0.001" count="2" />
        <bin index="22" start="0.022" width="0.001" count="1" />
        <bin index="23" start="0.023" width="0.001" count="1" />
        <bin index="248" start="0.248" width="0.001" count="1" />
        <bin index="249" start="0.249" width="0.001" count="4" />
        <bin index="506" start="0.506" width="0.001" count="1" />
        <bin index="508" start="0.508" width="0.001" count="1" />
        <bin index="762" start="0.762" width="0.001" count="1" />
        <bin index="1006" start="1.006" width="0.001" count="1" />
        <bin index="1009" start="1.009" width="0.001" count="1" />
      </jitterHistogram>
      <packetSizeHistogram nBins="5" >
        <bin index="4" start="80" width="20" count="395" />
      </packetSizeHistogram>
      <flowInterruptionsHistogram nBins="6" >
        <bin index="3" start="0.75" width="0.25" count="2" />
        <bin index="5" start="1.25" width="0.25" count="1" />
      </flowInterruptionsHistogram>
    </Flow>
    <Flow flowId="5" timeFirstTxPacket="+100584054896.0ns" timeFirstRxPacket="+100593293411.0ns" timeLastTxPacket="+199834054896.0ns" timeLastRxPacket="+199834342266.0ns" delaySum="+137026077.0ns" jitterSum="+35161969.0ns" lastDelay="+287370.0ns" txBytes="36616" rxBytes="36616" txPackets="398" rxPackets="398" lostPackets="0" timesForwarded="0">
      <delayHistogram nBins="10" >
        <bin index="0" start="0" width="0.001" count="387" />
        <bin index="1" start="0.001" width="0.001" count="9" />
        <bin index="2" start="0.002" width="0.001" count="1" />
        <bin index="9" start="0.009" width="0.001" count="1" />
      </delayHistogram>
      <jitterHistogram nBins="9" >
        <bin index="0" start="0" width="0.001" count="391" />
        <bin index="1" start="0.001" width="0.001" count="5" />
        <bin index="8" start="0.008" width="0.001" count="1" />
      </jitterHistogram>
      <packetSizeHistogram nBins="5" >
        <bin index="4" start="80" width="20" count="398" />
      </packetSizeHistogram>
      <flowInterruptionsHistogram nBins="0" >
      </flowInterruptionsHistogram>
    </Flow>
    <Flow flowId="6" timeFirstTxPacket="+100596832416.0ns" timeFirstRxPacket="+100605392608.0ns" timeLastTxPacket="+199846832416.0ns" timeLastRxPacket="+199847119132.0ns" delaySum="+331033658.0ns" jitterSum="+250046346.0ns" lastDelay="+286716.0ns" txBytes="36616" rxBytes="36616" txPackets="398" rxPackets="398" lostPackets="0" timesForwarded="7">
      <delayHistogram nBins="23" >
        <bin index="0" start="0" width="0.001" count="290" />
        <bin index="1" start="0.001" width="0.001" count="90" />
        <bin index="2" start="0.002" width="0.001" count="15" />
        <bin index="5" start="0.005" width="0.001" count="1" />
        <bin index="8" start="0.008" width="0.001" count="1" />
        <bin index="22" start="0.022" width="0.001" count="1" />
      </delayHistogram>
      <jitterHistogram nBins="22" >
        <bin index="0" start="0" width="0.001" count="348" />
        <bin index="1" start="0.001" width="0.001" count="39" />
        <bin index="2" start="0.002" width="0.001" count="5" />
        <bin index="4" start="0.004" width="0.001" count="2" />
        <bin index="7" start="0.007" width="0.001" count="1" />
        <bin index="21" start="0.021" width="0.001" count="2" />
      </jitterHistogram>
      <packetSizeHistogram nBins="5" >
        <bin index="4" start="80" width="20" count="398" />
      </packetSizeHistogram>
      <flowInterruptionsHistogram nBins="0" >
      </flowInterruptionsHistogram>
    </Flow>
    <Flow flowId="7" timeFirstTxPacket="+100767345429.0ns" timeFirstRxPacket="+100775984651.0ns" timeLastTxPacket="+199767345429.0ns" timeLastRxPacket="+199767631857.0ns" delaySum="+163848482.0ns" jitterSum="+69488998.0ns" lastDelay="+286428.0ns" txBytes="36524" rxBytes="36524" txPackets="397" rxPackets="397" lostPackets="0" timesForwarded="14">
      <delayHistogram nBins="17" >
        <bin index="0" start="0" width="0.001" count="383" />
        <bin index="1" start="0.001" width="0.001" count="11" />
        <bin index="8" start="0.008" width="0.001" count="1" />
        <bin index="10" start="0.01" width="0.001" count="1" />
        <bin index="16" start="0.016" width="0.001" count="1" />
      </delayHistogram>
      <jitterHistogram nBins="16" >
        <bin index="0" start="0" width="0.001" count="391" />
        <bin index="7" start="0.007" width="0.001" count="1" />
        <bin index="9" start="0.009" width="0.001" count="1" />
        <bin index="10" start="0.01" width="0.001" count="1" />
        <bin index="15" start="0.015" width="0.001" count="2" />
      </jitterHistogram>
      <packetSizeHistogram nBins="5" >
        <bin index="4" start="80" width="20" count="397" />
      </packetSizeHistogram>
      <flowInterruptionsHistogram nBins="0" >
      </flowInterruptionsHistogram>
    </Flow>
    <Flow flowId="8" timeFirstTxPacket="+100884855346.0ns" timeFirstRxPacket="+100895416060.0ns" timeLastTxPacket="+199884855346.0ns" timeLastRxPacket="+199885142118.0ns" delaySum="+304109418.0ns" jitterSum="+190726034.0ns" lastDelay="+286772.0ns" txBytes="36524" rxBytes="36248" txPackets="397" rxPackets="394" lostPackets="3" timesForwarded="43">
      <delayHistogram nBins="28" >
        <bin index="0" start="0" width="0.001" count="351" />
        <bin index="1" start="0.001" width="0.001" count="22" />
        <bin index="2" start="0.002" width="0.001" count="9" />
        <bin index="4" start="0.004" width="0.001" count="2" />
        <bin index="6" start="0.006" width="0.001" count="1" />
        <bin index="8" start="0.008" width="0.001" count="1" />
        <bin index="9" start="0.009" width="0.001" count="1" />
        <bin index="10" start="0.01" width="0.001" count="1" />
        <bin index="12" start="0.012" width="0.001" count="1" />
        <bin index="14" start="0.014" width="0.001" count="1" />
        <bin index="15" start="0.015" width="0.001" count="1" />
        <bin index="16" start="0.016" width="0.001" count="1" />
        <bin index="18" start="0.018" width="0.001" count="1" />
        <bin index="27" start="0.027" width="0.001" count="1" />
      </delayHistogram>
      <jitterHistogram nBins="27" >
        <bin index="0" start="0" width="0.001" count="364" />
        <bin index="1" start="0.001" width="0.001" count="10" />
        <bin index="2" start="0.002" width="0.001" count="4" />
        <bin index="3" start="0.003" width="0.001" count="1" />
        <bin index="4" start="0.004" width="0.001" count="2" />
        <bin index="5" start="0.005" width="0.001" count="1" />
        <bin index="6" start="0.006" width="0.001" count="2" />
        <bin index="7" start="0.007" width="0.001" count="1" />
        <bin index="8" start="0.008" width="0.001" count="1" />
        <bin index="10" start="0.01" width="0.001" count="1" />
        <bin index="11" start="0.011" width="0.001" count="1" />
        <bin index="12" start="0.012" width="0.001" count="1" />
        <bin index="13" start="0.013" width="0.001" count="1" />
        <bin index="14" start="0.014" width="0.001" count="1" />
        <bin index="17" start="0.017" width="0.001" count="1" />
        <bin index="26" start="0.026" width="0.001" count="1" />
      </jitterHistogram>
      <packetSizeHistogram nBins="5" >
        <bin index="4" start="80" width="20" count="394" />
      </packetSizeHistogram>
      <flowInterruptionsHistogram nBins="5" >
        <bin index="4" start="1" width="0.25" count="1" />
      </flowInterruptionsHistogram>
    </Flow>
    <Flow flowId="9" timeFirstTxPacket="+101020734582.0ns" timeFirstRxPacket="+101023354513.0ns" timeLastTxPacket="+199770734582.0ns" timeLastRxPacket="+199771020991.0ns" delaySum="+292760482.0ns" jitterSum="+195921280.0ns" lastDelay="+286409.0ns" txBytes="36432" rxBytes="36432" txPackets="396" rxPackets="396" lostPackets="0" timesForwarded="72">
      <delayHistogram nBins="21" >
        <bin index="0" start="0" width="0.001" count="331" />
        <bin index="1" start="0.001" width="0.001" count="54" />
        <bin index="2" start="0.002" width="0.001" count="2" />
        <bin index="6" start="0.006" width="0.001" count="1" />
        <bin index="8" start="0.008" width="0.001" count="1" />
        <bin index="11" start="0.011" width="0.001" count="2" />
        <bin index="12" start="0.012" width="0.001" count="2" />
        <bin index="13" start="0.013" width="0.001" count="1" />
        <bin index="15" start="0.015" width="0.001" count="1" />
        <bin index="20" start="0.02" width="0.001" count="1" />
      </delayHistogram>
      <jitterHistogram nBins="20" >
        <bin index="0" start="0" width="0.001" count="374" />
        <bin index="1" start="0.001" width="0.001" count="5" />
        <bin index="2" start="0.002" width="0.001" count="1" />
        <bin index="3" start="0.003" width="0.001" count="1" />
        <bin index="5" start="0.005" width="0.001" count="1" />
        <bin index="7" start="0.007" width="0.001" count="1" />
        <bin index="9" start="0.009" width="0.001" count="2" />
        <bin index="10" start="0.01" width="0.001" count="3" />
        <bin index="11" start="0.011" width="0.001" count="3" />
        <bin index="12" start="0.012" width="0.001" count="1" />
        <bin index="14" start="0.014" width="0.001" count="1" />
        <bin index="19" start="0.019" width="0.001" count="2" />
      </jitterHistogram>
      <packetSizeHistogram nBins="5" >
        <bin index="4" start="80" width="20" count="396" />
      </packetSizeHistogram>
      <flowInterruptionsHistogram nBins="0" >
      </flowInterruptionsHistogram>
    </Flow>
    <Flow flowId="10" timeFirstTxPacket="+101174626889.0ns" timeFirstRxPacket="+101177345503.0ns" timeLastTxPacket="+199924626889.0ns" timeLastRxPacket="+199924913914.0ns" delaySum="+120914995.0ns" jitterSum="+12435465.0ns" lastDelay="+287025.0ns" txBytes="36432" rxBytes="36432" txPackets="396" rxPackets="396" lostPackets="0" timesForwarded="0">
      <delayHistogram nBins="3" >
        <bin index="0" start="0" width="0.001" count="392" />
        <bin index="1" start="0.001" width="0.001" count="3" />
        <bin index="2" start="0.002" width="0.001" count="1" />
      </delayHistogram>
      <jitterHistogram nBins="3" >
        <bin index="0" start="0" width="0.001" count="394" />
        <bin index="2" start="0.002" width="0.001" count="1" />
      </jitterHistogram>
      <packetSizeHistogram nBins="5" >
        <bin index="4" start="80" width="20" count="396" />
      </packetSizeHistogram>
      <flowInterruptionsHistogram nBins="0" >
      </flowInterruptionsHistogram>
    </Flow>
  </FlowStats>
  <Ipv4FlowClassifier>
    <Flow flowId="2" sourceAddress="10.1.1.11" destinationAddress="10.1.1.1" protocol="17" sourcePort="49153" destinationPort="9">
      <Dscp value="0x0" packets="398" />
    </Flow>
    <Flow flowId="7" sourceAddress="10.1.1.12" destinationAddress="10.1.1.2" protocol="17" sourcePort="49153" destinationPort="9">
      <Dscp value="0x0" packets="397" />
    </Flow>
    <Flow flowId="4" sourceAddress="10.1.1.13" destinationAddress="10.1.1.3" protocol="17" sourcePort="49153" destinationPort="9">
      <Dscp value="0x0" packets="398" />
    </Flow>
    <Flow flowId="3" sourceAddress="10.1.1.14" destinationAddress="10.1.1.4" protocol="17" sourcePort="49153" destinationPort="9">
      <Dscp value="0x0" packets="398" />
    </Flow>
    <Flow flowId="1" sourceAddress="10.1.1.15" destinationAddress="10.1.1.5" protocol="17" sourcePort="49153" destinationPort="9">
      <Dscp value="0x0" packets="399" />
    </Flow>
    <Flow flowId="9" sourceAddress="10.1.1.16" destinationAddress="10.1.1.6" protocol="17" sourcePort="49153" destinationPort="9">
      <Dscp value="0x0" packets="396" />
    </Flow>
    <Flow flowId="8" sourceAddress="10.1.1.17" destinationAddress="10.1.1.7" protocol="17" sourcePort="49153" destinationPort="9">
      <Dscp value="0x0" packets="397" />
    </Flow>
    <Flow flowId="10" sourceAddress="10.1.1.18" destinationAddress="10.1.1.8" protocol="17" sourcePort="49153" destinationPort="9">
      <Dscp value="0x0" packets="396" />
    </Flow>
    <Flow flowId="6" sourceAddress="10.1.1.19" destinationAddress="10.1.1.9" protocol="17" sourcePort="49153" destinationPort="9">
      <Dscp value="0x0" packets="398" />
    </Flow>
    <Flow flowId="5" sourceAddress="10.1.1.20" destinationAddress="10.1.1.10" protocol="17" sourcePort="49153" destinationPort="9">
      <Dscp value="0x0" packets="398" />
    </Flow>
  </Ipv4FlowClassifier>
  <Ipv6FlowClassifier>
  </Ipv6FlowClassifier>
  <FlowProbes>
    <FlowProbe index="0">
      <FlowStats  flowId="1" packets="1" bytes="92" delayFromFirstProbeSum="+6521803.0ns" >
      </FlowStats>
      <FlowStats  flowId="2" packets="392" bytes="36064" delayFromFirstProbeSum="+6500130351.0ns" >
      </FlowStats>
      <FlowStats  flowId="4" packets="17" bytes="1564" delayFromFirstProbeSum="+15676805.0ns" >
      </FlowStats>
    </FlowProbe>
    <FlowProbe index="1">
    </FlowProbe>
    <FlowProbe index="2">
      <FlowStats  flowId="1" packets="48" bytes="4416" delayFromFirstProbeSum="+32266959.0ns" >
      </FlowStats>
      <FlowStats  flowId="4" packets="23" bytes="2116" delayFromFirstProbeSum="+16900064.0ns" >
      </FlowStats>
      <FlowStats  flowId="7" packets="397" bytes="36524" delayFromFirstProbeSum="+163848482.0ns" >
      </FlowStats>
    </FlowProbe>
    <FlowProbe index="3">
    </FlowProbe>
    <FlowProbe index="4">
      <FlowStats  flowId="4" packets="395" bytes="36340" delayFromFirstProbeSum="+5714440594.0ns" >
      </FlowStats>
    </FlowProbe>
    <FlowProbe index="5">
    </FlowProbe>
    <FlowProbe index="6">
      <FlowStats  flowId="1" packets="12" bytes="1104" delayFromFirstProbeSum="+14192437.0ns" >
      </FlowStats>
      <FlowStats  flowId="2" packets="7" bytes="644" delayFromFirstProbeSum="+10323427.0ns" >
      </FlowStats>
      <FlowStats  flowId="3" packets="384" bytes="35328" delayFromFirstProbeSum="+565165970.0ns" >
      </FlowStats>
      <FlowStats  flowId="4" packets="14" bytes="1288" delayFromFirstProbeSum="+9352735.0ns" >
      </FlowStats>
      <FlowStats  flowId="9" packets="9" bytes="828" delayFromFirstProbeSum="+7959674.0ns" >
      </FlowStats>
    </FlowProbe>
    <FlowProbe index="7">
    </FlowProbe>
    <FlowProbe index="8">
      <FlowStats  flowId="1" packets="399" bytes="36708" delayFromFirstProbeSum="+3822254784.0ns" >
      </FlowStats>
      <FlowStats  flowId="2" packets="1" bytes="92" delayFromFirstProbeSum="+5841290.0ns" >
      </FlowStats>
      <FlowStats  flowId="8" packets="8" bytes="736" delayFromFirstProbeSum="+4831427.0ns" >
      </FlowStats>
    </FlowProbe>
    <FlowProbe index="9">
    </FlowProbe>
    <FlowProbe index="10">
      <FlowStats  flowId="8" packets="3" bytes="276" delayFromFirstProbeSum="+16540334.0ns" >
      </FlowStats>
      <FlowStats  flowId="9" packets="396" bytes="36432" delayFromFirstProbeSum="+292760482.0ns" >
      </FlowStats>
    </FlowProbe>
    <FlowProbe index="11">
    </FlowProbe>
    <FlowProbe index="12">
      <FlowStats  flowId="1" packets="8" bytes="736" delayFromFirstProbeSum="+12693769.0ns" >
      </FlowStats>
      <FlowStats  flowId="4" packets="2" bytes="184" delayFromFirstProbeSum="+7546594.0ns" >
      </FlowStats>
      <FlowStats  flowId="8" packets="394" bytes="36248" delayFromFirstProbeSum="+304109418.0ns" >
      </FlowStats>
    </FlowProbe>
    <FlowProbe index="13">
    </FlowProbe>
    <FlowProbe index="14">
      <FlowStats  flowId="1" packets="1" bytes="92" delayFromFirstProbeSum="+3087423.0ns" >
      </FlowStats>
      <FlowStats  flowId="3" packets="7" bytes="644" delayFromFirstProbeSum="+9678783.0ns" >
      </FlowStats>
      <FlowStats  flowId="10" packets="396" bytes="36432" delayFromFirstProbeSum="+120914995.0ns" >
      </FlowStats>
    </FlowProbe>
    <FlowProbe index="15">
    </FlowProbe>
    <FlowProbe index="16">
      <FlowStats  flowId="6" packets="398" bytes="36616" delayFromFirstProbeSum="+331033658.0ns" >
      </FlowStats>
    </FlowProbe>
    <FlowProbe index="17">
    </FlowProbe>
    <FlowProbe index="18">
      <FlowStats  flowId="1" packets="16" bytes="1472" delayFromFirstProbeSum="+10988557.0ns" >
      </FlowStats>
      <FlowStats  flowId="2" packets="6" bytes="552" delayFromFirstProbeSum="+4234687.0ns" >
      </FlowStats>
      <FlowStats  flowId="4" packets="9" bytes="828" delayFromFirstProbeSum="+12800611.0ns" >
      </FlowStats>
      <FlowStats  flowId="5" packets="398" bytes="36616" delayFromFirstProbeSum="+137026077.0ns" >
      </FlowStats>
    </FlowProbe>
    <FlowProbe index="19">
    </FlowProbe>
    <FlowProbe index="20">
      <FlowStats  flowId="1" packets="8" bytes="736" delayFromFirstProbeSum="+10868211.0ns" >
      </FlowStats>
      <FlowStats  flowId="2" packets="398" bytes="36616" delayFromFirstProbeSum="+0.0ns" >
      </FlowStats>
      <FlowStats  flowId="3" packets="1" bytes="92" delayFromFirstProbeSum="+1458551.0ns" >
      </FlowStats>
      <FlowStats  flowId="6" packets="7" bytes="644" delayFromFirstProbeSum="+15221970.0ns" >
      </FlowStats>
    </FlowProbe>
    <FlowProbe index="21">
    </FlowProbe>
    <FlowProbe index="22">
      <FlowStats  flowId="7" packets="397" bytes="36524" delayFromFirstProbeSum="+0.0ns" >
      </FlowStats>
    </FlowProbe>
    <FlowProbe index="23">
    </FlowProbe>
    <FlowProbe index="24">
      <FlowStats  flowId="4" packets="398" bytes="36616" delayFromFirstProbeSum="+0.0ns" >
      </FlowStats>
    </FlowProbe>
    <FlowProbe index="25">
    </FlowProbe>
    <FlowProbe index="26">
      <FlowStats  flowId="1" packets="24" bytes="2208" delayFromFirstProbeSum="+11084799.0ns" >
      </FlowStats>
      <FlowStats  flowId="3" packets="398" bytes="36616" delayFromFirstProbeSum="+0.0ns" >
      </FlowStats>
      <FlowStats  flowId="4" packets="9" bytes="828" delayFromFirstProbeSum="+5015604.0ns" >
      </FlowStats>
    </FlowProbe>
    <FlowProbe index="27">
    </FlowProbe>
    <FlowProbe index="28">
      <FlowStats  flowId="1" packets="399" bytes="36708" delayFromFirstProbeSum="+0.0ns" >
      </FlowStats>
    </FlowProbe>
    <FlowProbe index="29">
    </FlowProbe>
    <FlowProbe index="30">
      <FlowStats  flowId="1" packets="1" bytes="92" delayFromFirstProbeSum="+3260012.0ns" >
      </FlowStats>
      <FlowStats  flowId="4" packets="2" bytes="184" delayFromFirstProbeSum="+10326791.0ns" >
      </FlowStats>
      <FlowStats  flowId="7" packets="7" bytes="644" delayFromFirstProbeSum="+6216935.0ns" >
      </FlowStats>
      <FlowStats  flowId="8" packets="14" bytes="1288" delayFromFirstProbeSum="+25800663.0ns" >
      </FlowStats>
      <FlowStats  flowId="9" packets="396" bytes="36432" delayFromFirstProbeSum="+0.0ns" >
      </FlowStats>
    </FlowProbe>
    <FlowProbe index="31">
    </FlowProbe>
    <FlowProbe index="32">
      <FlowStats  flowId="1" packets="16" bytes="1472" delayFromFirstProbeSum="+12168497.0ns" >
      </FlowStats>
      <FlowStats  flowId="2" packets="9" bytes="828" delayFromFirstProbeSum="+10848328.0ns" >
      </FlowStats>
      <FlowStats  flowId="4" packets="8" bytes="736" delayFromFirstProbeSum="+8307194.0ns" >
      </FlowStats>
      <FlowStats  flowId="8" packets="397" bytes="36524" delayFromFirstProbeSum="+0.0ns" >
      </FlowStats>
    </FlowProbe>
    <FlowProbe index="33">
    </FlowProbe>
    <FlowProbe index="34">
      <FlowStats  flowId="1" packets="7" bytes="644" delayFromFirstProbeSum="+13436056.0ns" >
      </FlowStats>
      <FlowStats  flowId="2" packets="1" bytes="92" delayFromFirstProbeSum="+10821476.0ns" >
      </FlowStats>
      <FlowStats  flowId="3" packets="7" bytes="644" delayFromFirstProbeSum="+10446154.0ns" >
      </FlowStats>
      <FlowStats  flowId="4" packets="17" bytes="1564" delayFromFirstProbeSum="+8992278.0ns" >
      </FlowStats>
      <FlowStats  flowId="9" packets="7" bytes="644" delayFromFirstProbeSum="+9955473.0ns" >
      </FlowStats>
      <FlowStats  flowId="10" packets="396" bytes="36432" delayFromFirstProbeSum="+0.0ns" >
      </FlowStats>
    </FlowProbe>
    <FlowProbe index="35">
    </FlowProbe>
    <FlowProbe index="36">
      <FlowStats  flowId="1" packets="25" bytes="2300" delayFromFirstProbeSum="+13815848.0ns" >
      </FlowStats>
      <FlowStats  flowId="4" packets="6" bytes="552" delayFromFirstProbeSum="+764037996.0ns" >
      </FlowStats>
      <FlowStats  flowId="6" packets="398" bytes="36616" delayFromFirstProbeSum="+0.0ns" >
      </FlowStats>
    </FlowProbe>
    <FlowProbe index="37">
    </FlowProbe>
    <FlowProbe index="38">
      <FlowStats  flowId="1" packets="10" bytes="920" delayFromFirstProbeSum="+22350873.0ns" >
      </FlowStats>
      <FlowStats  flowId="2" packets="1" bytes="92" delayFromFirstProbeSum="+1681392.0ns" >
      </FlowStats>
      <FlowStats  flowId="3" packets="31" bytes="2852" delayFromFirstProbeSum="+12487546.0ns" >
      </FlowStats>
      <FlowStats  flowId="4" packets="14" bytes="1288" delayFromFirstProbeSum="+8913782.0ns" >
      </FlowStats>
      <FlowStats  flowId="5" packets="398" bytes="36616" delayFromFirstProbeSum="+0.0ns" >
      </FlowStats>
      <FlowStats  flowId="9" packets="8" bytes="736" delayFromFirstProbeSum="+14470590.0ns" >
      </FlowStats>
    </FlowProbe>
    <FlowProbe index="39">
    </FlowProbe>
    <FlowProbe index="40">
      <FlowStats  flowId="2" packets="13" bytes="1196" delayFromFirstProbeSum="+17129833.0ns" >
      </FlowStats>
      <FlowStats  flowId="3" packets="1" bytes="92" delayFromFirstProbeSum="+9601590.0ns" >
      </FlowStats>
      <FlowStats  flowId="4" packets="8" bytes="736" delayFromFirstProbeSum="+13236430.0ns" >
      </FlowStats>
    </FlowProbe>
    <FlowProbe index="41">
    </FlowProbe>
    <FlowProbe index="42">
      <FlowStats  flowId="1" packets="10" bytes="920" delayFromFirstProbeSum="+13269967.0ns" >
      </FlowStats>
      <FlowStats  flowId="2" packets="8" bytes="736" delayFromFirstProbeSum="+6569349.0ns" >
      </FlowStats>
      <FlowStats  flowId="3" packets="1" bytes="92" delayFromFirstProbeSum="+11220828.0ns" >
      </FlowStats>
      <FlowStats  flowId="4" packets="32" bytes="2944" delayFromFirstProbeSum="+33020988.0ns" >
      </FlowStats>
      <FlowStats  flowId="9" packets="8" bytes="736" delayFromFirstProbeSum="+6790634.0ns" >
      </FlowStats>
    </FlowProbe>
    <FlowProbe index="43">
    </FlowProbe>
    <FlowProbe index="44">
      <FlowStats  flowId="1" packets="15" bytes="1380" delayFromFirstProbeSum="+13604193.0ns" >
      </FlowStats>
    </FlowProbe>
    <FlowProbe index="45">
    </FlowProbe>
    <FlowProbe index="46">
      <FlowStats  flowId="1" packets="1" bytes="92" delayFromFirstProbeSum="+2004074934.0ns" >
      </FlowStats>
      <FlowStats  flowId="4" packets="5" bytes="460" delayFromFirstProbeSum="+2257275997.0ns" >
      </FlowStats>
    </FlowProbe>
    <FlowProbe index="47">
    </FlowProbe>
    <FlowProbe index="48">
      <FlowStats  flowId="2" packets="22" bytes="2024" delayFromFirstProbeSum="+9776768.0ns" >
      </FlowStats>
    </FlowProbe>
    <FlowProbe index="49">
    </FlowProbe>
    <FlowProbe index="50">
      <FlowStats  flowId="1" packets="30" bytes="2760" delayFromFirstProbeSum="+17701559.0ns" >
      </FlowStats>
      <FlowStats  flowId="2" packets="7" bytes="644" delayFromFirstProbeSum="+5623464.0ns" >
      </FlowStats>
      <FlowStats  flowId="4" packets="48" bytes="4416" delayFromFirstProbeSum="+23134955.0ns" >
      </FlowStats>
      <FlowStats  flowId="9" packets="8" bytes="736" delayFromFirstProbeSum="+6692464.0ns" >
      </FlowStats>
    </FlowProbe>
    <FlowProbe index="51">
    </FlowProbe>
    <FlowProbe index="52">
      <FlowStats  flowId="3" packets="7" bytes="644" delayFromFirstProbeSum="+11265054.0ns" >
      </FlowStats>
      <FlowStats  flowId="4" packets="7" bytes="644" delayFromFirstProbeSum="+6951445.0ns" >
      </FlowStats>
    </FlowProbe>
    <FlowProbe index="53">
    </FlowProbe>
    <FlowProbe index="54">
      <FlowStats  flowId="1" packets="18" bytes="1656" delayFromFirstProbeSum="+8156781.0ns" >
      </FlowStats>
      <FlowStats  flowId="3" packets="6" bytes="552" delayFromFirstProbeSum="+3377818.0ns" >
      </FlowStats>
      <FlowStats  flowId="8" packets="17" bytes="1564" delayFromFirstProbeSum="+7347665.0ns" >
      </FlowStats>
    </FlowProbe>
    <FlowProbe index="55">
    </FlowProbe>
    <FlowProbe index="56">
      <FlowStats  flowId="8" packets="1" bytes="92" delayFromFirstProbeSum="+9342755.0ns" >
      </FlowStats>
    </FlowProbe>
    <FlowProbe index="57">
    </FlowProbe>
    <FlowProbe index="58">
      <FlowStats  flowId="1" packets="7" bytes="644" delayFromFirstProbeSum="+6158919.0ns" >
      </FlowStats>
    </FlowProbe>
    <FlowProbe index="59">
    </FlowProbe>
    <FlowProbe index="60">
      <FlowStats  flowId="1" packets="1" bytes="92" delayFromFirstProbeSum="+2223603.0ns" >
      </FlowStats>
      <FlowStats  flowId="2" packets="8" bytes="736" delayFromFirstProbeSum="+6060460.0ns" >
      </FlowStats>
      <FlowStats  flowId="3" packets="7" bytes="644" delayFromFirstProbeSum="+12844241.0ns" >
      </FlowStats>
      <FlowStats  flowId="4" packets="32" bytes="2944" delayFromFirstProbeSum="+27229518.0ns" >
      </FlowStats>
    </FlowProbe>
    <FlowProbe index="61">
    </FlowProbe>
    <FlowProbe index="62">
      <FlowStats  flowId="1" packets="22" bytes="2024" delayFromFirstProbeSum="+14197559.0ns" >
      </FlowStats>
      <FlowStats  flowId="2" packets="7" bytes="644" delayFromFirstProbeSum="+6299046.0ns" >
      </FlowStats>
      <FlowStats  flowId="4" packets="8" bytes="736" delayFromFirstProbeSum="+15235717.0ns" >
      </FlowStats>
      <FlowStats  flowId="9" packets="24" bytes="2208" delayFromFirstProbeSum="+12764343.0ns" >
      </FlowStats>
    </FlowProbe>
    <FlowProbe index="63">
    </FlowProbe>
    <FlowProbe index="64">
      <FlowStats  flowId="1" packets="2" bytes="184" delayFromFirstProbeSum="+8224901.0ns" >
      </FlowStats>
      <FlowStats  flowId="2" packets="1" bytes="92" delayFromFirstProbeSum="+754629320.0ns" >
      </FlowStats>
      <FlowStats  flowId="3" packets="1" bytes="92" delayFromFirstProbeSum="+1699484.0ns" >
      </FlowStats>
      <FlowStats  flowId="4" packets="1" bytes="92" delayFromFirstProbeSum="+1281206.0ns" >
      </FlowStats>
    </FlowProbe>
    <FlowProbe index="65">
    </FlowProbe>
    <FlowProbe index="66">
      <FlowStats  flowId="1" packets="15" bytes="1380" delayFromFirstProbeSum="+8204971.0ns" >
      </FlowStats>
      <FlowStats  flowId="4" packets="31" bytes="2852" delayFromFirstProbeSum="+17246379.0ns" >
      </FlowStats>
    </FlowProbe>
    <FlowProbe index="67">
    </FlowProbe>
    <FlowProbe index="68">
    </FlowProbe>
    <FlowProbe index="69">
    </FlowProbe>
    <FlowProbe index="70">
      <FlowStats  flowId="2" packets="1" bytes="92" delayFromFirstProbeSum="+1459430.0ns" >
      </FlowStats>
    </FlowProbe>
    <FlowProbe index="71">
    </FlowProbe>
    <FlowProbe index="72">
      <FlowStats  flowId="2" packets="9" bytes="828" delayFromFirstProbeSum="+7416826.0ns" >
      </FlowStats>
      <FlowStats  flowId="3" packets="8" bytes="736" delayFromFirstProbeSum="+9150318.0ns" >
      </FlowStats>
      <FlowStats  flowId="4" packets="31" bytes="2852" delayFromFirstProbeSum="+19930059.0ns" >
      </FlowStats>
      <FlowStats  flowId="9" packets="1" bytes="92" delayFromFirstProbeSum="+5262854.0ns" >
      </FlowStats>
    </FlowProbe>
    <FlowProbe index="73">
    </FlowProbe>
    <FlowProbe index="74">
      <FlowStats  flowId="1" packets="8" bytes="736" delayFromFirstProbeSum="+10612205.0ns" >
      </FlowStats>
      <FlowStats  flowId="4" packets="7" bytes="644" delayFromFirstProbeSum="+10416894.0ns" >
      </FlowStats>
    </FlowProbe>
    <FlowProbe index="75">
    </FlowProbe>
    <FlowProbe index="76">
      <FlowStats  flowId="3" packets="8" bytes="736" delayFromFirstProbeSum="+17142398.0ns" >
      </FlowStats>
    </FlowProbe>
    <FlowProbe index="77">
    </FlowProbe>
    <FlowProbe index="78">
    </FlowProbe>
    <FlowProbe index="79">
    </FlowProbe>
    <FlowProbe index="80">
      <FlowStats  flowId="1" packets="23" bytes="2116" delayFromFirstProbeSum="+9151892.0ns" >
      </FlowStats>
      <FlowStats  flowId="3" packets="1" bytes="92" delayFromFirstProbeSum="+9001008.0ns" >
      </FlowStats>
      <FlowStats  flowId="4" packets="24" bytes="2208" delayFromFirstProbeSum="+16212817.0ns" >
      </FlowStats>
    </FlowProbe>
    <FlowProbe index="81">
    </FlowProbe>
    <FlowProbe index="82">
      <FlowStats  flowId="1" packets="1" bytes="92" delayFromFirstProbeSum="+2926551.0ns" >
      </FlowStats>
      <FlowStats  flowId="2" packets="1" bytes="92" delayFromFirstProbeSum="+5941569.0ns" >
      </FlowStats>
      <FlowStats  flowId="3" packets="1" bytes="92" delayFromFirstProbeSum="+8459762.0ns" >
      </FlowStats>
      <FlowStats  flowId="4" packets="10" bytes="920" delayFromFirstProbeSum="+1756772819.0ns" >
      </FlowStats>
      <FlowStats  flowId="9" packets="7" bytes="644" delayFromFirstProbeSum="+11677255.0ns" >
      </FlowStats>
    </FlowProbe>
    <FlowProbe index="83">
    </FlowProbe>
    <FlowProbe index="84">
    </FlowProbe>
    <FlowProbe index="85">
    </FlowProbe>
    <FlowProbe index="86">
      <FlowStats  flowId="4" packets="9" bytes="828" delayFromFirstProbeSum="+12544513.0ns" >
      </FlowStats>
      <FlowStats  flowId="7" packets="7" bytes="644" delayFromFirstProbeSum="+7296891.0ns" >
      </FlowStats>
    </FlowProbe>
    <FlowProbe index="87">
    </FlowProbe>
    <FlowProbe index="88">
    </FlowProbe>
    <FlowProbe index="89">
    </FlowProbe>
    <FlowProbe index="90">
      <FlowStats  flowId="1" packets="14" bytes="1288" delayFromFirstProbeSum="+9538536.0ns" >
      </FlowStats>
      <FlowStats  flowId="3" packets="8" bytes="736" delayFromFirstProbeSum="+14360591.0ns" >
      </FlowStats>
      <FlowStats  flowId="4" packets="8" bytes="736" delayFromFirstProbeSum="+11549244.0ns" >
      </FlowStats>
    </FlowProbe>
    <FlowProbe index="91">
    </FlowProbe>
    <FlowProbe index="92">
      <FlowStats  flowId="1" packets="22" bytes="2024" delayFromFirstProbeSum="+17329631.0ns" >
      </FlowStats>
      <FlowStats  flowId="3" packets="8" bytes="736" delayFromFirstProbeSum="+14054512.0ns" >
      </FlowStats>
    </FlowProbe>
    <FlowProbe index="93">
    </FlowProbe>
    <FlowProbe index="94">
      <FlowStats  flowId="3" packets="1" bytes="92" delayFromFirstProbeSum="+1641890.0ns" >
      </FlowStats>
      <FlowStats  flowId="4" packets="15" bytes="1380" delayFromFirstProbeSum="+8907715.0ns" >
      </FlowStats>
    </FlowProbe>
    <FlowProbe index="95">
    </FlowProbe>
    <FlowProbe index="96">
      <FlowStats  flowId="3" packets="1" bytes="92" delayFromFirstProbeSum="+9620519.0ns" >
      </FlowStats>
    </FlowProbe>
    <FlowProbe index="97">
    </FlowProbe>
    <FlowProbe index="98">
      <FlowStats  flowId="1" packets="3" bytes="276" delayFromFirstProbeSum="+2051458.0ns" >
      </FlowStats>
      <FlowStats  flowId="2" packets="16" bytes="1472" delayFromFirstProbeSum="+15256941.0ns" >
      </FlowStats>
    </FlowProbe>
    <FlowProbe index="99">
    </FlowProbe>
  </FlowProbes>
</FlowMonitor>
