<?xml version="1.0" ?>
<FlowMonitor>
  <FlowStats>
    <Flow flowId="1" timeFirstTxPacket="+100345527457.0ns" timeFirstRxPacket="+100348170202.0ns" timeLastTxPacket="+199845527457.0ns" timeLastRxPacket="+199845813939.0ns" delaySum="+2065578988.0ns" jitterSum="+2968709203.0ns" lastDelay="+286482.0ns" txBytes="36708" rxBytes="36708" txPackets="399" rxPackets="399" lostPackets="0" timesForwarded="0">
      <delayHistogram nBins="487" >
        <bin index="0" start="0" width="0.001" count="386" />
        <bin index="1" start="0.001" width="0.001" count="1" />
        <bin index="2" start="0.002" width="0.001" count="1" />
        <bin index="23" start="0.023" width="0.001" count="1" />
        <bin index="36" start="0.036" width="0.001" count="1" />
        <bin index="133" start="0.133" width="0.001" count="2" />
        <bin index="134" start="0.134" width="0.001" count="1" />
        <bin index="164" start="0.164" width="0.001" count="1" />
        <bin index="167" start="0.167" width="0.001" count="1" />
        <bin index="169" start="0.169" width="0.001" count="1" />
        <bin index="229" start="0.229" width="0.001" count="1" />
        <bin index="271" start="0.271" width="0.001" count="1" />
        <bin index="486" start="0.486" width="0.001" count="1" />
      </delayHistogram>
      <jitterHistogram nBins="486" >
        <bin index="0" start="0" width="0.001" count="378" />
        <bin index="1" start="0.001" width="0.001" count="1" />
        <bin index="2" start="0.002" width="0.001" count="1" />
        <bin index="23" start="0.023" width="0.001" count="1" />
        <bin index="31" start="0.031" width="0.001" count="1" />
        <bin index="35" start="0.035" width="0.001" count="1" />
        <bin index="98" start="0.098" width="0.001" count="1" />
        <bin index="131" start="0.131" width="0.001" count="1" />
        <bin index="132" start="0.132" width="0.001" count="2" />
        <bin index="134" start="0.134" width="0.001" count="1" />
        <bin index="164" start="0.164" width="0.001" count="1" />
        <bin index="166" start="0.166" width="0.001" count="2" />
        <bin index="169" start="0.169" width="0.001" count="2" />
        <bin index="214" start="0.214" width="0.001" count="1" />
        <bin index="229" start="0.229" width="0.001" count="2" />
        <bin index="248" start="0.248" width="0.001" count="1" />
        <bin index="485" start="0.485" width="0.001" count="1" />
      </jitterHistogram>
      <packetSizeHistogram nBins="5" >
        <bin index="4" start="80" width="20" count="399" />
      </packetSizeHistogram>
      <flowInterruptionsHistogram nBins="3" >
        <bin index="2" start="0.5" width="0.25" count="1" />
      </flowInterruptionsHistogram>
    </Flow>
    <Flow flowId="2" timeFirstTxPacket="+100529588904.0ns" timeFirstRxPacket="+100539692528.0ns" timeLastTxPacket="+199779588904.0ns" timeLastRxPacket="+199779875597.0ns" delaySum="+1718811676.0ns" jitterSum="+3017825159.0ns" lastDelay="+286693.0ns" txBytes="36616" rxBytes="36616" txPackets="398" rxPackets="398" lostPackets="0" timesForwarded="0">
      <delayHistogram nBins="291" >
        <bin index="0" start="0" width="0.001" count="384" />
        <bin index="2" start="0.002" width="0.001" count="1" />
        <bin index="7" start="0.007" width="0.001" count="1" />
        <bin index="8" start="0.008" width="0.001" count="1" />
        <bin index="10" start="0.01" width="0.001" count="1" />
        <bin index="11" start="0.011" width="0.001" count="1" />
        <bin index="15" start="0.015" width="0.001" count="1" />
        <bin index="46" start="0.046" width="0.001" count="1" />
        <bin index="155" start="0.155" width="0.001" count="1" />
        <bin index="180" start="0.18" width="0.001" count="1" />
        <bin index="196" start="0.196" width="0.001" count="1" />
        <bin index="200" start="0.2" width="0.001" count="1" />
        <bin index="236" start="0.236" width="0.001" count="1" />
        <bin index="246" start="0.246" width="0.001" count="1" />
        <bin index="290" start="0.29" width="0.001" count="1" />
      </delayHistogram>
      <jitterHistogram nBins="290" >
        <bin index="0" start="0" width="0.001" count="376" />
        <bin index="2" start="0.002" width="0.001" count="1" />
        <bin index="7" start="0.007" width="0.001" count="1" />
        <bin index="8" start="0.008" width="0.001" count="1" />
        <bin index="9" start="0.009" width="0.001" count="1" />
        <bin index="10" start="0.01" width="0.001" count="1" />
        <bin index="15" start="0.015" width="0.001" count="1" />
        <bin index="46" start="0.046" width="0.001" count="1" />
        <bin index="154" start="0.154" width="0.001" count="2" />
        <bin index="164" start="0.164" width="0.001" count="1" />
        <bin index="180" start="0.18" width="0.001" count="1" />
        <bin index="189" start="0.189" width="0.001" count="1" />
        <bin index="196" start="0.196" width="0.001" count="1" />
        <bin index="198" start="0.198" width="0.001" count="1" />
        <bin index="200" start="0.2" width="0.001" count="1" />
        <bin index="225" start="0.225" width="0.001" count="1" />
        <bin index="236" start="0.236" width="0.001" count="1" />
        <bin index="238" start="0.238" width="0.001" count="1" />
        <bin index="243" start="0.243" width="0.001" count="1" />
        <bin index="246" start="0.246" width="0.001" count="1" />
        <bin index="289" start="0.289" width="0.001" count="1" />
      </jitterHistogram>
      <packetSizeHistogram nBins="5" >
        <bin index="4" start="80" width="20" count="398" />
      </packetSizeHistogram>
      <flowInterruptionsHistogram nBins="3" >
        <bin index="2" start="0.5" width="0.25" count="1" />
      </flowInterruptionsHistogram>
    </Flow>
    <Flow flowId="3" timeFirstTxPacket="+100547508704.0ns" timeFirstRxPacket="+100558209748.0ns" timeLastTxPacket="+199797508704.0ns" timeLastRxPacket="+199797796219.0ns" delaySum="+1599597340.0ns" jitterSum="+2898009379.0ns" lastDelay="+287515.0ns" txBytes="36616" rxBytes="36616" txPackets="398" rxPackets="398" lostPackets="0" timesForwarded="0">
      <delayHistogram nBins="260" >
        <bin index="0" start="0" width="0.001" count="386" />
        <bin index="3" start="0.003" width="0.001" count="1" />
        <bin index="6" start="0.006" width="0.001" count="1" />
        <bin index="7" start="0.007" width="0.001" count="1" />
        <bin index="10" start="0.01" width="0.001" count="1" />
        <bin index="14" start="0.014" width="0.001" count="1" />
        <bin index="166" start="0.166" width="0.001" count="1" />
        <bin index="169" start="0.169" width="0.001" count="1" />
        <bin index="191" start="0.191" width="0.001" count="1" />
        <bin index="195" start="0.195" width="0.001" count="1" />
        <bin index="228" start="0.228" width="0.001" count="1" />
        <bin index="234" start="0.234" width="0.001" count="1" />
        <bin index="259" start="0.259" width="0.001" count="1" />
      </delayHistogram>
      <jitterHistogram nBins="260" >
        <bin index="0" start="0" width="0.001" count="378" />
        <bin index="3" start="0.003" width="0.001" count="1" />
        <bin index="6" start="0.006" width="0.001" count="1" />
        <bin index="7" start="0.007" width="0.001" count="1" />
        <bin index="10" start="0.01" width="0.001" count="1" />
        <bin index="14" start="0.014" width="0.001" count="1" />
        <bin index="161" start="0.161" width="0.001" count="1" />
        <bin index="166" start="0.166" width="0.001" count="2" />
        <bin index="169" start="0.169" width="0.001" count="1" />
        <bin index="188" start="0.188" width="0.001" count="1" />
        <bin index="191" start="0.191" width="0.001" count="1" />
        <bin index="195" start="0.195" width="0.001" count="2" />
        <bin index="227" start="0.227" width="0.001" count="1" />
        <bin index="228" start="0.228" width="0.001" count="2" />
        <bin index="234" start="0.234" width="0.001" count="1" />
        <bin index="245" start="0.245" width="0.001" count="1" />
        <bin index="259" start="0.259" width="0.001" count="1" />
      </jitterHistogram>
      <packetSizeHistogram nBins="5" >
        <bin index="4" start="80" width="20" count="398" />
      </packetSizeHistogram>
      <flowInterruptionsHistogram nBins="3" >
        <bin index="2" start="0.5" width="0.25" count="1" />
      </flowInterruptionsHistogram>
    </Flow>
    <Flow flowId="4" timeFirstTxPacket="+100579044915.0ns" timeFirstRxPacket="+100588627441.0ns" timeLastTxPacket="+199829044915.0ns" timeLastRxPacket="+199829333279.0ns" delaySum="+2952880704.0ns" jitterSum="+4186595586.0ns" lastDelay="+288364.0ns" txBytes="36616" rxBytes="36616" txPackets="398" rxPackets="398" lostPackets="0" timesForwarded="0">
      <delayHistogram nBins="449" >
        <bin index="0" start="0" width="0.001" count="384" />
        <bin index="1" start="0.001" width="0.001" count="1" />
        <bin index="2" start="0.002" width="0.001" count="1" />
        <bin index="9" start="0.009" width="0.001" count="1" />
        <bin index="15" start="0.015" width="0.001" count="1" />
        <bin index="138" start="0.138" width="0.001" count="1" />
        <bin index="194" start="0.194" width="0.001" count="1" />
        <bin index="224" start="0.224" width="0.001" count="1" />
        <bin index="233" start="0.233" width="0.001" count="1" />
        <bin index="248" start="0.248" width="0.001" count="1" />
        <bin index="249" start="0.249" width="0.001" count="1" />
        <bin index="253" start="0.253" width="0.001" count="1" />
        <bin index="390" start="0.39" width="0.001" count="1" />
        <bin index="431" start="0.431" width="0.001" count="1" />
        <bin index="448" start="0.448" width="0.001" count="1" />
      </delayHistogram>
      <jitterHistogram nBins="448" >
        <bin index="0" start="0" width="0.001" count="376" />
        <bin index="1" start="0.001" width="0.001" count="1" />
        <bin index="2" start="0.002" width="0.001" count="1" />
        <bin index="9" start="0.009" width="0.001" count="1" />
        <bin index="14" start="0.014" width="0.001" count="1" />
        <bin index="135" start="0.135" width="0.001" count="1" />
        <bin index="138" start="0.138" width="0.001" count="1" />
        <bin index="165" start="0.165" width="0.001" count="1" />
        <bin index="183" start="0.183" width="0.001" count="1" />
        <bin index="194" start="0.194" width="0.001" count="2" />
        <bin index="198" start="0.198" width="0.001" count="1" />
        <bin index="224" start="0.224" width="0.001" count="1" />
        <bin index="233" start="0.233" width="0.001" count="2" />
        <bin index="238" start="0.238" width="0.001" count="1" />
        <bin index="248" start="0.248" width="0.001" count="2" />
        <bin index="252" start="0.252" width="0.001" count="1" />
        <bin index="390" start="0.39" width="0.001" count="1" />
        <bin index="431" start="0.431" width="0.001" count="1" />
        <bin index="447" start="0.447" width="0.001" count="1" />
      </jitterHistogram>
      <packetSizeHistogram nBins="5" >
        <bin index="4" start="80" width="20" count="398" />
      </packetSizeHistogram>
      <flowInterruptionsHistogram nBins="3" >
        <bin index="2" start="0.5" width="0.25" count="4" />
      </flowInterruptionsHistogram>
    </Flow>
    <Flow flowId="5" timeFirstTxPacket="+100584054896.0ns" timeFirstRxPacket="+100593953411.0ns" timeLastTxPacket="+199834054896.0ns" timeLastRxPacket="+199834342266.0ns" delaySum="+1798302916.0ns" jitterSum="+2658858041.0ns" lastDelay="+287370.0ns" txBytes="36616" rxBytes="36616" txPackets="398" rxPackets="398" lostPackets="0" timesForwarded="0">
      <delayHistogram nBins="434" >
        <bin index="0" start="0" width="0.001" count="383" />
        <bin index="1" start="0.001" width="0.001" count="1" />
        <bin index="4" start="0.004" width="0.001" count="1" />
        <bin index="8" start="0.008" width="0.001" count="1" />
        <bin index="9" start="0.009" width="0.001" count="1" />
        <bin index="11" start="0.011" width="0.001" count="1" />
        <bin index="12" start="0.012" width="0.001" count="1" />
        <bin index="76" start="0.076" width="0.001" count="1" />
        <bin index="88" start="0.088" width="0.001" count="1" />
        <bin index="96" start="0.096" width="0.001" count="1" />
        <bin index="161" start="0.161" width="0.001" count="1" />
        <bin index="167" start="0.167" width="0.001" count="1" />
        <bin index="187" start="0.187" width="0.001" count="1" />
        <bin index="192" start="0.192" width="0.001" count="1" />
        <bin index="237" start="0.237" width="0.001" count="1" />
        <bin index="433" start="0.433" width="0.001" count="1" />
      </delayHistogram>
      <jitterHistogram nBins="434" >
        <bin index="0" start="0" width="0.001" count="375" />
        <bin index="1" start="0.001" width="0.001" count="1" />
        <bin index="3" start="0.003" width="0.001" count="1" />
        <bin index="8" start="0.008" width="0.001" count="1" />
        <bin index="9" start="0.009" width="0.001" count="1" />
        <bin index="11" start="0.011" width="0.001" count="1" />
        <bin index="12" start="0.012" width="0.001" count="1" />
        <bin index="75" start="0.075" width="0.001" count="1" />
        <bin index="76" start="0.076" width="0.001" count="1" />
        <bin index="88" start="0.088" width="0.001" count="1" />
        <bin index="91" start="0.091" width="0.001" count="1" />
        <bin index="96" start="0.096" width="0.001" count="2" />
        <bin index="148" start="0.148" width="0.001" count="1" />
        <bin index="159" start="0.159" width="0.001" count="1" />
        <bin index="166" start="0.166" width="0.001" count="1" />
        <bin index="187" start="0.187" width="0.001" count="2" />
        <bin index="188" start="0.188" width="0.001" count="1" />
        <bin index="192" start="0.192" width="0.001" count="1" />
        <bin index="196" start="0.196" width="0.001" count="1" />
        <bin index="228" start="0.228" width="0.001" count="1" />
        <bin index="433" start="0.433" width="0.001" count="1" />
      </jitterHistogram>
      <packetSizeHistogram nBins="5" >
        <bin index="4" start="80" width="20" count="398" />
      </packetSizeHistogram>
      <flowInterruptionsHistogram nBins="3" >
        <bin index="2" start="0.5" width="0.25" count="1" />
      </flowInterruptionsHistogram>
    </Flow>
    <Flow flowId="6" timeFirstTxPacket="+100596832416.0ns" timeFirstRxPacket="+100605552608.0ns" timeLastTxPacket="+199846832416.0ns" timeLastRxPacket="+199847119132.0ns" delaySum="+2700361591.0ns" jitterSum="+3613112246.0ns" lastDelay="+286716.0ns" txBytes="36616" rxBytes="36616" txPackets="398" rxPackets="398" lostPackets="0" timesForwarded="0">
      <delayHistogram nBins="440" >
        <bin index="0" start="0" width="0.001" count="384" />
        <bin index="1" start="0.001" width="0.001" count="1" />
        <bin index="6" start="0.006" width="0.001" count="1" />
        <bin index="8" start="0.008" width="0.001" count="1" />
        <bin index="87" start="0.087" width="0.001" count="1" />
        <bin index="109" start="0.109" width="0.001" count="1" />
        <bin index="148" start="0.148" width="0.001" count="1" />
        <bin index="150" start="0.15" width="0.001" count="1" />
        <bin index="175" start="0.175" width="0.001" count="1" />
        <bin index="194" start="0.194" width="0.001" count="1" />
        <bin index="233" start="0.233" width="0.001" count="1" />
        <bin index="254" start="0.254" width="0.001" count="1" />
        <bin index="370" start="0.37" width="0.001" count="1" />
        <bin index="410" start="0.41" width="0.001" count="1" />
        <bin index="439" start="0.439" width="0.001" count="1" />
      </delayHistogram>
      <jitterHistogram nBins="439" >
        <bin index="0" start="0" width="0.001" count="377" />
        <bin index="6" start="0.006" width="0.001" count="1" />
        <bin index="8" start="0.008" width="0.001" count="1" />
        <bin index="61" start="0.061" width="0.001" count="1" />
        <bin index="86" start="0.086" width="0.001" count="1" />
        <bin index="108" start="0.108" width="0.001" count="1" />
        <bin index="109" start="0.109" width="0.001" count="1" />
        <bin index="148" start="0.148" width="0.001" count="1" />
        <bin index="150" start="0.15" width="0.001" count="2" />
        <bin index="175" start="0.175" width="0.001" count="3" />
        <bin index="177" start="0.177" width="0.001" count="1" />
        <bin index="184" start="0.184" width="0.001" count="1" />
        <bin index="194" start="0.194" width="0.001" count="1" />
        <bin index="233" start="0.233" width="0.001" count="1" />
        <bin index="247" start="0.247" width="0.001" count="1" />
        <bin index="369" start="0.369" width="0.001" count="1" />
        <bin index="410" start="0.41" width="0.001" count="1" />
        <bin index="438" start="0.438" width="0.001" count="1" />
      </jitterHistogram>
      <packetSizeHistogram nBins="5" >
        <bin index="4" start="80" width="20" count="398" />
      </packetSizeHistogram>
      <flowInterruptionsHistogram nBins="3" >
        <bin index="2" start="0.5" width="0.25" count="3" />
      </flowInterruptionsHistogram>
    </Flow>
    <Flow flowId="7" timeFirstTxPacket="+100767345429.0ns" timeFirstRxPacket="+100771767190.0ns" timeLastTxPacket="+199767345429.0ns" timeLastRxPacket="+199767631857.0ns" delaySum="+1348888394.0ns" jitterSum="+2335783207.0ns" lastDelay="+286428.0ns" txBytes="36524" rxBytes="36524" txPackets="397" rxPackets="397" lostPackets="0" timesForwarded="0">
      <delayHistogram nBins="229" >
        <bin index="0" start="0" width="0.001" count="383" />
        <bin index="1" start="0.001" width="0.001" count="1" />
        <bin index="3" start="0.003" width="0.001" count="2" />
        <bin index="4" start="0.004" width="0.001" count="1" />
        <bin index="8" start="0.008" width="0.001" count="1" />
        <bin index="18" start="0.018" width="0.001" count="1" />
        <bin index="31" start="0.031" width="0.001" count="1" />
        <bin index="99" start="0.099" width="0.001" count="1" />
        <bin index="140" start="0.14" width="0.001" count="1" />
        <bin index="165" start="0.165" width="0.001" count="1" />
        <bin index="170" start="0.17" width="0.001" count="1" />
        <bin index="176" start="0.176" width="0.001" count="1" />
        <bin index="186" start="0.186" width="0.001" count="1" />
        <bin index="228" start="0.228" width="0.001" count="1" />
      </delayHistogram>
      <jitterHistogram nBins="228" >
        <bin index="0" start="0" width="0.001" count="376" />
        <bin index="3" start="0.003" width="0.001" count="2" />
        <bin index="4" start="0.004" width="0.001" count="1" />
        <bin index="8" start="0.008" width="0.001" count="1" />
        <bin index="18" start="0.018" width="0.001" count="1" />
        <bin index="31" start="0.031" width="0.001" count="1" />
        <bin index="95" start="0.095" width="0.001" count="1" />
        <bin index="99" start="0.099" width="0.001" count="1" />
        <bin index="134" start="0.134" width="0.001" count="1" />
        <bin index="137" start="0.137" width="0.001" count="1" />
        <bin index="140" start="0.14" width="0.001" count="1" />
        <bin index="165" start="0.165" width="0.001" count="1" />
        <bin index="168" start="0.168" width="0.001" count="1" />
        <bin index="170" start="0.17" width="0.001" count="2" />
        <bin index="176" start="0.176" width="0.001" count="1" />
        <bin index="185" start="0.185" width="0.001" count="1" />
        <bin index="186" start="0.186" width="0.001" count="1" />
        <bin index="209" start="0.209" width="0.001" count="1" />
        <bin index="227" start="0.227" width="0.001" count="1" />
      </jitterHistogram>
      <packetSizeHistogram nBins="5" >
        <bin index="4" start="80" width="20" count="397" />
      </packetSizeHistogram>
      <flowInterruptionsHistogram nBins="0" >
      </flowInterruptionsHistogram>
    </Flow>
    <Flow flowId="8" timeFirstTxPacket="+100884855346.0ns" timeFirstRxPacket="+100895536060.0ns" timeLastTxPacket="+199884855346.0ns" timeLastRxPacket="+199885142118.0ns" delaySum="+3371799453.0ns" jitterSum="+5137222170.0ns" lastDelay="+286772.0ns" txBytes="36524" rxBytes="36524" txPackets="397" rxPackets="397" lostPackets="0" timesForwarded="1">
      <delayHistogram nBins="1014" >
        <bin index="0" start="0" width="0.001" count="382" />
        <bin index="8" start="0.008" width="0.001" count="1" />
        <bin index="10" start="0.01" width="0.001" count="1" />
        <bin index="48" start="0.048" width="0.001" count="1" />
        <bin index="107" start="0.107" width="0.001" count="1" />
        <bin index="117" start="0.117" width="0.001" count="1" />
        <bin index="121" start="0.121" width="0.001" count="1" />
        <bin index="127" start="0.127" width="0.001" count="1" />
        <bin index="131" start="0.131" width="0.001" count="1" />
        <bin index="158" start="0.158" width="0.001" count="1" />
        <bin index="188" start="0.188" width="0.001" count="1" />
        <bin index="195" start="0.195" width="0.001" count="1" />
        <bin index="234" start="0.234" width="0.001" count="1" />
        <bin index="348" start="0.348" width="0.001" count="1" />
        <bin index="449" start="0.449" width="0.001" count="1" />
        <bin index="1013" start="1.013" width="0.001" count="1" />
      </delayHistogram>
      <jitterHistogram nBins="1014" >
        <bin index="0" start="0" width="0.001" count="373" />
        <bin index="8" start="0.008" width="0.001" count="1" />
        <bin index="10" start="0.01" width="0.001" count="2" />
        <bin index="48" start="0.048" width="0.001" count="1" />
        <bin index="60" start="0.06" width="0.001" count="1" />
        <bin index="72" start="0.072" width="0.001" count="1" />
        <bin index="107" start="0.107" width="0.001" count="1" />
        <bin index="117" start="0.117" width="0.001" count="1" />
        <bin index="121" start="0.121" width="0.001" count="1" />
        <bin index="127" start="0.127" width="0.001" count="1" />
        <bin index="131" start="0.131" width="0.001" count="2" />
        <bin index="158" start="0.158" width="0.001" count="1" />
        <bin index="187" start="0.187" width="0.001" count="1" />
        <bin index="188" start="0.188" width="0.001" count="1" />
        <bin index="189" start="0.189" width="0.001" count="1" />
        <bin index="195" start="0.195" width="0.001" count="1" />
        <bin index="214" start="0.214" width="0.001" count="1" />
        <bin index="234" start="0.234" width="0.001" count="1" />
        <bin index="347" start="0.347" width="0.001" count="1" />
        <bin index="449" start="0.449" width="0.001" count="1" />
        <bin index="1012" start="1.012" width="0.001" count="1" />
        <bin index="1013" start="1.013" width="0.001" count="1" />
      </jitterHistogram>
      <packetSizeHistogram nBins="5" >
        <bin index="4" start="80" width="20" count="397" />
      </packetSizeHistogram>
      <flowInterruptionsHistogram nBins="3" >
        <bin index="2" start="0.5" width="0.25" count="3" />
      </flowInterruptionsHistogram>
    </Flow>
    <Flow flowId="9" timeFirstTxPacket="+101020734582.0ns" timeFirstRxPacket="+101025134513.0ns" timeLastTxPacket="+199770734582.0ns" timeLastRxPacket="+199771020991.0ns" delaySum="+1629226531.0ns" jitterSum="+2875462528.0ns" lastDelay="+286409.0ns" txBytes="36432" rxBytes="36432" txPackets="396" rxPackets="396" lostPackets="0" timesForwarded="0">
      <delayHistogram nBins="245" >
        <bin index="0" start="0" width="0.001" count="383" />
        <bin index="2" start="0.002" width="0.001" count="1" />
        <bin index="4" start="0.004" width="0.001" count="1" />
        <bin index="9" start="0.009" width="0.001" count="1" />
        <bin index="13" start="0.013" width="0.001" count="1" />
        <bin index="23" start="0.023" width="0.001" count="1" />
        <bin index="29" start="0.029" width="0.001" count="1" />
        <bin index="156" start="0.156" width="0.001" count="1" />
        <bin index="184" start="0.184" width="0.001" count="1" />
        <bin index="186" start="0.186" width="0.001" count="1" />
        <bin index="191" start="0.191" width="0.001" count="1" />
        <bin index="232" start="0.232" width="0.001" count="1" />
        <bin index="243" start="0.243" width="0.001" count="1" />
        <bin index="244" start="0.244" width="0.001" count="1" />
      </delayHistogram>
      <jitterHistogram nBins="244" >
        <bin index="0" start="0" width="0.001" count="375" />
        <bin index="1" start="0.001" width="0.001" count="1" />
        <bin index="4" start="0.004" width="0.001" count="1" />
        <bin index="8" start="0.008" width="0.001" count="1" />
        <bin index="12" start="0.012" width="0.001" count="1" />
        <bin index="22" start="0.022" width="0.001" count="1" />
        <bin index="29" start="0.029" width="0.001" count="1" />
        <bin index="147" start="0.147" width="0.001" count="1" />
        <bin index="154" start="0.154" width="0.001" count="1" />
        <bin index="156" start="0.156" width="0.001" count="1" />
        <bin index="173" start="0.173" width="0.001" count="1" />
        <bin index="183" start="0.183" width="0.001" count="1" />
        <bin index="186" start="0.186" width="0.001" count="1" />
        <bin index="188" start="0.188" width="0.001" count="1" />
        <bin index="190" start="0.19" width="0.001" count="1" />
        <bin index="220" start="0.22" width="0.001" count="1" />
        <bin index="231" start="0.231" width="0.001" count="2" />
        <bin index="243" start="0.243" width="0.001" count="3" />
      </jitterHistogram>
      <packetSizeHistogram nBins="5" >
        <bin index="4" start="80" width="20" count="396" />
      </packetSizeHistogram>
      <flowInterruptionsHistogram nBins="0" >
      </flowInterruptionsHistogram>
    </Flow>
    <Flow flowId="10" timeFirstTxPacket="+101174626889.0ns" timeFirstRxPacket="+101176945503.0ns" timeLastTxPacket="+199924626889.0ns" timeLastRxPacket="+199924913914.0ns" delaySum="+2534094379.0ns" jitterSum="+3320098031.0ns" lastDelay="+287025.0ns" txBytes="36432" rxBytes="36432" txPackets="396" rxPackets="396" lostPackets="0" timesForwarded="0">
      <delayHistogram nBins="375" >
        <bin index="0" start="0" width="0.001" count="381" />
        <bin index="2" start="0.002" width="0.001" count="1" />
        <bin index="39" start="0.039" width="0.001" count="1" />
        <bin index="86" start="0.086" width="0.001" count="1" />
        <bin index="87" start="0.087" width="0.001" count="1" />
        <bin index="100" start="0.1" width="0.001" count="2" />
        <bin index="109" start="0.109" width="0.001" count="1" />
        <bin index="133" start="0.133" width="0.001" count="1" />
        <bin index="145" start="0.145" width="0.001" count="1" />
        <bin index="167" start="0.167" width="0.001" count="1" />
        <bin index="168" start="0.168" width="0.001" count="1" />
        <bin index="230" start="0.23" width="0.001" count="1" />
        <bin index="338" start="0.338" width="0.001" count="1" />
        <bin index="339" start="0.339" width="0.001" count="1" />
        <bin index="374" start="0.374" width="0.001" count="1" />
      </delayHistogram>
      <jitterHistogram nBins="375" >
        <bin index="0" start="0" width="0.001" count="373" />
        <bin index="2" start="0.002" width="0.001" count="1" />
        <bin index="13" start="0.013" width="0.001" count="1" />
        <bin index="39" start="0.039" width="0.001" count="1" />
        <bin index="67" start="0.067" width="0.001" count="1" />
        <bin index="70" start="0.07" width="0.001" count="1" />
        <bin index="86" start="0.086" width="0.001" count="2" />
        <bin index="99" start="0.099" width="0.001" count="1" />
        <bin index="100" start="0.1" width="0.001" count="1" />
        <bin index="109" start="0.109" width="0.001" count="1" />
        <bin index="133" start="0.133" width="0.001" count="1" />
        <bin index="142" start="0.142" width="0.001" count="1" />
        <bin index="145" start="0.145" width="0.001" count="1" />
        <bin index="167" start="0.167" width="0.001" count="1" />
        <bin index="168" start="0.168" width="0.001" count="1" />
        <bin index="193" start="0.193" width="0.001" count="1" />
        <bin index="205" start="0.205" width="0.001" count="1" />
        <bin index="206" start="0.206" width="0.001" count="1" />
        <bin index="229" start="0.229" width="0.001" count="1" />
        <bin index="338" start="0.338" width="0.001" count="2" />
        <bin index="374" start="0.374" width="0.001" count="1" />
      </jitterHistogram>
      <packetSizeHistogram nBins="5" >
        <bin index="4" start="80" width="20" count="396" />
      </packetSizeHistogram>
      <flowInterruptionsHistogram nBins="3" >
        <bin index="2" start="0.5" width="0.25" count="3" />
      </flowInterruptionsHistogram>
    </Flow>
  </FlowStats>
  <Ipv4FlowClassifier>
    <Flow flowId="2" sourceAddress="10.1.1.11" destinationAddress="10.1.1.1" protocol="17" sourcePort="49153" destinationPort="9">
      <Dscp value="0x0" packets="398" />
    </Flow>
    <Flow flowId="7" sourceAddress="10.1.1.12" destinationAddress="10.1.1.2" protocol="17" sourcePort="49153" destinationPort="9">
      <Dscp value="0x0" packets="397" />
    </Flow>
    <Flow flowId="4" sourceAddress="10.1.1.13" destinationAddress="10.1.1.3" protocol="17" sourcePort="49153" destinationPort="9">
      <Dscp value="0x0" packets="398" />
    </Flow>
    <Flow flowId="3" sourceAddress="10.1.1.14" destinationAddress="10.1.1.4" protocol="17" sourcePort="49153" destinationPort="9">
      <Dscp value="0x0" packets="398" />
    </Flow>
    <Flow flowId="1" sourceAddress="10.1.1.15" destinationAddress="10.1.1.5" protocol="17" sourcePort="49153" destinationPort="9">
      <Dscp value="0x0" packets="399" />
    </Flow>
    <Flow flowId="9" sourceAddress="10.1.1.16" destinationAddress="10.1.1.6" protocol="17" sourcePort="49153" destinationPort="9">
      <Dscp value="0x0" packets="396" />
    </Flow>
    <Flow flowId="8" sourceAddress="10.1.1.17" destinationAddress="10.1.1.7" protocol="17" sourcePort="49153" destinationPort="9">
      <Dscp value="0x0" packets="397" />
    </Flow>
    <Flow flowId="10" sourceAddress="10.1.1.18" destinationAddress="10.1.1.8" protocol="17" sourcePort="49153" destinationPort="9">
      <Dscp value="0x0" packets="396" />
    </Flow>
    <Flow flowId="6" sourceAddress="10.1.1.19" destinationAddress="10.1.1.9" protocol="17" sourcePort="49153" destinationPort="9">
      <Dscp value="0x0" packets="398" />
    </Flow>
    <Flow flowId="5" sourceAddress="10.1.1.20" destinationAddress="10.1.1.10" protocol="17" sourcePort="49153" destinationPort="9">
      <Dscp value="0x0" packets="398" />
    </Flow>
  </Ipv4FlowClassifier>
  <Ipv6FlowClassifier>
  </Ipv6FlowClassifier>
  <FlowProbes>
    <FlowProbe index="0">
      <FlowStats  flowId="2" packets="398" bytes="36616" delayFromFirstProbeSum="+1718811676.0ns" >
      </FlowStats>
    </FlowProbe>
    <FlowProbe index="1">
    </FlowProbe>
    <FlowProbe index="2">
      <FlowStats  flowId="7" packets="397" bytes="36524" delayFromFirstProbeSum="+1348888394.0ns" >
      </FlowStats>
    </FlowProbe>
    <FlowProbe index="3">
    </FlowProbe>
    <FlowProbe index="4">
      <FlowStats  flowId="4" packets="398" bytes="36616" delayFromFirstProbeSum="+2952880704.0ns" >
      </FlowStats>
    </FlowProbe>
    <FlowProbe index="5">
    </FlowProbe>
    <FlowProbe index="6">
      <FlowStats  flowId="3" packets="398" bytes="36616" delayFromFirstProbeSum="+1599597340.0ns" >
      </FlowStats>
    </FlowProbe>
    <FlowProbe index="7">
    </FlowProbe>
    <FlowProbe index="8">
      <FlowStats  flowId="1" packets="399" bytes="36708" delayFromFirstProbeSum="+2065578988.0ns" >
      </FlowStats>
    </FlowProbe>
    <FlowProbe index="9">
    </FlowProbe>
    <FlowProbe index="10">
      <FlowStats  flowId="9" packets="396" bytes="36432" delayFromFirstProbeSum="+1629226531.0ns" >
      </FlowStats>
    </FlowProbe>
    <FlowProbe index="11">
    </FlowProbe>
    <FlowProbe index="12">
      <FlowStats  flowId="8" packets="397" bytes="36524" delayFromFirstProbeSum="+3371799453.0ns" >
      </FlowStats>
    </FlowProbe>
    <FlowProbe index="13">
    </FlowProbe>
    <FlowProbe index="14">
      <FlowStats  flowId="10" packets="396" bytes="36432" delayFromFirstProbeSum="+2534094379.0ns" >
      </FlowStats>
    </FlowProbe>
    <FlowProbe index="15">
    </FlowProbe>
    <FlowProbe index="16">
      <FlowStats  flowId="6" packets="398" bytes="36616" delayFromFirstProbeSum="+2700361591.0ns" >
      </FlowStats>
    </FlowProbe>
    <FlowProbe index="17">
    </FlowProbe>
    <FlowProbe index="18">
      <FlowStats  flowId="5" packets="398" bytes="36616" delayFromFirstProbeSum="+1798302916.0ns" >
      </FlowStats>
    </FlowProbe>
    <FlowProbe index="19">
    </FlowProbe>
    <FlowProbe index="20">
      <FlowStats  flowId="2" packets="398" bytes="36616" delayFromFirstProbeSum="+0.0ns" >
      </FlowStats>
    </FlowProbe>
    <FlowProbe index="21">
    </FlowProbe>
    <FlowProbe index="22">
      <FlowStats  flowId="7" packets="397" bytes="36524" delayFromFirstProbeSum="+0.0ns" >
      </FlowStats>
    </FlowProbe>
    <FlowProbe index="23">
    </FlowProbe>
    <FlowProbe index="24">
      <FlowStats  flowId="4" packets="398" bytes="36616" delayFromFirstProbeSum="+0.0ns" >
      </FlowStats>
    </FlowProbe>
    <FlowProbe index="25">
    </FlowProbe>
    <FlowProbe index="26">
      <FlowStats  flowId="3" packets="398" bytes="36616" delayFromFirstProbeSum="+0.0ns" >
      </FlowStats>
    </FlowProbe>
    <FlowProbe index="27">
    </FlowProbe>
    <FlowProbe index="28">
      <FlowStats  flowId="1" packets="399" bytes="36708" delayFromFirstProbeSum="+0.0ns" >
      </FlowStats>
    </FlowProbe>
    <FlowProbe index="29">
    </FlowProbe>
    <FlowProbe index="30">
      <FlowStats  flowId="9" packets="396" bytes="36432" delayFromFirstProbeSum="+0.0ns" >
      </FlowStats>
    </FlowProbe>
    <FlowProbe index="31">
    </FlowProbe>
    <FlowProbe index="32">
      <FlowStats  flowId="8" packets="397" bytes="36524" delayFromFirstProbeSum="+0.0ns" >
      </FlowStats>
    </FlowProbe>
    <FlowProbe index="33">
    </FlowProbe>
    <FlowProbe index="34">
      <FlowStats  flowId="10" packets="396" bytes="36432" delayFromFirstProbeSum="+0.0ns" >
      </FlowStats>
    </FlowProbe>
    <FlowProbe index="35">
    </FlowProbe>
    <FlowProbe index="36">
      <FlowStats  flowId="6" packets="398" bytes="36616" delayFromFirstProbeSum="+0.0ns" >
      </FlowStats>
    </FlowProbe>
    <FlowProbe index="37">
    </FlowProbe>
    <FlowProbe index="38">
      <FlowStats  flowId="5" packets="398" bytes="36616" delayFromFirstProbeSum="+0.0ns" >
      </FlowStats>
    </FlowProbe>
    <FlowProbe index="39">
    </FlowProbe>
    <FlowProbe index="40">
    </FlowProbe>
    <FlowProbe index="41">
    </FlowProbe>
    <FlowProbe index="42">
    </FlowProbe>
    <FlowProbe index="43">
    </FlowProbe>
    <FlowProbe index="44">
    </FlowProbe>
    <FlowProbe index="45">
    </FlowProbe>
    <FlowProbe index="46">
    </FlowProbe>
    <FlowProbe index="47">
    </FlowProbe>
    <FlowProbe index="48">
    </FlowProbe>
    <FlowProbe index="49">
    </FlowProbe>
    <FlowProbe index="50">
      <FlowStats  flowId="8" packets="1" bytes="92" delayFromFirstProbeSum="+1002249884.0ns" >
      </FlowStats>
    </FlowProbe>
    <FlowProbe index="51">
    </FlowProbe>
    <FlowProbe index="52">
    </FlowProbe>
    <FlowProbe index="53">
    </FlowProbe>
    <FlowProbe index="54">
    </FlowProbe>
    <FlowProbe index="55">
    </FlowProbe>
    <FlowProbe index="56">
    </FlowProbe>
    <FlowProbe index="57">
    </FlowProbe>
    <FlowProbe index="58">
    </FlowProbe>
    <FlowProbe index="59">
    </FlowProbe>
    <FlowProbe index="60">
    </FlowProbe>
    <FlowProbe index="61">
    </FlowProbe>
    <FlowProbe index="62">
    </FlowProbe>
    <FlowProbe index="63">
    </FlowProbe>
    <FlowProbe index="64">
    </FlowProbe>
    <FlowProbe index="65">
    </FlowProbe>
    <FlowProbe index="66">
    </FlowProbe>
    <FlowProbe index="67">
    </FlowProbe>
    <FlowProbe index="68">
    </FlowProbe>
    <FlowProbe index="69">
    </FlowProbe>
    <FlowProbe index="70">
    </FlowProbe>
    <FlowProbe index="71">
    </FlowProbe>
    <FlowProbe index="72">
    </FlowProbe>
    <FlowProbe index="73">
    </FlowProbe>
    <FlowProbe index="74">
    </FlowProbe>
    <FlowProbe index="75">
    </FlowProbe>
    <FlowProbe index="76">
    </FlowProbe>
    <FlowProbe index="77">
    </FlowProbe>
    <FlowProbe index="78">
    </FlowProbe>
    <FlowProbe index="79">
    </FlowProbe>
    <FlowProbe index="80">
    </FlowProbe>
    <FlowProbe index="81">
    </FlowProbe>
    <FlowProbe index="82">
    </FlowProbe>
    <FlowProbe index="83">
    </FlowProbe>
    <FlowProbe index="84">
    </FlowProbe>
    <FlowProbe index="85">
    </FlowProbe>
    <FlowProbe index="86">
    </FlowProbe>
    <FlowProbe index="87">
    </FlowProbe>
    <FlowProbe index="88">
    </FlowProbe>
    <FlowProbe index="89">
    </FlowProbe>
    <FlowProbe index="90">
    </FlowProbe>
    <FlowProbe index="91">
    </FlowProbe>
    <FlowProbe index="92">
    </FlowProbe>
    <FlowProbe index="93">
    </FlowProbe>
    <FlowProbe index="94">
    </FlowProbe>
    <FlowProbe index="95">
    </FlowProbe>
    <FlowProbe index="96">
    </FlowProbe>
    <FlowProbe index="97">
    </FlowProbe>
    <FlowProbe index="98">
    </FlowProbe>
    <FlowProbe index="99">
    </FlowProbe>
  </FlowProbes>
</FlowMonitor>
