<?xml version="1.0" ?>
<FlowMonitor>
  <FlowStats>
    <Flow flowId="1" timeFirstTxPacket="+100254140514.0ns" timeFirstRxPacket="+100280200160.0ns" timeLastTxPacket="+199754140514.0ns" timeLastRxPacket="+199754427113.0ns" delaySum="+5634715921.0ns" jitterSum="+4890688805.0ns" lastDelay="+286599.0ns" txBytes="36708" rxBytes="36340" txPackets="399" rxPackets="395" lostPackets="4" timesForwarded="456">
      <delayHistogram nBins="1013" >
        <bin index="0" start="0" width="0.001" count="89" />
        <bin index="1" start="0.001" width="0.001" count="155" />
        <bin index="2" start="0.002" width="0.001" count="87" />
        <bin index="3" start="0.003" width="0.001" count="22" />
        <bin index="4" start="0.004" width="0.001" count="9" />
        <bin index="5" start="0.005" width="0.001" count="6" />
        <bin index="6" start="0.006" width="0.001" count="3" />
        <bin index="7" start="0.007" width="0.001" count="1" />
        <bin index="9" start="0.009" width="0.001" count="2" />
        <bin index="11" start="0.011" width="0.001" count="1" />
        <bin index="14" start="0.014" width="0.001" count="2" />
        <bin index="15" start="0.015" width="0.001" count="1" />
        <bin index="17" start="0.017" width="0.001" count="2" />
        <bin index="18" start="0.018" width="0.001" count="1" />
        <bin index="20" start="0.02" width="0.001" count="1" />
        <bin index="26" start="0.026" width="0.001" count="1" />
        <bin index="29" start="0.029" width="0.001" count="1" />
        <bin index="30" start="0.03" width="0.001" count="1" />
        <bin index="35" start="0.035" width="0.001" count="1" />
        <bin index="43" start="0.043" width="0.001" count="1" />
        <bin index="47" start="0.047" width="0.001" count="1" />
        <bin index="55" start="0.055" width="0.001" count="1" />
        <bin index="508" start="0.508" width="0.001" count="1" />
        <bin index="516" start="0.516" width="0.001" count="1" />
        <bin index="756" start="0.756" width="0.001" count="1" />
        <bin index="764" start="0.764" width="0.001" count="1" />
        <bin index="1005" start="1.005" width="0.001" count="1" />
        <bin index="1012" start="1.012" width="0.001" count="1" />
      </delayHistogram>
      <jitterHistogram nBins="1005" >
        <bin index="0" start="0" width="0.001" count="280" />
        <bin index="1" start="0.001" width="0.001" count="46" />
        <bin index="2" start="0.002" width="0.001" count="13" />
        <bin index="3" start="0.003" width="0.001" count="10" />
        <bin index="4" start="0.004" width="0.001" count="4" />
        <bin index="5" start="0.005" width="0.001" count="4" />
        <bin index="6" start="0.006" width="0.001" count="1" />
        <bin index="7" start="0.007" width="0.001" count="1" />
        <bin index="8" start="0.008" width="0.001" count="2" />
        <bin index="9" start="0.009" width="0.001" count="2" />
        <bin index="12" start="0.012" width="0.001" count="2" />
        <bin index="13" start="0.013" width="0.001" count="1" />
        <bin index="14" start="0.014" width="0.001" count="4" />
        <bin index="16" start="0.016" width="0.001" count="3" />
        <bin index="18" start="0.018" width="0.001" count="1" />
        <bin index="20" start="0.02" width="0.001" count="2" />
        <bin index="22" start="0.022" width="0.001" count="2" />
        <bin index="27" start="0.027" width="0.001" count="1" />
        <bin index="28" start="0.028" width="0.001" count="2" />
        <bin index="40" start="0.04" width="0.001" count="1" />
        <bin index="41" start="0.041" width="0.001" count="1" />
        <bin index="46" start="0.046" width="0.001" count="1" />
        <bin index="47" start="0.047" width="0.001" count="1" />
        <bin index="53" start="0.053" width="0.001" count="1" />
        <bin index="247" start="0.247" width="0.001" count="1" />
        <bin index="248" start="0.248" width="0.001" count="3" />
        <bin index="507" start="0.507" width="0.001" count="1" />
        <bin index="511" start="0.511" width="0.001" count="1" />
        <bin index="997" start="0.997" width="0.001" count="1" />
        <bin index="1004" start="1.004" width="0.001" count="1" />
      </jitterHistogram>
      <packetSizeHistogram nBins="5" >
        <bin index="4" start="80" width="20" count="395" />
      </packetSizeHistogram>
      <flowInterruptionsHistogram nBins="6" >
        <bin index="4" start="1" width="0.25" count="1" />
        <bin index="5" start="1.25" width="0.25" count="1" />
      </flowInterruptionsHistogram>
    </Flow>
    <Flow flowId="2" timeFirstTxPacket="+100271144498.0ns" timeFirstRxPacket="+100279189105.0ns" timeLastTxPacket="+199771144498.0ns" timeLastRxPacket="+199771430794.0ns" delaySum="+5877755684.0ns" jitterSum="+6293471091.0ns" lastDelay="+286296.0ns" txBytes="36708" rxBytes="24380" txPackets="399" rxPackets="265" lostPackets="134" timesForwarded="11">
      <delayHistogram nBins="3053" >
        <bin index="0" start="0" width="0.001" count="239" />
        <bin index="1" start="0.001" width="0.001" count="7" />
        <bin index="2" start="0.002" width="0.001" count="2" />
        <bin index="3" start="0.003" width="0.001" count="1" />
        <bin index="4" start="0.004" width="0.001" count="3" />
        <bin index="6" start="0.006" width="0.001" count="1" />
        <bin index="7" start="0.007" width="0.001" count="2" />
        <bin index="8" start="0.008" width="0.001" count="2" />
        <bin index="9" start="0.009" width="0.001" count="1" />
        <bin index="10" start="0.01" width="0.001" count="1" />
        <bin index="13" start="0.013" width="0.001" count="1" />
        <bin index="15" start="0.015" width="0.001" count="1" />
        <bin index="23" start="0.023" width="0.001" count="1" />
        <bin index="33" start="0.033" width="0.001" count="1" />
        <bin index="2578" start="2.578" width="0.001" count="1" />
        <bin index="3052" start="3.052" width="0.001" count="1" />
      </delayHistogram>
      <jitterHistogram nBins="3043" >
        <bin index="0" start="0" width="0.001" count="237" />
        <bin index="1" start="0.001" width="0.001" count="5" />
        <bin index="2" start="0.002" width="0.001" count="3" />
        <bin index="3" start="0.003" width="0.001" count="2" />
        <bin index="5" start="0.005" width="0.001" count="3" />
        <bin index="6" start="0.006" width="0.001" count="1" />
        <bin index="7" start="0.007" width="0.001" count="3" />
        <bin index="9" start="0.009" width="0.001" count="1" />
        <bin index="10" start="0.01" width="0.001" count="1" />
        <bin index="11" start="0.011" width="0.001" count="1" />
        <bin index="16" start="0.016" width="0.001" count="1" />
        <bin index="19" start="0.019" width="0.001" count="1" />
        <bin index="20" start="0.02" width="0.001" count="1" />
        <bin index="33" start="0.033" width="0.001" count="1" />
        <bin index="473" start="0.473" width="0.001" count="1" />
        <bin index="2575" start="2.575" width="0.001" count="1" />
        <bin index="3042" start="3.042" width="0.001" count="1" />
      </jitterHistogram>
      <packetSizeHistogram nBins="5" >
        <bin index="4" start="80" width="20" count="265" />
      </packetSizeHistogram>
      <flowInterruptionsHistogram nBins="72" >
        <bin index="2" start="0.5" width="0.25" count="1" />
        <bin index="4" start="1" width="0.25" count="1" />
        <bin index="6" start="1.5" width="0.25" count="1" />
        <bin index="7" start="1.75" width="0.25" count="1" />
        <bin index="23" start="5.75" width="0.25" count="1" />
        <bin index="25" start="6.25" width="0.25" count="1" />
        <bin index="71" start="17.75" width="0.25" count="1" />
      </flowInterruptionsHistogram>
    </Flow>
    <Flow flowId="3" timeFirstTxPacket="+100314042511.0ns" timeFirstRxPacket="+105323880588.0ns" timeLastTxPacket="+199814042511.0ns" timeLastRxPacket="+120087938146.0ns" delaySum="+120048621.0ns" jitterSum="+74074384.0ns" lastDelay="+23895635.0ns" txBytes="36708" rxBytes="5520" txPackets="399" rxPackets="60" lostPackets="299" timesForwarded="60">
      <delayHistogram nBins="24" >
        <bin index="0" start="0" width="0.001" count="9" />
        <bin index="1" start="0.001" width="0.001" count="44" />
        <bin index="2" start="0.002" width="0.001" count="3" />
        <bin index="3" start="0.003" width="0.001" count="1" />
        <bin index="9" start="0.009" width="0.001" count="1" />
        <bin index="11" start="0.011" width="0.001" count="1" />
        <bin index="23" start="0.023" width="0.001" count="1" />
      </delayHistogram>
      <jitterHistogram nBins="24" >
        <bin index="0" start="0" width="0.001" count="47" />
        <bin index="1" start="0.001" width="0.001" count="8" />
        <bin index="8" start="0.008" width="0.001" count="1" />
        <bin index="10" start="0.01" width="0.001" count="2" />
        <bin index="23" start="0.023" width="0.001" count="1" />
      </jitterHistogram>
      <packetSizeHistogram nBins="5" >
        <bin index="4" start="80" width="20" count="60" />
      </packetSizeHistogram>
      <flowInterruptionsHistogram nBins="0" >
      </flowInterruptionsHistogram>
    </Flow>
    <Flow flowId="4" timeFirstTxPacket="+100321114735.0ns" timeFirstRxPacket="+100323772296.0ns" timeLastTxPacket="+199821114735.0ns" timeLastRxPacket="+199822011160.0ns" delaySum="+295437106.0ns" jitterSum="+208435856.0ns" lastDelay="+896425.0ns" txBytes="36708" rxBytes="32016" txPackets="399" rxPackets="348" lostPackets="30" timesForwarded="19">
      <delayHistogram nBins="32" >
        <bin index="0" start="0" width="0.001" count="305" />
        <bin index="1" start="0.001" width="0.001" count="21" />
        <bin index="2" start="0.002" width="0.001" count="7" />
        <bin index="3" start="0.003" width="0.001" count="5" />
        <bin index="4" start="0.004" width="0.001" count="1" />
        <bin index="5" start="0.005" width="0.001" count="1" />
        <bin index="7" start="0.007" width="0.001" count="2" />
        <bin index="11" start="0.011" width="0.001" count="1" />
        <bin index="14" start="0.014" width="0.001" count="1" />
        <bin index="15" start="0.015" width="0.001" count="1" />
        <bin index="17" start="0.017" width="0.001" count="1" />
        <bin index="27" start="0.027" width="0.001" count="1" />
        <bin index="31" start="0.031" width="0.001" count="1" />
      </delayHistogram>
      <jitterHistogram nBins="30" >
        <bin index="0" start="0" width="0.001" count="311" />
        <bin index="1" start="0.001" width="0.001" count="9" />
        <bin index="2" start="0.002" width="0.001" count="10" />
        <bin index="3" start="0.003" width="0.001" count="2" />
        <bin index="4" start="0.004" width="0.001" count="2" />
        <bin index="5" start="0.005" width="0.001" count="2" />
        <bin index="6" start="0.006" width="0.001" count="1" />
        <bin index="7" start="0.007" width="0.001" count="3" />
        <bin index="8" start="0.008" width="0.001" count="1" />
        <bin index="11" start="0.011" width="0.001" count="1" />
        <bin index="12" start="0.012" width="0.001" count="1" />
        <bin index="13" start="0.013" width="0.001" count="1" />
        <bin index="15" start="0.015" width="0.001" count="1" />
        <bin index="16" start="0.016" width="0.001" count="1" />
        <bin index="29" start="0.029" width="0.001" count="1" />
      </jitterHistogram>
      <packetSizeHistogram nBins="5" >
        <bin index="4" start="80" width="20" count="348" />
      </packetSizeHistogram>
      <flowInterruptionsHistogram nBins="38" >
        <bin index="2" start="0.5" width="0.25" count="3" />
        <bin index="5" start="1.25" width="0.25" count="2" />
        <bin index="37" start="9.25" width="0.25" count="1" />
      </flowInterruptionsHistogram>
    </Flow>
    <Flow flowId="5" timeFirstTxPacket="+100437643488.0ns" timeFirstRxPacket="+105215815683.0ns" timeLastTxPacket="+199937643488.0ns" timeLastRxPacket="+199464666963.0ns" delaySum="+1991850950.0ns" jitterSum="+3629290692.0ns" lastDelay="+27023475.0ns" txBytes="36708" rxBytes="4416" txPackets="399" rxPackets="48" lostPackets="327" timesForwarded="78">
      <delayHistogram nBins="1594" >
        <bin index="0" start="0" width="0.001" count="4" />
        <bin index="1" start="0.001" width="0.001" count="12" />
        <bin index="2" start="0.002" width="0.001" count="12" />
        <bin index="3" start="0.003" width="0.001" count="5" />
        <bin index="4" start="0.004" width="0.001" count="3" />
        <bin index="5" start="0.005" width="0.001" count="1" />
        <bin index="6" start="0.006" width="0.001" count="1" />
        <bin index="9" start="0.009" width="0.001" count="1" />
        <bin index="10" start="0.01" width="0.001" count="1" />
        <bin index="12" start="0.012" width="0.001" count="1" />
        <bin index="20" start="0.02" width="0.001" count="1" />
        <bin index="25" start="0.025" width="0.001" count="1" />
        <bin index="27" start="0.027" width="0.001" count="1" />
        <bin index="28" start="0.028" width="0.001" count="1" />
        <bin index="37" start="0.037" width="0.001" count="1" />
        <bin index="136" start="0.136" width="0.001" count="1" />
        <bin index="1593" start="1.593" width="0.001" count="1" />
      </delayHistogram>
      <jitterHistogram nBins="1591" >
        <bin index="0" start="0" width="0.001" count="21" />
        <bin index="1" start="0.001" width="0.001" count="6" />
        <bin index="2" start="0.002" width="0.001" count="2" />
        <bin index="4" start="0.004" width="0.001" count="3" />
        <bin index="5" start="0.005" width="0.001" count="1" />
        <bin index="6" start="0.006" width="0.001" count="2" />
        <bin index="7" start="0.007" width="0.001" count="2" />
        <bin index="9" start="0.009" width="0.001" count="1" />
        <bin index="10" start="0.01" width="0.001" count="1" />
        <bin index="16" start="0.016" width="0.001" count="1" />
        <bin index="21" start="0.021" width="0.001" count="1" />
        <bin index="26" start="0.026" width="0.001" count="1" />
        <bin index="32" start="0.032" width="0.001" count="1" />
        <bin index="133" start="0.133" width="0.001" count="1" />
        <bin index="135" start="0.135" width="0.001" count="1" />
        <bin index="1587" start="1.587" width="0.001" count="1" />
        <bin index="1590" start="1.59" width="0.001" count="1" />
      </jitterHistogram>
      <packetSizeHistogram nBins="5" >
        <bin index="4" start="80" width="20" count="48" />
      </packetSizeHistogram>
      <flowInterruptionsHistogram nBins="284" >
        <bin index="2" start="0.5" width="0.25" count="1" />
        <bin index="6" start="1.5" width="0.25" count="1" />
        <bin index="8" start="2" width="0.25" count="1" />
        <bin index="34" start="8.5" width="0.25" count="1" />
        <bin index="283" start="70.75" width="0.25" count="1" />
      </flowInterruptionsHistogram>
    </Flow>
    <Flow flowId="6" timeFirstTxPacket="+100500964894.0ns" timeFirstRxPacket="+100522335667.0ns" timeLastTxPacket="+199750964894.0ns" timeLastRxPacket="+199752591697.0ns" delaySum="+3996411763.0ns" jitterSum="+4591832772.0ns" lastDelay="+1626803.0ns" txBytes="36616" rxBytes="24380" txPackets="398" rxPackets="265" lostPackets="109" timesForwarded="153">
      <delayHistogram nBins="1027" >
        <bin index="0" start="0" width="0.001" count="171" />
        <bin index="1" start="0.001" width="0.001" count="30" />
        <bin index="2" start="0.002" width="0.001" count="13" />
        <bin index="3" start="0.003" width="0.001" count="3" />
        <bin index="4" start="0.004" width="0.001" count="5" />
        <bin index="5" start="0.005" width="0.001" count="7" />
        <bin index="6" start="0.006" width="0.001" count="3" />
        <bin index="7" start="0.007" width="0.001" count="4" />
        <bin index="8" start="0.008" width="0.001" count="2" />
        <bin index="9" start="0.009" width="0.001" count="5" />
        <bin index="11" start="0.011" width="0.001" count="1" />
        <bin index="12" start="0.012" width="0.001" count="1" />
        <bin index="13" start="0.013" width="0.001" count="2" />
        <bin index="14" start="0.014" width="0.001" count="2" />
        <bin index="15" start="0.015" width="0.001" count="1" />
        <bin index="16" start="0.016" width="0.001" count="1" />
        <bin index="17" start="0.017" width="0.001" count="1" />
        <bin index="18" start="0.018" width="0.001" count="1" />
        <bin index="19" start="0.019" width="0.001" count="1" />
        <bin index="21" start="0.021" width="0.001" count="1" />
        <bin index="23" start="0.023" width="0.001" count="1" />
        <bin index="26" start="0.026" width="0.001" count="1" />
        <bin index="27" start="0.027" width="0.001" count="1" />
        <bin index="31" start="0.031" width="0.001" count="1" />
        <bin index="36" start="0.036" width="0.001" count="1" />
        <bin index="46" start="0.046" width="0.001" count="1" />
        <bin index="529" start="0.529" width="0.001" count="1" />
        <bin index="777" start="0.777" width="0.001" count="1" />
        <bin index="965" start="0.965" width="0.001" count="1" />
        <bin index="1026" start="1.026" width="0.001" count="1" />
      </delayHistogram>
      <jitterHistogram nBins="1000" >
        <bin index="0" start="0" width="0.001" count="191" />
        <bin index="1" start="0.001" width="0.001" count="7" />
        <bin index="2" start="0.002" width="0.001" count="9" />
        <bin index="3" start="0.003" width="0.001" count="6" />
        <bin index="4" start="0.004" width="0.001" count="5" />
        <bin index="5" start="0.005" width="0.001" count="4" />
        <bin index="6" start="0.006" width="0.001" count="4" />
        <bin index="7" start="0.007" width="0.001" count="3" />
        <bin index="8" start="0.008" width="0.001" count="4" />
        <bin index="9" start="0.009" width="0.001" count="3" />
        <bin index="10" start="0.01" width="0.001" count="5" />
        <bin index="11" start="0.011" width="0.001" count="1" />
        <bin index="12" start="0.012" width="0.001" count="3" />
        <bin index="13" start="0.013" width="0.001" count="1" />
        <bin index="17" start="0.017" width="0.001" count="2" />
        <bin index="19" start="0.019" width="0.001" count="1" />
        <bin index="20" start="0.02" width="0.001" count="2" />
        <bin index="21" start="0.021" width="0.001" count="1" />
        <bin index="23" start="0.023" width="0.001" count="1" />
        <bin index="29" start="0.029" width="0.001" count="1" />
        <bin index="31" start="0.031" width="0.001" count="3" />
        <bin index="44" start="0.044" width="0.001" count="1" />
        <bin index="248" start="0.248" width="0.001" count="2" />
        <bin index="527" start="0.527" width="0.001" count="1" />
        <bin index="960" start="0.96" width="0.001" count="1" />
        <bin index="962" start="0.962" width="0.001" count="1" />
        <bin index="999" start="0.999" width="0.001" count="1" />
      </jitterHistogram>
      <packetSizeHistogram nBins="5" >
        <bin index="4" start="80" width="20" count="265" />
      </packetSizeHistogram>
      <flowInterruptionsHistogram nBins="67" >
        <bin index="2" start="0.5" width="0.25" count="1" />
        <bin index="3" start="0.75" width="0.25" count="2" />
        <bin index="61" start="15.25" width="0.25" count="1" />
        <bin index="66" start="16.5" width="0.25" count="1" />
      </flowInterruptionsHistogram>
    </Flow>
    <Flow flowId="7" timeFirstTxPacket="+100948898169.0ns" timeFirstRxPacket="+105209340551.0ns" timeLastTxPacket="+199948898169.0ns" timeLastRxPacket="+199950824905.0ns" delaySum="+7059848110.0ns" jitterSum="+6718278010.0ns" lastDelay="+1926736.0ns" txBytes="36524" rxBytes="9108" txPackets="397" rxPackets="99" lostPackets="275" timesForwarded="182">
      <delayHistogram nBins="1031" >
        <bin index="0" start="0" width="0.001" count="5" />
        <bin index="1" start="0.001" width="0.001" count="28" />
        <bin index="2" start="0.002" width="0.001" count="27" />
        <bin index="3" start="0.003" width="0.001" count="9" />
        <bin index="4" start="0.004" width="0.001" count="2" />
        <bin index="5" start="0.005" width="0.001" count="2" />
        <bin index="6" start="0.006" width="0.001" count="4" />
        <bin index="9" start="0.009" width="0.001" count="1" />
        <bin index="10" start="0.01" width="0.001" count="1" />
        <bin index="11" start="0.011" width="0.001" count="1" />
        <bin index="16" start="0.016" width="0.001" count="1" />
        <bin index="19" start="0.019" width="0.001" count="1" />
        <bin index="21" start="0.021" width="0.001" count="1" />
        <bin index="26" start="0.026" width="0.001" count="1" />
        <bin index="27" start="0.027" width="0.001" count="1" />
        <bin index="31" start="0.031" width="0.001" count="1" />
        <bin index="33" start="0.033" width="0.001" count="1" />
        <bin index="49" start="0.049" width="0.001" count="1" />
        <bin index="54" start="0.054" width="0.001" count="1" />
        <bin index="58" start="0.058" width="0.001" count="1" />
        <bin index="67" start="0.067" width="0.001" count="1" />
        <bin index="521" start="0.521" width="0.001" count="1" />
        <bin index="532" start="0.532" width="0.001" count="1" />
        <bin index="765" start="0.765" width="0.001" count="1" />
        <bin index="769" start="0.769" width="0.001" count="1" />
        <bin index="782" start="0.782" width="0.001" count="1" />
        <bin index="1010" start="1.01" width="0.001" count="1" />
        <bin index="1014" start="1.014" width="0.001" count="1" />
        <bin index="1030" start="1.03" width="0.001" count="1" />
      </delayHistogram>
      <jitterHistogram nBins="1012" >
        <bin index="0" start="0" width="0.001" count="50" />
        <bin index="1" start="0.001" width="0.001" count="7" />
        <bin index="2" start="0.002" width="0.001" count="5" />
        <bin index="3" start="0.003" width="0.001" count="2" />
        <bin index="4" start="0.004" width="0.001" count="3" />
        <bin index="9" start="0.009" width="0.001" count="2" />
        <bin index="13" start="0.013" width="0.001" count="1" />
        <bin index="14" start="0.014" width="0.001" count="2" />
        <bin index="16" start="0.016" width="0.001" count="1" />
        <bin index="18" start="0.018" width="0.001" count="3" />
        <bin index="22" start="0.022" width="0.001" count="1" />
        <bin index="23" start="0.023" width="0.001" count="1" />
        <bin index="24" start="0.024" width="0.001" count="1" />
        <bin index="30" start="0.03" width="0.001" count="1" />
        <bin index="31" start="0.031" width="0.001" count="1" />
        <bin index="42" start="0.042" width="0.001" count="1" />
        <bin index="49" start="0.049" width="0.001" count="1" />
        <bin index="52" start="0.052" width="0.001" count="1" />
        <bin index="54" start="0.054" width="0.001" count="1" />
        <bin index="62" start="0.062" width="0.001" count="1" />
        <bin index="63" start="0.063" width="0.001" count="1" />
        <bin index="241" start="0.241" width="0.001" count="1" />
        <bin index="243" start="0.243" width="0.001" count="1" />
        <bin index="248" start="0.248" width="0.001" count="1" />
        <bin index="249" start="0.249" width="0.001" count="2" />
        <bin index="518" start="0.518" width="0.001" count="1" />
        <bin index="530" start="0.53" width="0.001" count="1" />
        <bin index="766" start="0.766" width="0.001" count="1" />
        <bin index="1003" start="1.003" width="0.001" count="1" />
        <bin index="1004" start="1.004" width="0.001" count="1" />
        <bin index="1011" start="1.011" width="0.001" count="1" />
      </jitterHistogram>
      <packetSizeHistogram nBins="5" >
        <bin index="4" start="80" width="20" count="99" />
      </packetSizeHistogram>
      <flowInterruptionsHistogram nBins="167" >
        <bin index="2" start="0.5" width="0.25" count="4" />
        <bin index="3" start="0.75" width="0.25" count="1" />
        <bin index="5" start="1.25" width="0.25" count="1" />
        <bin index="31" start="7.75" width="0.25" count="1" />
        <bin index="75" start="18.75" width="0.25" count="1" />
        <bin index="166" start="41.5" width="0.25" count="1" />
      </flowInterruptionsHistogram>
    </Flow>
    <Flow flowId="8" timeFirstTxPacket="+100962826429.0ns" timeFirstRxPacket="+100970424530.0ns" timeLastTxPacket="+199962826429.0ns" timeLastRxPacket="+199986642825.0ns" delaySum="+1676942210.0ns" jitterSum="+1308597811.0ns" lastDelay="+23816396.0ns" txBytes="36524" rxBytes="24840" txPackets="397" rxPackets="270" lostPackets="106" timesForwarded="78">
      <delayHistogram nBins="123" >
        <bin index="0" start="0" width="0.001" count="135" />
        <bin index="1" start="0.001" width="0.001" count="49" />
        <bin index="2" start="0.002" width="0.001" count="6" />
        <bin index="3" start="0.003" width="0.001" count="5" />
        <bin index="4" start="0.004" width="0.001" count="4" />
        <bin index="5" start="0.005" width="0.001" count="4" />
        <bin index="6" start="0.006" width="0.001" count="3" />
        <bin index="7" start="0.007" width="0.001" count="1" />
        <bin index="9" start="0.009" width="0.001" count="1" />
        <bin index="10" start="0.01" width="0.001" count="2" />
        <bin index="11" start="0.011" width="0.001" count="4" />
        <bin index="12" start="0.012" width="0.001" count="3" />
        <bin index="13" start="0.013" width="0.001" count="1" />
        <bin index="14" start="0.014" width="0.001" count="3" />
        <bin index="15" start="0.015" width="0.001" count="3" />
        <bin index="16" start="0.016" width="0.001" count="8" />
        <bin index="17" start="0.017" width="0.001" count="3" />
        <bin index="18" start="0.018" width="0.001" count="2" />
        <bin index="19" start="0.019" width="0.001" count="2" />
        <bin index="20" start="0.02" width="0.001" count="2" />
        <bin index="21" start="0.021" width="0.001" count="2" />
        <bin index="22" start="0.022" width="0.001" count="2" />
        <bin index="23" start="0.023" width="0.001" count="1" />
        <bin index="24" start="0.024" width="0.001" count="1" />
        <bin index="25" start="0.025" width="0.001" count="2" />
        <bin index="26" start="0.026" width="0.001" count="6" />
        <bin index="27" start="0.027" width="0.001" count="4" />
        <bin index="28" start="0.028" width="0.001" count="1" />
        <bin index="30" start="0.03" width="0.001" count="2" />
        <bin index="32" start="0.032" width="0.001" count="1" />
        <bin index="33" start="0.033" width="0.001" count="1" />
        <bin index="34" start="0.034" width="0.001" count="1" />
        <bin index="36" start="0.036" width="0.001" count="1" />
        <bin index="40" start="0.04" width="0.001" count="1" />
        <bin index="46" start="0.046" width="0.001" count="1" />
        <bin index="49" start="0.049" width="0.001" count="1" />
        <bin index="122" start="0.122" width="0.001" count="1" />
      </delayHistogram>
      <jitterHistogram nBins="121" >
        <bin index="0" start="0" width="0.001" count="171" />
        <bin index="1" start="0.001" width="0.001" count="11" />
        <bin index="2" start="0.002" width="0.001" count="8" />
        <bin index="3" start="0.003" width="0.001" count="12" />
        <bin index="4" start="0.004" width="0.001" count="10" />
        <bin index="5" start="0.005" width="0.001" count="1" />
        <bin index="6" start="0.006" width="0.001" count="3" />
        <bin index="7" start="0.007" width="0.001" count="1" />
        <bin index="9" start="0.009" width="0.001" count="2" />
        <bin index="10" start="0.01" width="0.001" count="10" />
        <bin index="11" start="0.011" width="0.001" count="2" />
        <bin index="12" start="0.012" width="0.001" count="3" />
        <bin index="13" start="0.013" width="0.001" count="5" />
        <bin index="14" start="0.014" width="0.001" count="1" />
        <bin index="15" start="0.015" width="0.001" count="3" />
        <bin index="16" start="0.016" width="0.001" count="3" />
        <bin index="17" start="0.017" width="0.001" count="3" />
        <bin index="20" start="0.02" width="0.001" count="4" />
        <bin index="22" start="0.022" width="0.001" count="1" />
        <bin index="23" start="0.023" width="0.001" count="1" />
        <bin index="24" start="0.024" width="0.001" count="3" />
        <bin index="25" start="0.025" width="0.001" count="1" />
        <bin index="26" start="0.026" width="0.001" count="2" />
        <bin index="27" start="0.027" width="0.001" count="1" />
        <bin index="29" start="0.029" width="0.001" count="1" />
        <bin index="30" start="0.03" width="0.001" count="1" />
        <bin index="31" start="0.031" width="0.001" count="1" />
        <bin index="35" start="0.035" width="0.001" count="1" />
        <bin index="46" start="0.046" width="0.001" count="1" />
        <bin index="111" start="0.111" width="0.001" count="1" />
        <bin index="120" start="0.12" width="0.001" count="1" />
      </jitterHistogram>
      <packetSizeHistogram nBins="5" >
        <bin index="4" start="80" width="20" count="270" />
      </packetSizeHistogram>
      <flowInterruptionsHistogram nBins="41" >
        <bin index="2" start="0.5" width="0.25" count="3" />
        <bin index="5" start="1.25" width="0.25" count="1" />
        <bin index="39" start="9.75" width="0.25" count="1" />
        <bin index="40" start="10" width="0.25" count="2" />
      </flowInterruptionsHistogram>
    </Flow>
    <Flow flowId="9" timeFirstTxPacket="+101119338913.0ns" timeFirstRxPacket="+102379579943.0ns" timeLastTxPacket="+199869338913.0ns" timeLastRxPacket="+199870215651.0ns" delaySum="+857417903.0ns" jitterSum="+1073410918.0ns" lastDelay="+876738.0ns" txBytes="36432" rxBytes="19688" txPackets="396" rxPackets="214" lostPackets="162" timesForwarded="134">
      <delayHistogram nBins="120" >
        <bin index="0" start="0" width="0.001" count="114" />
        <bin index="1" start="0.001" width="0.001" count="54" />
        <bin index="2" start="0.002" width="0.001" count="10" />
        <bin index="3" start="0.003" width="0.001" count="4" />
        <bin index="4" start="0.004" width="0.001" count="4" />
        <bin index="5" start="0.005" width="0.001" count="5" />
        <bin index="6" start="0.006" width="0.001" count="2" />
        <bin index="7" start="0.007" width="0.001" count="1" />
        <bin index="10" start="0.01" width="0.001" count="2" />
        <bin index="12" start="0.012" width="0.001" count="1" />
        <bin index="13" start="0.013" width="0.001" count="3" />
        <bin index="14" start="0.014" width="0.001" count="1" />
        <bin index="16" start="0.016" width="0.001" count="1" />
        <bin index="17" start="0.017" width="0.001" count="1" />
        <bin index="19" start="0.019" width="0.001" count="1" />
        <bin index="20" start="0.02" width="0.001" count="2" />
        <bin index="25" start="0.025" width="0.001" count="1" />
        <bin index="26" start="0.026" width="0.001" count="1" />
        <bin index="30" start="0.03" width="0.001" count="1" />
        <bin index="34" start="0.034" width="0.001" count="1" />
        <bin index="35" start="0.035" width="0.001" count="1" />
        <bin index="61" start="0.061" width="0.001" count="1" />
        <bin index="118" start="0.118" width="0.001" count="1" />
        <bin index="119" start="0.119" width="0.001" count="1" />
      </delayHistogram>
      <jitterHistogram nBins="119" >
        <bin index="0" start="0" width="0.001" count="153" />
        <bin index="1" start="0.001" width="0.001" count="18" />
        <bin index="2" start="0.002" width="0.001" count="3" />
        <bin index="3" start="0.003" width="0.001" count="4" />
        <bin index="4" start="0.004" width="0.001" count="3" />
        <bin index="5" start="0.005" width="0.001" count="1" />
        <bin index="6" start="0.006" width="0.001" count="1" />
        <bin index="7" start="0.007" width="0.001" count="1" />
        <bin index="9" start="0.009" width="0.001" count="1" />
        <bin index="10" start="0.01" width="0.001" count="2" />
        <bin index="11" start="0.011" width="0.001" count="2" />
        <bin index="12" start="0.012" width="0.001" count="1" />
        <bin index="13" start="0.013" width="0.001" count="3" />
        <bin index="14" start="0.014" width="0.001" count="1" />
        <bin index="15" start="0.015" width="0.001" count="1" />
        <bin index="17" start="0.017" width="0.001" count="1" />
        <bin index="18" start="0.018" width="0.001" count="3" />
        <bin index="19" start="0.019" width="0.001" count="2" />
        <bin index="20" start="0.02" width="0.001" count="1" />
        <bin index="22" start="0.022" width="0.001" count="1" />
        <bin index="24" start="0.024" width="0.001" count="1" />
        <bin index="29" start="0.029" width="0.001" count="1" />
        <bin index="31" start="0.031" width="0.001" count="1" />
        <bin index="33" start="0.033" width="0.001" count="1" />
        <bin index="58" start="0.058" width="0.001" count="1" />
        <bin index="60" start="0.06" width="0.001" count="1" />
        <bin index="93" start="0.093" width="0.001" count="1" />
        <bin index="113" start="0.113" width="0.001" count="1" />
        <bin index="116" start="0.116" width="0.001" count="1" />
        <bin index="118" start="0.118" width="0.001" count="1" />
      </jitterHistogram>
      <packetSizeHistogram nBins="5" >
        <bin index="4" start="80" width="20" count="214" />
      </packetSizeHistogram>
      <flowInterruptionsHistogram nBins="97" >
        <bin index="2" start="0.5" width="0.25" count="4" />
        <bin index="3" start="0.75" width="0.25" count="3" />
        <bin index="4" start="1" width="0.25" count="2" />
        <bin index="19" start="4.75" width="0.25" count="1" />
        <bin index="44" start="11" width="0.25" count="1" />
        <bin index="96" start="24" width="0.25" count="1" />
      </flowInterruptionsHistogram>
    </Flow>
    <Flow flowId="10" timeFirstTxPacket="+101247176269.0ns" timeFirstRxPacket="+101257969820.0ns" timeLastTxPacket="+199997176269.0ns" timeLastRxPacket="+199998272883.0ns" delaySum="+523051926.0ns" jitterSum="+508726435.0ns" lastDelay="+1096614.0ns" txBytes="36432" rxBytes="29992" txPackets="396" rxPackets="326" lostPackets="66" timesForwarded="89">
      <delayHistogram nBins="46" >
        <bin index="0" start="0" width="0.001" count="236" />
        <bin index="1" start="0.001" width="0.001" count="61" />
        <bin index="2" start="0.002" width="0.001" count="8" />
        <bin index="3" start="0.003" width="0.001" count="1" />
        <bin index="4" start="0.004" width="0.001" count="2" />
        <bin index="5" start="0.005" width="0.001" count="2" />
        <bin index="6" start="0.006" width="0.001" count="2" />
        <bin index="9" start="0.009" width="0.001" count="1" />
        <bin index="10" start="0.01" width="0.001" count="2" />
        <bin index="13" start="0.013" width="0.001" count="2" />
        <bin index="14" start="0.014" width="0.001" count="2" />
        <bin index="15" start="0.015" width="0.001" count="1" />
        <bin index="16" start="0.016" width="0.001" count="1" />
        <bin index="26" start="0.026" width="0.001" count="1" />
        <bin index="31" start="0.031" width="0.001" count="1" />
        <bin index="41" start="0.041" width="0.001" count="1" />
        <bin index="44" start="0.044" width="0.001" count="1" />
        <bin index="45" start="0.045" width="0.001" count="1" />
      </delayHistogram>
      <jitterHistogram nBins="40" >
        <bin index="0" start="0" width="0.001" count="282" />
        <bin index="1" start="0.001" width="0.001" count="10" />
        <bin index="2" start="0.002" width="0.001" count="5" />
        <bin index="3" start="0.003" width="0.001" count="3" />
        <bin index="4" start="0.004" width="0.001" count="1" />
        <bin index="5" start="0.005" width="0.001" count="2" />
        <bin index="7" start="0.007" width="0.001" count="1" />
        <bin index="8" start="0.008" width="0.001" count="1" />
        <bin index="9" start="0.009" width="0.001" count="3" />
        <bin index="10" start="0.01" width="0.001" count="2" />
        <bin index="12" start="0.012" width="0.001" count="2" />
        <bin index="14" start="0.014" width="0.001" count="1" />
        <bin index="15" start="0.015" width="0.001" count="2" />
        <bin index="16" start="0.016" width="0.001" count="2" />
        <bin index="25" start="0.025" width="0.001" count="1" />
        <bin index="27" start="0.027" width="0.001" count="1" />
        <bin index="29" start="0.029" width="0.001" count="1" />
        <bin index="30" start="0.03" width="0.001" count="1" />
        <bin index="31" start="0.031" width="0.001" count="1" />
        <bin index="38" start="0.038" width="0.001" count="2" />
        <bin index="39" start="0.039" width="0.001" count="1" />
      </jitterHistogram>
      <packetSizeHistogram nBins="5" >
        <bin index="4" start="80" width="20" count="326" />
      </packetSizeHistogram>
      <flowInterruptionsHistogram nBins="44" >
        <bin index="2" start="0.5" width="0.25" count="3" />
        <bin index="4" start="1" width="0.25" count="2" />
        <bin index="5" start="1.25" width="0.25" count="1" />
        <bin index="12" start="3" width="0.25" count="1" />
        <bin index="43" start="10.75" width="0.25" count="1" />
      </flowInterruptionsHistogram>
    </Flow>
  </FlowStats>
  <Ipv4FlowClassifier>
    <Flow flowId="2" sourceAddress="10.1.1.11" destinationAddress="10.1.1.1" protocol="17" sourcePort="49153" destinationPort="9">
      <Dscp value="0x0" packets="399" />
    </Flow>
    <Flow flowId="5" sourceAddress="10.1.1.12" destinationAddress="10.1.1.2" protocol="17" sourcePort="49153" destinationPort="9">
      <Dscp value="0x0" packets="399" />
    </Flow>
    <Flow flowId="4" sourceAddress="10.1.1.13" destinationAddress="10.1.1.3" protocol="17" sourcePort="49153" destinationPort="9">
      <Dscp value="0x0" packets="399" />
    </Flow>
    <Flow flowId="3" sourceAddress="10.1.1.14" destinationAddress="10.1.1.4" protocol="17" sourcePort="49153" destinationPort="9">
      <Dscp value="0x0" packets="399" />
    </Flow>
    <Flow flowId="7" sourceAddress="10.1.1.15" destinationAddress="10.1.1.5" protocol="17" sourcePort="49153" destinationPort="9">
      <Dscp value="0x0" packets="397" />
    </Flow>
    <Flow flowId="8" sourceAddress="10.1.1.16" destinationAddress="10.1.1.6" protocol="17" sourcePort="49153" destinationPort="9">
      <Dscp value="0x0" packets="397" />
    </Flow>
    <Flow flowId="6" sourceAddress="10.1.1.17" destinationAddress="10.1.1.7" protocol="17" sourcePort="49153" destinationPort="9">
      <Dscp value="0x0" packets="398" />
    </Flow>
    <Flow flowId="1" sourceAddress="10.1.1.18" destinationAddress="10.1.1.8" protocol="17" sourcePort="49153" destinationPort="9">
      <Dscp value="0x0" packets="399" />
    </Flow>
    <Flow flowId="9" sourceAddress="10.1.1.19" destinationAddress="10.1.1.9" protocol="17" sourcePort="49153" destinationPort="9">
      <Dscp value="0x0" packets="396" />
    </Flow>
    <Flow flowId="10" sourceAddress="10.1.1.20" destinationAddress="10.1.1.10" protocol="17" sourcePort="49153" destinationPort="9">
      <Dscp value="0x0" packets="396" />
    </Flow>
  </Ipv4FlowClassifier>
  <Ipv6FlowClassifier>
  </Ipv6FlowClassifier>
  <FlowProbes>
    <FlowProbe index="0">
      <FlowStats  flowId="2" packets="265" bytes="24380" delayFromFirstProbeSum="+5877755684.0ns" >
      </FlowStats>
    </FlowProbe>
    <FlowProbe index="1">
    </FlowProbe>
    <FlowProbe index="2">
      <FlowStats  flowId="1" packets="60" bytes="5520" delayFromFirstProbeSum="+117392915.0ns" >
      </FlowStats>
      <FlowStats  flowId="5" packets="48" bytes="4416" delayFromFirstProbeSum="+1991850950.0ns" >
      </FlowStats>
      <FlowStats  flowId="6" packets="58" bytes="5336" delayFromFirstProbeSum="+140175344.0ns" >
      </FlowStats>
      <FlowStats  flowId="7" packets="29" bytes="2668" delayFromFirstProbeSum="+2335562498.0ns" >
      </FlowStats>
      <FlowStats  flowId="8" packets="60" bytes="5520" delayFromFirstProbeSum="+37997427.0ns" >
      </FlowStats>
      <FlowStats  flowId="9" packets="79" bytes="7268" delayFromFirstProbeSum="+34814660.0ns" >
      </FlowStats>
    </FlowProbe>
    <FlowProbe index="3">
    </FlowProbe>
    <FlowProbe index="4">
      <FlowStats  flowId="4" packets="348" bytes="32016" delayFromFirstProbeSum="+295437106.0ns" >
      </FlowStats>
    </FlowProbe>
    <FlowProbe index="5">
    </FlowProbe>
    <FlowProbe index="6">
      <FlowStats  flowId="3" packets="60" bytes="5520" delayFromFirstProbeSum="+120048621.0ns" >
      </FlowStats>
    </FlowProbe>
    <FlowProbe index="7">
    </FlowProbe>
    <FlowProbe index="8">
      <FlowStats  flowId="3" packets="60" bytes="5520" delayFromFirstProbeSum="+38710329.0ns" >
      </FlowStats>
      <FlowStats  flowId="7" packets="99" bytes="9108" delayFromFirstProbeSum="+7059848110.0ns" >
      </FlowStats>
    </FlowProbe>
    <FlowProbe index="9">
    </FlowProbe>
    <FlowProbe index="10">
      <FlowStats  flowId="1" packets="60" bytes="5520" delayFromFirstProbeSum="+26063992.0ns" >
      </FlowStats>
      <FlowStats  flowId="6" packets="60" bytes="5520" delayFromFirstProbeSum="+23932150.0ns" >
      </FlowStats>
      <FlowStats  flowId="7" packets="120" bytes="11040" delayFromFirstProbeSum="+127580378.0ns" >
      </FlowStats>
      <FlowStats  flowId="8" packets="270" bytes="24840" delayFromFirstProbeSum="+1676942210.0ns" >
      </FlowStats>
    </FlowProbe>
    <FlowProbe index="11">
    </FlowProbe>
    <FlowProbe index="12">
      <FlowStats  flowId="4" packets="19" bytes="1748" delayFromFirstProbeSum="+17042576.0ns" >
      </FlowStats>
      <FlowStats  flowId="6" packets="265" bytes="24380" delayFromFirstProbeSum="+3996411763.0ns" >
      </FlowStats>
      <FlowStats  flowId="7" packets="63" bytes="5796" delayFromFirstProbeSum="+4249908803.0ns" >
      </FlowStats>
      <FlowStats  flowId="9" packets="20" bytes="1840" delayFromFirstProbeSum="+114202491.0ns" >
      </FlowStats>
      <FlowStats  flowId="10" packets="9" bytes="828" delayFromFirstProbeSum="+128727444.0ns" >
      </FlowStats>
    </FlowProbe>
    <FlowProbe index="13">
    </FlowProbe>
    <FlowProbe index="14">
      <FlowStats  flowId="1" packets="395" bytes="36340" delayFromFirstProbeSum="+5634715921.0ns" >
      </FlowStats>
    </FlowProbe>
    <FlowProbe index="15">
    </FlowProbe>
    <FlowProbe index="16">
      <FlowStats  flowId="1" packets="80" bytes="7360" delayFromFirstProbeSum="+33225542.0ns" >
      </FlowStats>
      <FlowStats  flowId="9" packets="214" bytes="19688" delayFromFirstProbeSum="+857417903.0ns" >
      </FlowStats>
      <FlowStats  flowId="10" packets="60" bytes="5520" delayFromFirstProbeSum="+24557592.0ns" >
      </FlowStats>
    </FlowProbe>
    <FlowProbe index="17">
    </FlowProbe>
    <FlowProbe index="18">
      <FlowStats  flowId="2" packets="10" bytes="920" delayFromFirstProbeSum="+5687077964.0ns" >
      </FlowStats>
      <FlowStats  flowId="7" packets="48" bytes="4416" delayFromFirstProbeSum="+103354147.0ns" >
      </FlowStats>
      <FlowStats  flowId="9" packets="16" bytes="1472" delayFromFirstProbeSum="+7542535.0ns" >
      </FlowStats>
      <FlowStats  flowId="10" packets="326" bytes="29992" delayFromFirstProbeSum="+523051926.0ns" >
      </FlowStats>
    </FlowProbe>
    <FlowProbe index="19">
    </FlowProbe>
    <FlowProbe index="20">
      <FlowStats  flowId="2" packets="399" bytes="36708" delayFromFirstProbeSum="+0.0ns" >
      </FlowStats>
      <FlowStats  flowId="5" packets="30" bytes="2760" delayFromFirstProbeSum="+93555038.0ns" >
      </FlowStats>
    </FlowProbe>
    <FlowProbe index="21">
    </FlowProbe>
    <FlowProbe index="22">
      <FlowStats  flowId="5" packets="399" bytes="36708" delayFromFirstProbeSum="+0.0ns" >
      </FlowStats>
      <FlowStats  flowId="8" packets="60" bytes="5520" delayFromFirstProbeSum="+27161624.0ns" >
      </FlowStats>
    </FlowProbe>
    <FlowProbe index="23">
    </FlowProbe>
    <FlowProbe index="24">
      <FlowStats  flowId="4" packets="399" bytes="36708" delayFromFirstProbeSum="+0.0ns" >
      </FlowStats>
      <FlowStats  flowId="7" packets="29" bytes="2668" delayFromFirstProbeSum="+2378853919.0ns" >
      </FlowStats>
      <FlowStats  flowId="10" packets="20" bytes="1840" delayFromFirstProbeSum="+19004835.0ns" >
      </FlowStats>
    </FlowProbe>
    <FlowProbe index="25">
    </FlowProbe>
    <FlowProbe index="26">
      <FlowStats  flowId="3" packets="399" bytes="36708" delayFromFirstProbeSum="+0.0ns" >
      </FlowStats>
      <FlowStats  flowId="9" packets="59" bytes="5428" delayFromFirstProbeSum="+72168011.0ns" >
      </FlowStats>
    </FlowProbe>
    <FlowProbe index="27">
    </FlowProbe>
    <FlowProbe index="28">
      <FlowStats  flowId="1" packets="140" bytes="12880" delayFromFirstProbeSum="+233941030.0ns" >
      </FlowStats>
      <FlowStats  flowId="5" packets="19" bytes="1748" delayFromFirstProbeSum="+10819736.0ns" >
      </FlowStats>
      <FlowStats  flowId="6" packets="38" bytes="3496" delayFromFirstProbeSum="+38848048.0ns" >
      </FlowStats>
      <FlowStats  flowId="7" packets="397" bytes="36524" delayFromFirstProbeSum="+0.0ns" >
      </FlowStats>
      <FlowStats  flowId="9" packets="60" bytes="5520" delayFromFirstProbeSum="+34763519.0ns" >
      </FlowStats>
    </FlowProbe>
    <FlowProbe index="29">
    </FlowProbe>
    <FlowProbe index="30">
      <FlowStats  flowId="5" packets="78" bytes="7176" delayFromFirstProbeSum="+2310365309.0ns" >
      </FlowStats>
      <FlowStats  flowId="6" packets="51" bytes="4692" delayFromFirstProbeSum="+2585455844.0ns" >
      </FlowStats>
      <FlowStats  flowId="7" packets="60" bytes="5520" delayFromFirstProbeSum="+21127388.0ns" >
      </FlowStats>
      <FlowStats  flowId="8" packets="397" bytes="36524" delayFromFirstProbeSum="+0.0ns" >
      </FlowStats>
    </FlowProbe>
    <FlowProbe index="31">
    </FlowProbe>
    <FlowProbe index="32">
      <FlowStats  flowId="1" packets="58" bytes="5336" delayFromFirstProbeSum="+2378315850.0ns" >
      </FlowStats>
      <FlowStats  flowId="6" packets="398" bytes="36616" delayFromFirstProbeSum="+0.0ns" >
      </FlowStats>
      <FlowStats  flowId="9" packets="60" bytes="5520" delayFromFirstProbeSum="+40045995.0ns" >
      </FlowStats>
    </FlowProbe>
    <FlowProbe index="33">
    </FlowProbe>
    <FlowProbe index="34">
      <FlowStats  flowId="1" packets="399" bytes="36708" delayFromFirstProbeSum="+0.0ns" >
      </FlowStats>
      <FlowStats  flowId="9" packets="60" bytes="5520" delayFromFirstProbeSum="+30320858.0ns" >
      </FlowStats>
    </FlowProbe>
    <FlowProbe index="35">
    </FlowProbe>
    <FlowProbe index="36">
      <FlowStats  flowId="1" packets="60" bytes="5520" delayFromFirstProbeSum="+31349572.0ns" >
      </FlowStats>
      <FlowStats  flowId="2" packets="1" bytes="92" delayFromFirstProbeSum="+287228.0ns" >
      </FlowStats>
      <FlowStats  flowId="5" packets="30" bytes="2760" delayFromFirstProbeSum="+131821936.0ns" >
      </FlowStats>
      <FlowStats  flowId="6" packets="16" bytes="1472" delayFromFirstProbeSum="+976349934.0ns" >
      </FlowStats>
      <FlowStats  flowId="7" packets="17" bytes="1564" delayFromFirstProbeSum="+1776864597.0ns" >
      </FlowStats>
      <FlowStats  flowId="9" packets="396" bytes="36432" delayFromFirstProbeSum="+0.0ns" >
      </FlowStats>
    </FlowProbe>
    <FlowProbe index="37">
    </FlowProbe>
    <FlowProbe index="38">
      <FlowStats  flowId="10" packets="396" bytes="36432" delayFromFirstProbeSum="+0.0ns" >
      </FlowStats>
    </FlowProbe>
    <FlowProbe index="39">
    </FlowProbe>
  </FlowProbes>
</FlowMonitor>
