<?xml version="1.0" ?>
<FlowMonitor>
  <FlowStats>
    <Flow flowId="1" timeFirstTxPacket="+100345527457.0ns" timeFirstRxPacket="+100348010202.0ns" timeLastTxPacket="+199845527457.0ns" timeLastRxPacket="+199845813939.0ns" delaySum="+2670250460.0ns" jitterSum="+3883726405.0ns" lastDelay="+286482.0ns" txBytes="36708" rxBytes="36616" txPackets="399" rxPackets="398" lostPackets="1" timesForwarded="0">
      <delayHistogram nBins="436" >
        <bin index="0" start="0" width="0.001" count="384" />
        <bin index="2" start="0.002" width="0.001" count="1" />
        <bin index="4" start="0.004" width="0.001" count="1" />
        <bin index="11" start="0.011" width="0.001" count="1" />
        <bin index="18" start="0.018" width="0.001" count="1" />
        <bin index="140" start="0.14" width="0.001" count="1" />
        <bin index="145" start="0.145" width="0.001" count="1" />
        <bin index="159" start="0.159" width="0.001" count="1" />
        <bin index="205" start="0.205" width="0.001" count="1" />
        <bin index="212" start="0.212" width="0.001" count="1" />
        <bin index="226" start="0.226" width="0.001" count="1" />
        <bin index="243" start="0.243" width="0.001" count="1" />
        <bin index="343" start="0.343" width="0.001" count="1" />
        <bin index="410" start="0.41" width="0.001" count="1" />
        <bin index="435" start="0.435" width="0.001" count="1" />
      </delayHistogram>
      <jitterHistogram nBins="436" >
        <bin index="0" start="0" width="0.001" count="376" />
        <bin index="2" start="0.002" width="0.001" count="1" />
        <bin index="4" start="0.004" width="0.001" count="1" />
        <bin index="11" start="0.011" width="0.001" count="1" />
        <bin index="18" start="0.018" width="0.001" count="1" />
        <bin index="133" start="0.133" width="0.001" count="1" />
        <bin index="140" start="0.14" width="0.001" count="2" />
        <bin index="144" start="0.144" width="0.001" count="1" />
        <bin index="159" start="0.159" width="0.001" count="1" />
        <bin index="197" start="0.197" width="0.001" count="1" />
        <bin index="203" start="0.203" width="0.001" count="1" />
        <bin index="205" start="0.205" width="0.001" count="2" />
        <bin index="209" start="0.209" width="0.001" count="1" />
        <bin index="212" start="0.212" width="0.001" count="1" />
        <bin index="225" start="0.225" width="0.001" count="1" />
        <bin index="238" start="0.238" width="0.001" count="1" />
        <bin index="243" start="0.243" width="0.001" count="1" />
        <bin index="343" start="0.343" width="0.001" count="1" />
        <bin index="409" start="0.409" width="0.001" count="1" />
        <bin index="435" start="0.435" width="0.001" count="1" />
      </jitterHistogram>
      <packetSizeHistogram nBins="5" >
        <bin index="4" start="80" width="20" count="398" />
      </packetSizeHistogram>
      <flowInterruptionsHistogram nBins="3" >
        <bin index="2" start="0.5" width="0.25" count="4" />
      </flowInterruptionsHistogram>
    </Flow>
    <Flow flowId="2" timeFirstTxPacket="+100529588904.0ns" timeFirstRxPacket="+100539752528.0ns" timeLastTxPacket="+199779588904.0ns" timeLastRxPacket="+199779875597.0ns" delaySum="+1593396600.0ns" jitterSum="+2865776831.0ns" lastDelay="+286693.0ns" txBytes="36616" rxBytes="36616" txPackets="398" rxPackets="398" lostPackets="0" timesForwarded="0">
      <delayHistogram nBins="249" >
        <bin index="0" start="0" width="0.001" count="386" />
        <bin index="1" start="0.001" width="0.001" count="1" />
        <bin index="4" start="0.004" width="0.001" count="1" />
        <bin index="6" start="0.006" width="0.001" count="1" />
        <bin index="10" start="0.01" width="0.001" count="1" />
        <bin index="29" start="0.029" width="0.001" count="1" />
        <bin index="172" start="0.172" width="0.001" count="1" />
        <bin index="176" start="0.176" width="0.001" count="1" />
        <bin index="190" start="0.19" width="0.001" count="1" />
        <bin index="197" start="0.197" width="0.001" count="1" />
        <bin index="206" start="0.206" width="0.001" count="1" />
        <bin index="237" start="0.237" width="0.001" count="1" />
        <bin index="248" start="0.248" width="0.001" count="1" />
      </delayHistogram>
      <jitterHistogram nBins="248" >
        <bin index="0" start="0" width="0.001" count="378" />
        <bin index="1" start="0.001" width="0.001" count="1" />
        <bin index="4" start="0.004" width="0.001" count="1" />
        <bin index="6" start="0.006" width="0.001" count="1" />
        <bin index="9" start="0.009" width="0.001" count="1" />
        <bin index="28" start="0.028" width="0.001" count="1" />
        <bin index="161" start="0.161" width="0.001" count="1" />
        <bin index="172" start="0.172" width="0.001" count="2" />
        <bin index="175" start="0.175" width="0.001" count="1" />
        <bin index="176" start="0.176" width="0.001" count="1" />
        <bin index="190" start="0.19" width="0.001" count="1" />
        <bin index="192" start="0.192" width="0.001" count="1" />
        <bin index="197" start="0.197" width="0.001" count="1" />
        <bin index="205" start="0.205" width="0.001" count="2" />
        <bin index="237" start="0.237" width="0.001" count="2" />
        <bin index="241" start="0.241" width="0.001" count="1" />
        <bin index="247" start="0.247" width="0.001" count="1" />
      </jitterHistogram>
      <packetSizeHistogram nBins="5" >
        <bin index="4" start="80" width="20" count="398" />
      </packetSizeHistogram>
      <flowInterruptionsHistogram nBins="0" >
      </flowInterruptionsHistogram>
    </Flow>
    <Flow flowId="3" timeFirstTxPacket="+100547508704.0ns" timeFirstRxPacket="+100558609748.0ns" timeLastTxPacket="+199797508704.0ns" timeLastRxPacket="+199797796219.0ns" delaySum="+2220948384.0ns" jitterSum="+4176657423.0ns" lastDelay="+287515.0ns" txBytes="36616" rxBytes="36616" txPackets="398" rxPackets="398" lostPackets="0" timesForwarded="1">
      <delayHistogram nBins="1010" >
        <bin index="0" start="0" width="0.001" count="386" />
        <bin index="1" start="0.001" width="0.001" count="1" />
        <bin index="2" start="0.002" width="0.001" count="1" />
        <bin index="8" start="0.008" width="0.001" count="1" />
        <bin index="11" start="0.011" width="0.001" count="1" />
        <bin index="18" start="0.018" width="0.001" count="1" />
        <bin index="118" start="0.118" width="0.001" count="1" />
        <bin index="158" start="0.158" width="0.001" count="1" />
        <bin index="168" start="0.168" width="0.001" count="1" />
        <bin index="194" start="0.194" width="0.001" count="1" />
        <bin index="201" start="0.201" width="0.001" count="1" />
        <bin index="216" start="0.216" width="0.001" count="1" />
        <bin index="1009" start="1.009" width="0.001" count="1" />
      </delayHistogram>
      <jitterHistogram nBins="1010" >
        <bin index="0" start="0" width="0.001" count="377" />
        <bin index="1" start="0.001" width="0.001" count="1" />
        <bin index="2" start="0.002" width="0.001" count="1" />
        <bin index="8" start="0.008" width="0.001" count="1" />
        <bin index="10" start="0.01" width="0.001" count="1" />
        <bin index="17" start="0.017" width="0.001" count="2" />
        <bin index="117" start="0.117" width="0.001" count="2" />
        <bin index="149" start="0.149" width="0.001" count="1" />
        <bin index="158" start="0.158" width="0.001" count="1" />
        <bin index="168" start="0.168" width="0.001" count="2" />
        <bin index="191" start="0.191" width="0.001" count="1" />
        <bin index="192" start="0.192" width="0.001" count="1" />
        <bin index="200" start="0.2" width="0.001" count="2" />
        <bin index="216" start="0.216" width="0.001" count="2" />
        <bin index="1009" start="1.009" width="0.001" count="2" />
      </jitterHistogram>
      <packetSizeHistogram nBins="5" >
        <bin index="4" start="80" width="20" count="398" />
      </packetSizeHistogram>
      <flowInterruptionsHistogram nBins="3" >
        <bin index="2" start="0.5" width="0.25" count="1" />
      </flowInterruptionsHistogram>
    </Flow>
    <Flow flowId="4" timeFirstTxPacket="+100579044915.0ns" timeFirstRxPacket="+100588327441.0ns" timeLastTxPacket="+199829044915.0ns" timeLastRxPacket="+199829333279.0ns" delaySum="+2509531002.0ns" jitterSum="+3568587768.0ns" lastDelay="+288364.0ns" txBytes="36616" rxBytes="36616" txPackets="398" rxPackets="398" lostPackets="0" timesForwarded="0">
      <delayHistogram nBins="418" >
        <bin index="0" start="0" width="0.001" count="383" />
        <bin index="2" start="0.002" width="0.001" count="1" />
        <bin index="6" start="0.006" width="0.001" count="1" />
        <bin index="9" start="0.009" width="0.001" count="1" />
        <bin index="15" start="0.015" width="0.001" count="1" />
        <bin index="19" start="0.019" width="0.001" count="1" />
        <bin index="132" start="0.132" width="0.001" count="1" />
        <bin index="152" start="0.152" width="0.001" count="1" />
        <bin index="163" start="0.163" width="0.001" count="1" />
        <bin index="189" start="0.189" width="0.001" count="1" />
        <bin index="204" start="0.204" width="0.001" count="1" />
        <bin index="221" start="0.221" width="0.001" count="1" />
        <bin index="249" start="0.249" width="0.001" count="1" />
        <bin index="300" start="0.3" width="0.001" count="1" />
        <bin index="314" start="0.314" width="0.001" count="1" />
        <bin index="417" start="0.417" width="0.001" count="1" />
      </delayHistogram>
      <jitterHistogram nBins="418" >
        <bin index="0" start="0" width="0.001" count="375" />
        <bin index="2" start="0.002" width="0.001" count="1" />
        <bin index="6" start="0.006" width="0.001" count="1" />
        <bin index="8" start="0.008" width="0.001" count="1" />
        <bin index="15" start="0.015" width="0.001" count="1" />
        <bin index="18" start="0.018" width="0.001" count="1" />
        <bin index="125" start="0.125" width="0.001" count="1" />
        <bin index="131" start="0.131" width="0.001" count="2" />
        <bin index="147" start="0.147" width="0.001" count="1" />
        <bin index="152" start="0.152" width="0.001" count="1" />
        <bin index="161" start="0.161" width="0.001" count="1" />
        <bin index="163" start="0.163" width="0.001" count="1" />
        <bin index="184" start="0.184" width="0.001" count="1" />
        <bin index="188" start="0.188" width="0.001" count="1" />
        <bin index="189" start="0.189" width="0.001" count="1" />
        <bin index="195" start="0.195" width="0.001" count="1" />
        <bin index="221" start="0.221" width="0.001" count="1" />
        <bin index="243" start="0.243" width="0.001" count="1" />
        <bin index="249" start="0.249" width="0.001" count="1" />
        <bin index="299" start="0.299" width="0.001" count="1" />
        <bin index="314" start="0.314" width="0.001" count="1" />
        <bin index="417" start="0.417" width="0.001" count="1" />
      </jitterHistogram>
      <packetSizeHistogram nBins="5" >
        <bin index="4" start="80" width="20" count="398" />
      </packetSizeHistogram>
      <flowInterruptionsHistogram nBins="3" >
        <bin index="2" start="0.5" width="0.25" count="3" />
      </flowInterruptionsHistogram>
    </Flow>
    <Flow flowId="5" timeFirstTxPacket="+100584054896.0ns" timeFirstRxPacket="+100593553411.0ns" timeLastTxPacket="+199834054896.0ns" timeLastRxPacket="+199834342266.0ns" delaySum="+2113919515.0ns" jitterSum="+2858591039.0ns" lastDelay="+287370.0ns" txBytes="36616" rxBytes="36616" txPackets="398" rxPackets="398" lostPackets="0" timesForwarded="0">
      <delayHistogram nBins="461" >
        <bin index="0" start="0" width="0.001" count="384" />
        <bin index="9" start="0.009" width="0.001" count="1" />
        <bin index="11" start="0.011" width="0.001" count="1" />
        <bin index="28" start="0.028" width="0.001" count="1" />
        <bin index="33" start="0.033" width="0.001" count="1" />
        <bin index="46" start="0.046" width="0.001" count="1" />
        <bin index="114" start="0.114" width="0.001" count="1" />
        <bin index="124" start="0.124" width="0.001" count="1" />
        <bin index="136" start="0.136" width="0.001" count="1" />
        <bin index="156" start="0.156" width="0.001" count="1" />
        <bin index="177" start="0.177" width="0.001" count="1" />
        <bin index="178" start="0.178" width="0.001" count="1" />
        <bin index="234" start="0.234" width="0.001" count="1" />
        <bin index="291" start="0.291" width="0.001" count="1" />
        <bin index="460" start="0.46" width="0.001" count="1" />
      </delayHistogram>
      <jitterHistogram nBins="461" >
        <bin index="0" start="0" width="0.001" count="376" />
        <bin index="9" start="0.009" width="0.001" count="1" />
        <bin index="10" start="0.01" width="0.001" count="1" />
        <bin index="20" start="0.02" width="0.001" count="1" />
        <bin index="28" start="0.028" width="0.001" count="1" />
        <bin index="32" start="0.032" width="0.001" count="1" />
        <bin index="46" start="0.046" width="0.001" count="1" />
        <bin index="91" start="0.091" width="0.001" count="1" />
        <bin index="103" start="0.103" width="0.001" count="1" />
        <bin index="108" start="0.108" width="0.001" count="1" />
        <bin index="114" start="0.114" width="0.001" count="1" />
        <bin index="124" start="0.124" width="0.001" count="1" />
        <bin index="136" start="0.136" width="0.001" count="1" />
        <bin index="156" start="0.156" width="0.001" count="1" />
        <bin index="168" start="0.168" width="0.001" count="1" />
        <bin index="176" start="0.176" width="0.001" count="1" />
        <bin index="178" start="0.178" width="0.001" count="2" />
        <bin index="233" start="0.233" width="0.001" count="2" />
        <bin index="245" start="0.245" width="0.001" count="1" />
        <bin index="460" start="0.46" width="0.001" count="1" />
      </jitterHistogram>
      <packetSizeHistogram nBins="5" >
        <bin index="4" start="80" width="20" count="398" />
      </packetSizeHistogram>
      <flowInterruptionsHistogram nBins="3" >
        <bin index="2" start="0.5" width="0.25" count="1" />
      </flowInterruptionsHistogram>
    </Flow>
    <Flow flowId="6" timeFirstTxPacket="+100596832416.0ns" timeFirstRxPacket="+100605892608.0ns" timeLastTxPacket="+199846832416.0ns" timeLastRxPacket="+199847119132.0ns" delaySum="+2159891291.0ns" jitterSum="+3051979502.0ns" lastDelay="+286716.0ns" txBytes="36616" rxBytes="36616" txPackets="398" rxPackets="398" lostPackets="0" timesForwarded="0">
      <delayHistogram nBins="449" >
        <bin index="0" start="0" width="0.001" count="385" />
        <bin index="7" start="0.007" width="0.001" count="1" />
        <bin index="9" start="0.009" width="0.001" count="1" />
        <bin index="13" start="0.013" width="0.001" count="1" />
        <bin index="44" start="0.044" width="0.001" count="1" />
        <bin index="87" start="0.087" width="0.001" count="1" />
        <bin index="129" start="0.129" width="0.001" count="1" />
        <bin index="131" start="0.131" width="0.001" count="1" />
        <bin index="140" start="0.14" width="0.001" count="1" />
        <bin index="185" start="0.185" width="0.001" count="1" />
        <bin index="193" start="0.193" width="0.001" count="1" />
        <bin index="256" start="0.256" width="0.001" count="1" />
        <bin index="399" start="0.399" width="0.001" count="1" />
        <bin index="448" start="0.448" width="0.001" count="1" />
      </delayHistogram>
      <jitterHistogram nBins="449" >
        <bin index="0" start="0" width="0.001" count="377" />
        <bin index="7" start="0.007" width="0.001" count="1" />
        <bin index="8" start="0.008" width="0.001" count="1" />
        <bin index="13" start="0.013" width="0.001" count="1" />
        <bin index="44" start="0.044" width="0.001" count="1" />
        <bin index="73" start="0.073" width="0.001" count="1" />
        <bin index="87" start="0.087" width="0.001" count="2" />
        <bin index="129" start="0.129" width="0.001" count="2" />
        <bin index="131" start="0.131" width="0.001" count="1" />
        <bin index="139" start="0.139" width="0.001" count="1" />
        <bin index="140" start="0.14" width="0.001" count="1" />
        <bin index="185" start="0.185" width="0.001" count="2" />
        <bin index="192" start="0.192" width="0.001" count="1" />
        <bin index="193" start="0.193" width="0.001" count="1" />
        <bin index="206" start="0.206" width="0.001" count="1" />
        <bin index="248" start="0.248" width="0.001" count="1" />
        <bin index="399" start="0.399" width="0.001" count="1" />
        <bin index="448" start="0.448" width="0.001" count="1" />
      </jitterHistogram>
      <packetSizeHistogram nBins="5" >
        <bin index="4" start="80" width="20" count="398" />
      </packetSizeHistogram>
      <flowInterruptionsHistogram nBins="3" >
        <bin index="2" start="0.5" width="0.25" count="2" />
      </flowInterruptionsHistogram>
    </Flow>
    <Flow flowId="7" timeFirstTxPacket="+100767345429.0ns" timeFirstRxPacket="+100771867190.0ns" timeLastTxPacket="+199767345429.0ns" timeLastRxPacket="+199767631857.0ns" delaySum="+1407459787.0ns" jitterSum="+2391989055.0ns" lastDelay="+286428.0ns" txBytes="36524" rxBytes="36524" txPackets="397" rxPackets="397" lostPackets="0" timesForwarded="0">
      <delayHistogram nBins="261" >
        <bin index="0" start="0" width="0.001" count="383" />
        <bin index="1" start="0.001" width="0.001" count="1" />
        <bin index="4" start="0.004" width="0.001" count="2" />
        <bin index="10" start="0.01" width="0.001" count="1" />
        <bin index="15" start="0.015" width="0.001" count="1" />
        <bin index="17" start="0.017" width="0.001" count="1" />
        <bin index="47" start="0.047" width="0.001" count="1" />
        <bin index="99" start="0.099" width="0.001" count="1" />
        <bin index="130" start="0.13" width="0.001" count="1" />
        <bin index="135" start="0.135" width="0.001" count="1" />
        <bin index="169" start="0.169" width="0.001" count="1" />
        <bin index="187" start="0.187" width="0.001" count="1" />
        <bin index="212" start="0.212" width="0.001" count="1" />
        <bin index="260" start="0.26" width="0.001" count="1" />
      </delayHistogram>
      <jitterHistogram nBins="261" >
        <bin index="0" start="0" width="0.001" count="375" />
        <bin index="1" start="0.001" width="0.001" count="1" />
        <bin index="3" start="0.003" width="0.001" count="1" />
        <bin index="4" start="0.004" width="0.001" count="1" />
        <bin index="10" start="0.01" width="0.001" count="1" />
        <bin index="15" start="0.015" width="0.001" count="1" />
        <bin index="16" start="0.016" width="0.001" count="1" />
        <bin index="47" start="0.047" width="0.001" count="1" />
        <bin index="52" start="0.052" width="0.001" count="1" />
        <bin index="99" start="0.099" width="0.001" count="1" />
        <bin index="119" start="0.119" width="0.001" count="1" />
        <bin index="129" start="0.129" width="0.001" count="1" />
        <bin index="131" start="0.131" width="0.001" count="1" />
        <bin index="135" start="0.135" width="0.001" count="1" />
        <bin index="167" start="0.167" width="0.001" count="1" />
        <bin index="169" start="0.169" width="0.001" count="1" />
        <bin index="171" start="0.171" width="0.001" count="1" />
        <bin index="187" start="0.187" width="0.001" count="1" />
        <bin index="211" start="0.211" width="0.001" count="2" />
        <bin index="243" start="0.243" width="0.001" count="1" />
        <bin index="260" start="0.26" width="0.001" count="1" />
      </jitterHistogram>
      <packetSizeHistogram nBins="5" >
        <bin index="4" start="80" width="20" count="397" />
      </packetSizeHistogram>
      <flowInterruptionsHistogram nBins="3" >
        <bin index="2" start="0.5" width="0.25" count="1" />
      </flowInterruptionsHistogram>
    </Flow>
    <Flow flowId="8" timeFirstTxPacket="+100884855346.0ns" timeFirstRxPacket="+100895096060.0ns" timeLastTxPacket="+199884855346.0ns" timeLastRxPacket="+199885142118.0ns" delaySum="+3611772780.0ns" jitterSum="+5396538538.0ns" lastDelay="+286772.0ns" txBytes="36524" rxBytes="36524" txPackets="397" rxPackets="397" lostPackets="0" timesForwarded="1">
      <delayHistogram nBins="1005" >
        <bin index="0" start="0" width="0.001" count="381" />
        <bin index="1" start="0.001" width="0.001" count="1" />
        <bin index="10" start="0.01" width="0.001" count="1" />
        <bin index="22" start="0.022" width="0.001" count="1" />
        <bin index="49" start="0.049" width="0.001" count="1" />
        <bin index="103" start="0.103" width="0.001" count="1" />
        <bin index="110" start="0.11" width="0.001" count="1" />
        <bin index="119" start="0.119" width="0.001" count="1" />
        <bin index="131" start="0.131" width="0.001" count="1" />
        <bin index="164" start="0.164" width="0.001" count="1" />
        <bin index="170" start="0.17" width="0.001" count="1" />
        <bin index="193" start="0.193" width="0.001" count="1" />
        <bin index="245" start="0.245" width="0.001" count="1" />
        <bin index="361" start="0.361" width="0.001" count="1" />
        <bin index="377" start="0.377" width="0.001" count="1" />
        <bin index="435" start="0.435" width="0.001" count="1" />
        <bin index="1004" start="1.004" width="0.001" count="1" />
      </delayHistogram>
      <jitterHistogram nBins="1005" >
        <bin index="0" start="0" width="0.001" count="372" />
        <bin index="1" start="0.001" width="0.001" count="1" />
        <bin index="9" start="0.009" width="0.001" count="1" />
        <bin index="22" start="0.022" width="0.001" count="1" />
        <bin index="49" start="0.049" width="0.001" count="1" />
        <bin index="51" start="0.051" width="0.001" count="1" />
        <bin index="54" start="0.054" width="0.001" count="1" />
        <bin index="87" start="0.087" width="0.001" count="1" />
        <bin index="103" start="0.103" width="0.001" count="1" />
        <bin index="109" start="0.109" width="0.001" count="1" />
        <bin index="119" start="0.119" width="0.001" count="1" />
        <bin index="131" start="0.131" width="0.001" count="2" />
        <bin index="164" start="0.164" width="0.001" count="1" />
        <bin index="170" start="0.17" width="0.001" count="1" />
        <bin index="183" start="0.183" width="0.001" count="1" />
        <bin index="190" start="0.19" width="0.001" count="1" />
        <bin index="193" start="0.193" width="0.001" count="1" />
        <bin index="196" start="0.196" width="0.001" count="1" />
        <bin index="244" start="0.244" width="0.001" count="1" />
        <bin index="360" start="0.36" width="0.001" count="1" />
        <bin index="377" start="0.377" width="0.001" count="1" />
        <bin index="435" start="0.435" width="0.001" count="1" />
        <bin index="1003" start="1.003" width="0.001" count="1" />
        <bin index="1004" start="1.004" width="0.001" count="1" />
      </jitterHistogram>
      <packetSizeHistogram nBins="5" >
        <bin index="4" start="80" width="20" count="397" />
      </packetSizeHistogram>
      <flowInterruptionsHistogram nBins="3" >
        <bin index="2" start="0.5" width="0.25" count="4" />
      </flowInterruptionsHistogram>
    </Flow>
    <Flow flowId="9" timeFirstTxPacket="+101020734582.0ns" timeFirstRxPacket="+101025294513.0ns" timeLastTxPacket="+199770734582.0ns" timeLastRxPacket="+199771020991.0ns" delaySum="+1622885682.0ns" jitterSum="+2848397786.0ns" lastDelay="+286409.0ns" txBytes="36432" rxBytes="36432" txPackets="396" rxPackets="396" lostPackets="0" timesForwarded="0">
      <delayHistogram nBins="299" >
        <bin index="0" start="0" width="0.001" count="384" />
        <bin index="1" start="0.001" width="0.001" count="1" />
        <bin index="4" start="0.004" width="0.001" count="1" />
        <bin index="6" start="0.006" width="0.001" count="1" />
        <bin index="11" start="0.011" width="0.001" count="1" />
        <bin index="64" start="0.064" width="0.001" count="1" />
        <bin index="119" start="0.119" width="0.001" count="1" />
        <bin index="172" start="0.172" width="0.001" count="1" />
        <bin index="192" start="0.192" width="0.001" count="1" />
        <bin index="210" start="0.21" width="0.001" count="1" />
        <bin index="213" start="0.213" width="0.001" count="1" />
        <bin index="216" start="0.216" width="0.001" count="1" />
        <bin index="298" start="0.298" width="0.001" count="1" />
      </delayHistogram>
      <jitterHistogram nBins="299" >
        <bin index="0" start="0" width="0.001" count="376" />
        <bin index="1" start="0.001" width="0.001" count="1" />
        <bin index="4" start="0.004" width="0.001" count="1" />
        <bin index="6" start="0.006" width="0.001" count="1" />
        <bin index="10" start="0.01" width="0.001" count="1" />
        <bin index="63" start="0.063" width="0.001" count="1" />
        <bin index="117" start="0.117" width="0.001" count="1" />
        <bin index="119" start="0.119" width="0.001" count="1" />
        <bin index="172" start="0.172" width="0.001" count="2" />
        <bin index="191" start="0.191" width="0.001" count="2" />
        <bin index="202" start="0.202" width="0.001" count="1" />
        <bin index="209" start="0.209" width="0.001" count="1" />
        <bin index="210" start="0.21" width="0.001" count="2" />
        <bin index="213" start="0.213" width="0.001" count="1" />
        <bin index="216" start="0.216" width="0.001" count="1" />
        <bin index="234" start="0.234" width="0.001" count="1" />
        <bin index="298" start="0.298" width="0.001" count="1" />
      </jitterHistogram>
      <packetSizeHistogram nBins="5" >
        <bin index="4" start="80" width="20" count="396" />
      </packetSizeHistogram>
      <flowInterruptionsHistogram nBins="3" >
        <bin index="2" start="0.5" width="0.25" count="1" />
      </flowInterruptionsHistogram>
    </Flow>
    <Flow flowId="10" timeFirstTxPacket="+101174626889.0ns" timeFirstRxPacket="+101177345503.0ns" timeLastTxPacket="+199924626889.0ns" timeLastRxPacket="+199924913914.0ns" delaySum="+1591664810.0ns" jitterSum="+2100978481.0ns" lastDelay="+287025.0ns" txBytes="36432" rxBytes="36432" txPackets="396" rxPackets="396" lostPackets="0" timesForwarded="0">
      <delayHistogram nBins="247" >
        <bin index="0" start="0" width="0.001" count="381" />
        <bin index="2" start="0.002" width="0.001" count="1" />
        <bin index="9" start="0.009" width="0.001" count="1" />
        <bin index="32" start="0.032" width="0.001" count="1" />
        <bin index="62" start="0.062" width="0.001" count="1" />
        <bin index="64" start="0.064" width="0.001" count="1" />
        <bin index="65" start="0.065" width="0.001" count="1" />
        <bin index="73" start="0.073" width="0.001" count="1" />
        <bin index="81" start="0.081" width="0.001" count="1" />
        <bin index="95" start="0.095" width="0.001" count="1" />
        <bin index="120" start="0.12" width="0.001" count="2" />
        <bin index="133" start="0.133" width="0.001" count="1" />
        <bin index="136" start="0.136" width="0.001" count="1" />
        <bin index="237" start="0.237" width="0.001" count="1" />
        <bin index="246" start="0.246" width="0.001" count="1" />
      </delayHistogram>
      <jitterHistogram nBins="246" >
        <bin index="0" start="0" width="0.001" count="373" />
        <bin index="2" start="0.002" width="0.001" count="1" />
        <bin index="9" start="0.009" width="0.001" count="1" />
        <bin index="15" start="0.015" width="0.001" count="1" />
        <bin index="21" start="0.021" width="0.001" count="1" />
        <bin index="31" start="0.031" width="0.001" count="1" />
        <bin index="55" start="0.055" width="0.001" count="1" />
        <bin index="61" start="0.061" width="0.001" count="1" />
        <bin index="64" start="0.064" width="0.001" count="1" />
        <bin index="65" start="0.065" width="0.001" count="1" />
        <bin index="73" start="0.073" width="0.001" count="1" />
        <bin index="80" start="0.08" width="0.001" count="1" />
        <bin index="95" start="0.095" width="0.001" count="1" />
        <bin index="101" start="0.101" width="0.001" count="1" />
        <bin index="117" start="0.117" width="0.001" count="1" />
        <bin index="119" start="0.119" width="0.001" count="1" />
        <bin index="120" start="0.12" width="0.001" count="1" />
        <bin index="127" start="0.127" width="0.001" count="1" />
        <bin index="133" start="0.133" width="0.001" count="1" />
        <bin index="136" start="0.136" width="0.001" count="1" />
        <bin index="183" start="0.183" width="0.001" count="1" />
        <bin index="237" start="0.237" width="0.001" count="1" />
        <bin index="245" start="0.245" width="0.001" count="1" />
      </jitterHistogram>
      <packetSizeHistogram nBins="5" >
        <bin index="4" start="80" width="20" count="396" />
      </packetSizeHistogram>
      <flowInterruptionsHistogram nBins="0" >
      </flowInterruptionsHistogram>
    </Flow>
  </FlowStats>
  <Ipv4FlowClassifier>
    <Flow flowId="2" sourceAddress="10.1.1.11" destinationAddress="10.1.1.1" protocol="17" sourcePort="49153" destinationPort="9">
      <Dscp value="0x0" packets="398" />
    </Flow>
    <Flow flowId="7" sourceAddress="10.1.1.12" destinationAddress="10.1.1.2" protocol="17" sourcePort="49153" destinationPort="9">
      <Dscp value="0x0" packets="397" />
    </Flow>
    <Flow flowId="4" sourceAddress="10.1.1.13" destinationAddress="10.1.1.3" protocol="17" sourcePort="49153" destinationPort="9">
      <Dscp value="0x0" packets="398" />
    </Flow>
    <Flow flowId="3" sourceAddress="10.1.1.14" destinationAddress="10.1.1.4" protocol="17" sourcePort="49153" destinationPort="9">
      <Dscp value="0x0" packets="398" />
    </Flow>
    <Flow flowId="1" sourceAddress="10.1.1.15" destinationAddress="10.1.1.5" protocol="17" sourcePort="49153" destinationPort="9">
      <Dscp value="0x0" packets="399" />
    </Flow>
    <Flow flowId="9" sourceAddress="10.1.1.16" destinationAddress="10.1.1.6" protocol="17" sourcePort="49153" destinationPort="9">
      <Dscp value="0x0" packets="396" />
    </Flow>
    <Flow flowId="8" sourceAddress="10.1.1.17" destinationAddress="10.1.1.7" protocol="17" sourcePort="49153" destinationPort="9">
      <Dscp value="0x0" packets="397" />
    </Flow>
    <Flow flowId="10" sourceAddress="10.1.1.18" destinationAddress="10.1.1.8" protocol="17" sourcePort="49153" destinationPort="9">
      <Dscp value="0x0" packets="396" />
    </Flow>
    <Flow flowId="6" sourceAddress="10.1.1.19" destinationAddress="10.1.1.9" protocol="17" sourcePort="49153" destinationPort="9">
      <Dscp value="0x0" packets="398" />
    </Flow>
    <Flow flowId="5" sourceAddress="10.1.1.20" destinationAddress="10.1.1.10" protocol="17" sourcePort="49153" destinationPort="9">
      <Dscp value="0x0" packets="398" />
    </Flow>
  </Ipv4FlowClassifier>
  <Ipv6FlowClassifier>
  </Ipv6FlowClassifier>
  <FlowProbes>
    <FlowProbe index="0">
      <FlowStats  flowId="2" packets="398" bytes="36616" delayFromFirstProbeSum="+1593396600.0ns" >
      </FlowStats>
    </FlowProbe>
    <FlowProbe index="1">
    </FlowProbe>
    <FlowProbe index="2">
      <FlowStats  flowId="7" packets="397" bytes="36524" delayFromFirstProbeSum="+1407459787.0ns" >
      </FlowStats>
    </FlowProbe>
    <FlowProbe index="3">
    </FlowProbe>
    <FlowProbe index="4">
      <FlowStats  flowId="4" packets="398" bytes="36616" delayFromFirstProbeSum="+2509531002.0ns" >
      </FlowStats>
    </FlowProbe>
    <FlowProbe index="5">
    </FlowProbe>
    <FlowProbe index="6">
      <FlowStats  flowId="3" packets="398" bytes="36616" delayFromFirstProbeSum="+2220948384.0ns" >
      </FlowStats>
    </FlowProbe>
    <FlowProbe index="7">
    </FlowProbe>
    <FlowProbe index="8">
      <FlowStats  flowId="1" packets="398" bytes="36616" delayFromFirstProbeSum="+2670250460.0ns" >
      </FlowStats>
    </FlowProbe>
    <FlowProbe index="9">
    </FlowProbe>
    <FlowProbe index="10">
      <FlowStats  flowId="9" packets="396" bytes="36432" delayFromFirstProbeSum="+1622885682.0ns" >
      </FlowStats>
    </FlowProbe>
    <FlowProbe index="11">
    </FlowProbe>
    <FlowProbe index="12">
      <FlowStats  flowId="8" packets="397" bytes="36524" delayFromFirstProbeSum="+3611772780.0ns" >
      </FlowStats>
    </FlowProbe>
    <FlowProbe index="13">
    </FlowProbe>
    <FlowProbe index="14">
      <FlowStats  flowId="10" packets="396" bytes="36432" delayFromFirstProbeSum="+1591664810.0ns" >
      </FlowStats>
    </FlowProbe>
    <FlowProbe index="15">
    </FlowProbe>
    <FlowProbe index="16">
      <FlowStats  flowId="6" packets="398" bytes="36616" delayFromFirstProbeSum="+2159891291.0ns" >
      </FlowStats>
    </FlowProbe>
    <FlowProbe index="17">
    </FlowProbe>
    <FlowProbe index="18">
      <FlowStats  flowId="5" packets="398" bytes="36616" delayFromFirstProbeSum="+2113919515.0ns" >
      </FlowStats>
    </FlowProbe>
    <FlowProbe index="19">
    </FlowProbe>
    <FlowProbe index="20">
      <FlowStats  flowId="2" packets="398" bytes="36616" delayFromFirstProbeSum="+0.0ns" >
      </FlowStats>
    </FlowProbe>
    <FlowProbe index="21">
    </FlowProbe>
    <FlowProbe index="22">
      <FlowStats  flowId="7" packets="397" bytes="36524" delayFromFirstProbeSum="+0.0ns" >
      </FlowStats>
    </FlowProbe>
    <FlowProbe index="23">
    </FlowProbe>
    <FlowProbe index="24">
      <FlowStats  flowId="4" packets="398" bytes="36616" delayFromFirstProbeSum="+0.0ns" >
      </FlowStats>
    </FlowProbe>
    <FlowProbe index="25">
    </FlowProbe>
    <FlowProbe index="26">
      <FlowStats  flowId="3" packets="398" bytes="36616" delayFromFirstProbeSum="+0.0ns" >
      </FlowStats>
    </FlowProbe>
    <FlowProbe index="27">
    </FlowProbe>
    <FlowProbe index="28">
      <FlowStats  flowId="1" packets="399" bytes="36708" delayFromFirstProbeSum="+0.0ns" >
      </FlowStats>
    </FlowProbe>
    <FlowProbe index="29">
    </FlowProbe>
    <FlowProbe index="30">
      <FlowStats  flowId="8" packets="1" bytes="92" delayFromFirstProbeSum="+1002151547.0ns" >
      </FlowStats>
      <FlowStats  flowId="9" packets="396" bytes="36432" delayFromFirstProbeSum="+0.0ns" >
      </FlowStats>
    </FlowProbe>
    <FlowProbe index="31">
    </FlowProbe>
    <FlowProbe index="32">
      <FlowStats  flowId="8" packets="397" bytes="36524" delayFromFirstProbeSum="+0.0ns" >
      </FlowStats>
    </FlowProbe>
    <FlowProbe index="33">
    </FlowProbe>
    <FlowProbe index="34">
      <FlowStats  flowId="10" packets="396" bytes="36432" delayFromFirstProbeSum="+0.0ns" >
      </FlowStats>
    </FlowProbe>
    <FlowProbe index="35">
    </FlowProbe>
    <FlowProbe index="36">
      <FlowStats  flowId="6" packets="398" bytes="36616" delayFromFirstProbeSum="+0.0ns" >
      </FlowStats>
    </FlowProbe>
    <FlowProbe index="37">
    </FlowProbe>
    <FlowProbe index="38">
      <FlowStats  flowId="5" packets="398" bytes="36616" delayFromFirstProbeSum="+0.0ns" >
      </FlowStats>
    </FlowProbe>
    <FlowProbe index="39">
    </FlowProbe>
    <FlowProbe index="40">
    </FlowProbe>
    <FlowProbe index="41">
    </FlowProbe>
    <FlowProbe index="42">
    </FlowProbe>
    <FlowProbe index="43">
    </FlowProbe>
    <FlowProbe index="44">
    </FlowProbe>
    <FlowProbe index="45">
    </FlowProbe>
    <FlowProbe index="46">
    </FlowProbe>
    <FlowProbe index="47">
    </FlowProbe>
    <FlowProbe index="48">
    </FlowProbe>
    <FlowProbe index="49">
    </FlowProbe>
    <FlowProbe index="50">
    </FlowProbe>
    <FlowProbe index="51">
    </FlowProbe>
    <FlowProbe index="52">
    </FlowProbe>
    <FlowProbe index="53">
    </FlowProbe>
    <FlowProbe index="54">
    </FlowProbe>
    <FlowProbe index="55">
    </FlowProbe>
    <FlowProbe index="56">
    </FlowProbe>
    <FlowProbe index="57">
    </FlowProbe>
    <FlowProbe index="58">
    </FlowProbe>
    <FlowProbe index="59">
    </FlowProbe>
    <FlowProbe index="60">
    </FlowProbe>
    <FlowProbe index="61">
    </FlowProbe>
    <FlowProbe index="62">
    </FlowProbe>
    <FlowProbe index="63">
    </FlowProbe>
    <FlowProbe index="64">
    </FlowProbe>
    <FlowProbe index="65">
    </FlowProbe>
    <FlowProbe index="66">
    </FlowProbe>
    <FlowProbe index="67">
    </FlowProbe>
    <FlowProbe index="68">
      <FlowStats  flowId="3" packets="1" bytes="92" delayFromFirstProbeSum="+1002091734.0ns" >
      </FlowStats>
    </FlowProbe>
    <FlowProbe index="69">
    </FlowProbe>
    <FlowProbe index="70">
    </FlowProbe>
    <FlowProbe index="71">
    </FlowProbe>
    <FlowProbe index="72">
    </FlowProbe>
    <FlowProbe index="73">
    </FlowProbe>
    <FlowProbe index="74">
    </FlowProbe>
    <FlowProbe index="75">
    </FlowProbe>
    <FlowProbe index="76">
    </FlowProbe>
    <FlowProbe index="77">
    </FlowProbe>
    <FlowProbe index="78">
    </FlowProbe>
    <FlowProbe index="79">
    </FlowProbe>
    <FlowProbe index="80">
    </FlowProbe>
    <FlowProbe index="81">
    </FlowProbe>
    <FlowProbe index="82">
    </FlowProbe>
    <FlowProbe index="83">
    </FlowProbe>
    <FlowProbe index="84">
    </FlowProbe>
    <FlowProbe index="85">
    </FlowProbe>
    <FlowProbe index="86">
    </FlowProbe>
    <FlowProbe index="87">
    </FlowProbe>
    <FlowProbe index="88">
    </FlowProbe>
    <FlowProbe index="89">
    </FlowProbe>
    <FlowProbe index="90">
    </FlowProbe>
    <FlowProbe index="91">
    </FlowProbe>
    <FlowProbe index="92">
    </FlowProbe>
    <FlowProbe index="93">
    </FlowProbe>
    <FlowProbe index="94">
    </FlowProbe>
    <FlowProbe index="95">
    </FlowProbe>
    <FlowProbe index="96">
    </FlowProbe>
    <FlowProbe index="97">
    </FlowProbe>
    <FlowProbe index="98">
    </FlowProbe>
    <FlowProbe index="99">
    </FlowProbe>
  </FlowProbes>
</FlowMonitor>
