<?xml version="1.0" ?>
<FlowMonitor>
  <FlowStats>
    <Flow flowId="1" timeFirstTxPacket="+100345527457.0ns" timeFirstRxPacket="+105725988531.0ns" timeLastTxPacket="+199845527457.0ns" timeLastRxPacket="+199845813939.0ns" delaySum="+8903167672.0ns" jitterSum="+6794590646.0ns" lastDelay="+286482.0ns" txBytes="36708" rxBytes="8924" txPackets="399" rxPackets="97" lostPackets="300" timesForwarded="106">
      <delayHistogram nBins="2012" >
        <bin index="0" start="0" width="0.001" count="28" />
        <bin index="1" start="0.001" width="0.001" count="36" />
        <bin index="2" start="0.002" width="0.001" count="13" />
        <bin index="3" start="0.003" width="0.001" count="6" />
        <bin index="4" start="0.004" width="0.001" count="1" />
        <bin index="5" start="0.005" width="0.001" count="1" />
        <bin index="6" start="0.006" width="0.001" count="1" />
        <bin index="8" start="0.008" width="0.001" count="1" />
        <bin index="43" start="0.043" width="0.001" count="1" />
        <bin index="130" start="0.13" width="0.001" count="1" />
        <bin index="386" start="0.386" width="0.001" count="1" />
        <bin index="503" start="0.503" width="0.001" count="1" />
        <bin index="651" start="0.651" width="0.001" count="1" />
        <bin index="752" start="0.752" width="0.001" count="1" />
        <bin index="1002" start="1.002" width="0.001" count="1" />
        <bin index="1514" start="1.514" width="0.001" count="1" />
        <bin index="1762" start="1.762" width="0.001" count="1" />
        <bin index="2011" start="2.011" width="0.001" count="1" />
      </delayHistogram>
      <jitterHistogram nBins="1515" >
        <bin index="0" start="0" width="0.001" count="71" />
        <bin index="1" start="0.001" width="0.001" count="7" />
        <bin index="2" start="0.002" width="0.001" count="1" />
        <bin index="4" start="0.004" width="0.001" count="2" />
        <bin index="5" start="0.005" width="0.001" count="2" />
        <bin index="38" start="0.038" width="0.001" count="1" />
        <bin index="40" start="0.04" width="0.001" count="1" />
        <bin index="247" start="0.247" width="0.001" count="1" />
        <bin index="248" start="0.248" width="0.001" count="1" />
        <bin index="249" start="0.249" width="0.001" count="2" />
        <bin index="256" start="0.256" width="0.001" count="1" />
        <bin index="385" start="0.385" width="0.001" count="1" />
        <bin index="503" start="0.503" width="0.001" count="1" />
        <bin index="648" start="0.648" width="0.001" count="1" />
        <bin index="1001" start="1.001" width="0.001" count="1" />
        <bin index="1360" start="1.36" width="0.001" count="1" />
        <bin index="1514" start="1.514" width="0.001" count="1" />
      </jitterHistogram>
      <packetSizeHistogram nBins="5" >
        <bin index="4" start="80" width="20" count="97" />
      </packetSizeHistogram>
      <flowInterruptionsHistogram nBins="187" >
        <bin index="2" start="0.5" width="0.25" count="1" />
        <bin index="4" start="1" width="0.25" count="1" />
        <bin index="5" start="1.25" width="0.25" count="1" />
        <bin index="92" start="23" width="0.25" count="1" />
        <bin index="186" start="46.5" width="0.25" count="1" />
      </flowInterruptionsHistogram>
    </Flow>
    <Flow flowId="2" timeFirstTxPacket="+100529588904.0ns" timeFirstRxPacket="+100558246953.0ns" timeLastTxPacket="+199779588904.0ns" timeLastRxPacket="+199779875597.0ns" delaySum="+12078136233.0ns" jitterSum="+9355443702.0ns" lastDelay="+286693.0ns" txBytes="36616" rxBytes="29808" txPackets="398" rxPackets="324" lostPackets="74" timesForwarded="93">
      <delayHistogram nBins="2026" >
        <bin index="0" start="0" width="0.001" count="227" />
        <bin index="1" start="0.001" width="0.001" count="17" />
        <bin index="2" start="0.002" width="0.001" count="16" />
        <bin index="3" start="0.003" width="0.001" count="4" />
        <bin index="4" start="0.004" width="0.001" count="3" />
        <bin index="5" start="0.005" width="0.001" count="2" />
        <bin index="6" start="0.006" width="0.001" count="3" />
        <bin index="7" start="0.007" width="0.001" count="2" />
        <bin index="8" start="0.008" width="0.001" count="2" />
        <bin index="9" start="0.009" width="0.001" count="1" />
        <bin index="11" start="0.011" width="0.001" count="1" />
        <bin index="12" start="0.012" width="0.001" count="1" />
        <bin index="14" start="0.014" width="0.001" count="1" />
        <bin index="16" start="0.016" width="0.001" count="2" />
        <bin index="17" start="0.017" width="0.001" count="3" />
        <bin index="18" start="0.018" width="0.001" count="1" />
        <bin index="19" start="0.019" width="0.001" count="1" />
        <bin index="21" start="0.021" width="0.001" count="3" />
        <bin index="22" start="0.022" width="0.001" count="1" />
        <bin index="23" start="0.023" width="0.001" count="1" />
        <bin index="25" start="0.025" width="0.001" count="2" />
        <bin index="26" start="0.026" width="0.001" count="3" />
        <bin index="28" start="0.028" width="0.001" count="2" />
        <bin index="29" start="0.029" width="0.001" count="1" />
        <bin index="31" start="0.031" width="0.001" count="1" />
        <bin index="33" start="0.033" width="0.001" count="2" />
        <bin index="36" start="0.036" width="0.001" count="1" />
        <bin index="39" start="0.039" width="0.001" count="1" />
        <bin index="41" start="0.041" width="0.001" count="1" />
        <bin index="47" start="0.047" width="0.001" count="2" />
        <bin index="58" start="0.058" width="0.001" count="1" />
        <bin index="148" start="0.148" width="0.001" count="1" />
        <bin index="152" start="0.152" width="0.001" count="1" />
        <bin index="169" start="0.169" width="0.001" count="1" />
        <bin index="185" start="0.185" width="0.001" count="1" />
        <bin index="190" start="0.19" width="0.001" count="1" />
        <bin index="268" start="0.268" width="0.001" count="1" />
        <bin index="388" start="0.388" width="0.001" count="1" />
        <bin index="482" start="0.482" width="0.001" count="1" />
        <bin index="520" start="0.52" width="0.001" count="1" />
        <bin index="781" start="0.781" width="0.001" count="1" />
        <bin index="1006" start="1.006" width="0.001" count="1" />
        <bin index="1319" start="1.319" width="0.001" count="1" />
        <bin index="1565" start="1.565" width="0.001" count="1" />
        <bin index="1777" start="1.777" width="0.001" count="1" />
        <bin index="2025" start="2.025" width="0.001" count="1" />
      </delayHistogram>
      <jitterHistogram nBins="1990" >
        <bin index="0" start="0" width="0.001" count="224" />
        <bin index="1" start="0.001" width="0.001" count="18" />
        <bin index="2" start="0.002" width="0.001" count="4" />
        <bin index="3" start="0.003" width="0.001" count="5" />
        <bin index="4" start="0.004" width="0.001" count="6" />
        <bin index="5" start="0.005" width="0.001" count="3" />
        <bin index="6" start="0.006" width="0.001" count="4" />
        <bin index="7" start="0.007" width="0.001" count="4" />
        <bin index="8" start="0.008" width="0.001" count="1" />
        <bin index="9" start="0.009" width="0.001" count="2" />
        <bin index="10" start="0.01" width="0.001" count="2" />
        <bin index="12" start="0.012" width="0.001" count="1" />
        <bin index="14" start="0.014" width="0.001" count="2" />
        <bin index="16" start="0.016" width="0.001" count="2" />
        <bin index="17" start="0.017" width="0.001" count="2" />
        <bin index="19" start="0.019" width="0.001" count="1" />
        <bin index="20" start="0.02" width="0.001" count="1" />
        <bin index="21" start="0.021" width="0.001" count="5" />
        <bin index="22" start="0.022" width="0.001" count="2" />
        <bin index="25" start="0.025" width="0.001" count="2" />
        <bin index="26" start="0.026" width="0.001" count="2" />
        <bin index="27" start="0.027" width="0.001" count="1" />
        <bin index="28" start="0.028" width="0.001" count="1" />
        <bin index="29" start="0.029" width="0.001" count="1" />
        <bin index="30" start="0.03" width="0.001" count="1" />
        <bin index="32" start="0.032" width="0.001" count="1" />
        <bin index="34" start="0.034" width="0.001" count="1" />
        <bin index="38" start="0.038" width="0.001" count="3" />
        <bin index="49" start="0.049" width="0.001" count="1" />
        <bin index="53" start="0.053" width="0.001" count="1" />
        <bin index="134" start="0.134" width="0.001" count="1" />
        <bin index="148" start="0.148" width="0.001" count="1" />
        <bin index="169" start="0.169" width="0.001" count="1" />
        <bin index="185" start="0.185" width="0.001" count="1" />
        <bin index="190" start="0.19" width="0.001" count="1" />
        <bin index="202" start="0.202" width="0.001" count="1" />
        <bin index="211" start="0.211" width="0.001" count="1" />
        <bin index="213" start="0.213" width="0.001" count="1" />
        <bin index="224" start="0.224" width="0.001" count="1" />
        <bin index="246" start="0.246" width="0.001" count="1" />
        <bin index="247" start="0.247" width="0.001" count="1" />
        <bin index="248" start="0.248" width="0.001" count="1" />
        <bin index="388" start="0.388" width="0.001" count="1" />
        <bin index="481" start="0.481" width="0.001" count="1" />
        <bin index="486" start="0.486" width="0.001" count="1" />
        <bin index="518" start="0.518" width="0.001" count="1" />
        <bin index="734" start="0.734" width="0.001" count="1" />
        <bin index="1319" start="1.319" width="0.001" count="1" />
        <bin index="1989" start="1.989" width="0.001" count="1" />
      </jitterHistogram>
      <packetSizeHistogram nBins="5" >
        <bin index="4" start="80" width="20" count="324" />
      </packetSizeHistogram>
      <flowInterruptionsHistogram nBins="64" >
        <bin index="2" start="0.5" width="0.25" count="5" />
        <bin index="8" start="2" width="0.25" count="1" />
        <bin index="63" start="15.75" width="0.25" count="1" />
      </flowInterruptionsHistogram>
    </Flow>
    <Flow flowId="3" timeFirstTxPacket="+100547508704.0ns" timeFirstRxPacket="+106679161759.0ns" timeLastTxPacket="+199797508704.0ns" timeLastRxPacket="+197307703878.0ns" delaySum="+8030009107.0ns" jitterSum="+7675468641.0ns" lastDelay="+10195174.0ns" txBytes="36616" rxBytes="23920" txPackets="398" rxPackets="260" lostPackets="127" timesForwarded="119">
      <delayHistogram nBins="1132" >
        <bin index="0" start="0" width="0.001" count="159" />
        <bin index="1" start="0.001" width="0.001" count="41" />
        <bin index="2" start="0.002" width="0.001" count="8" />
        <bin index="3" start="0.003" width="0.001" count="4" />
        <bin index="4" start="0.004" width="0.001" count="6" />
        <bin index="5" start="0.005" width="0.001" count="1" />
        <bin index="6" start="0.006" width="0.001" count="4" />
        <bin index="7" start="0.007" width="0.001" count="2" />
        <bin index="8" start="0.008" width="0.001" count="1" />
        <bin index="9" start="0.009" width="0.001" count="1" />
        <bin index="10" start="0.01" width="0.001" count="2" />
        <bin index="13" start="0.013" width="0.001" count="2" />
        <bin index="14" start="0.014" width="0.001" count="1" />
        <bin index="15" start="0.015" width="0.001" count="1" />
        <bin index="17" start="0.017" width="0.001" count="1" />
        <bin index="18" start="0.018" width="0.001" count="1" />
        <bin index="19" start="0.019" width="0.001" count="3" />
        <bin index="28" start="0.028" width="0.001" count="1" />
        <bin index="31" start="0.031" width="0.001" count="1" />
        <bin index="33" start="0.033" width="0.001" count="1" />
        <bin index="37" start="0.037" width="0.001" count="1" />
        <bin index="38" start="0.038" width="0.001" count="1" />
        <bin index="41" start="0.041" width="0.001" count="1" />
        <bin index="89" start="0.089" width="0.001" count="1" />
        <bin index="142" start="0.142" width="0.001" count="1" />
        <bin index="182" start="0.182" width="0.001" count="1" />
        <bin index="214" start="0.214" width="0.001" count="1" />
        <bin index="238" start="0.238" width="0.001" count="1" />
        <bin index="267" start="0.267" width="0.001" count="1" />
        <bin index="287" start="0.287" width="0.001" count="1" />
        <bin index="289" start="0.289" width="0.001" count="1" />
        <bin index="338" start="0.338" width="0.001" count="1" />
        <bin index="370" start="0.37" width="0.001" count="1" />
        <bin index="531" start="0.531" width="0.001" count="1" />
        <bin index="635" start="0.635" width="0.001" count="1" />
        <bin index="759" start="0.759" width="0.001" count="1" />
        <bin index="882" start="0.882" width="0.001" count="1" />
        <bin index="1055" start="1.055" width="0.001" count="1" />
        <bin index="1131" start="1.131" width="0.001" count="1" />
      </delayHistogram>
      <jitterHistogram nBins="1056" >
        <bin index="0" start="0" width="0.001" count="183" />
        <bin index="1" start="0.001" width="0.001" count="15" />
        <bin index="2" start="0.002" width="0.001" count="2" />
        <bin index="3" start="0.003" width="0.001" count="4" />
        <bin index="4" start="0.004" width="0.001" count="7" />
        <bin index="5" start="0.005" width="0.001" count="1" />
        <bin index="7" start="0.007" width="0.001" count="2" />
        <bin index="9" start="0.009" width="0.001" count="3" />
        <bin index="10" start="0.01" width="0.001" count="2" />
        <bin index="11" start="0.011" width="0.001" count="3" />
        <bin index="12" start="0.012" width="0.001" count="1" />
        <bin index="13" start="0.013" width="0.001" count="1" />
        <bin index="15" start="0.015" width="0.001" count="2" />
        <bin index="16" start="0.016" width="0.001" count="1" />
        <bin index="18" start="0.018" width="0.001" count="1" />
        <bin index="23" start="0.023" width="0.001" count="2" />
        <bin index="27" start="0.027" width="0.001" count="1" />
        <bin index="28" start="0.028" width="0.001" count="1" />
        <bin index="29" start="0.029" width="0.001" count="1" />
        <bin index="31" start="0.031" width="0.001" count="1" />
        <bin index="37" start="0.037" width="0.001" count="1" />
        <bin index="39" start="0.039" width="0.001" count="2" />
        <bin index="53" start="0.053" width="0.001" count="1" />
        <bin index="87" start="0.087" width="0.001" count="1" />
        <bin index="95" start="0.095" width="0.001" count="1" />
        <bin index="142" start="0.142" width="0.001" count="1" />
        <bin index="182" start="0.182" width="0.001" count="1" />
        <bin index="187" start="0.187" width="0.001" count="1" />
        <bin index="213" start="0.213" width="0.001" count="1" />
        <bin index="228" start="0.228" width="0.001" count="1" />
        <bin index="238" start="0.238" width="0.001" count="1" />
        <bin index="241" start="0.241" width="0.001" count="1" />
        <bin index="247" start="0.247" width="0.001" count="1" />
        <bin index="249" start="0.249" width="0.001" count="3" />
        <bin index="262" start="0.262" width="0.001" count="1" />
        <bin index="285" start="0.285" width="0.001" count="1" />
        <bin index="331" start="0.331" width="0.001" count="1" />
        <bin index="370" start="0.37" width="0.001" count="1" />
        <bin index="633" start="0.633" width="0.001" count="1" />
        <bin index="742" start="0.742" width="0.001" count="1" />
        <bin index="765" start="0.765" width="0.001" count="1" />
        <bin index="1055" start="1.055" width="0.001" count="1" />
      </jitterHistogram>
      <packetSizeHistogram nBins="5" >
        <bin index="4" start="80" width="20" count="260" />
      </packetSizeHistogram>
      <flowInterruptionsHistogram nBins="44" >
        <bin index="2" start="0.5" width="0.25" count="5" />
        <bin index="3" start="0.75" width="0.25" count="1" />
        <bin index="11" start="2.75" width="0.25" count="1" />
        <bin index="24" start="6" width="0.25" count="1" />
        <bin index="30" start="7.5" width="0.25" count="1" />
        <bin index="43" start="10.75" width="0.25" count="1" />
      </flowInterruptionsHistogram>
    </Flow>
    <Flow flowId="4" timeFirstTxPacket="+100579044915.0ns" timeFirstRxPacket="+100597265427.0ns" timeLastTxPacket="+199829044915.0ns" timeLastRxPacket="+199848144462.0ns" delaySum="+7741686490.0ns" jitterSum="+6158184921.0ns" lastDelay="+19099547.0ns" txBytes="36616" rxBytes="10580" txPackets="398" rxPackets="115" lostPackets="260" timesForwarded="191">
      <delayHistogram nBins="1275" >
        <bin index="0" start="0" width="0.001" count="1" />
        <bin index="1" start="0.001" width="0.001" count="23" />
        <bin index="2" start="0.002" width="0.001" count="31" />
        <bin index="3" start="0.003" width="0.001" count="14" />
        <bin index="4" start="0.004" width="0.001" count="6" />
        <bin index="5" start="0.005" width="0.001" count="2" />
        <bin index="7" start="0.007" width="0.001" count="1" />
        <bin index="8" start="0.008" width="0.001" count="2" />
        <bin index="9" start="0.009" width="0.001" count="2" />
        <bin index="10" start="0.01" width="0.001" count="2" />
        <bin index="11" start="0.011" width="0.001" count="3" />
        <bin index="13" start="0.013" width="0.001" count="1" />
        <bin index="14" start="0.014" width="0.001" count="1" />
        <bin index="15" start="0.015" width="0.001" count="2" />
        <bin index="16" start="0.016" width="0.001" count="1" />
        <bin index="18" start="0.018" width="0.001" count="2" />
        <bin index="19" start="0.019" width="0.001" count="2" />
        <bin index="23" start="0.023" width="0.001" count="1" />
        <bin index="26" start="0.026" width="0.001" count="1" />
        <bin index="27" start="0.027" width="0.001" count="1" />
        <bin index="28" start="0.028" width="0.001" count="1" />
        <bin index="42" start="0.042" width="0.001" count="1" />
        <bin index="47" start="0.047" width="0.001" count="1" />
        <bin index="48" start="0.048" width="0.001" count="1" />
        <bin index="51" start="0.051" width="0.001" count="1" />
        <bin index="53" start="0.053" width="0.001" count="1" />
        <bin index="112" start="0.112" width="0.001" count="1" />
        <bin index="150" start="0.15" width="0.001" count="1" />
        <bin index="433" start="0.433" width="0.001" count="1" />
        <bin index="526" start="0.526" width="0.001" count="1" />
        <bin index="642" start="0.642" width="0.001" count="1" />
        <bin index="766" start="0.766" width="0.001" count="1" />
        <bin index="886" start="0.886" width="0.001" count="1" />
        <bin index="1015" start="1.015" width="0.001" count="1" />
        <bin index="1133" start="1.133" width="0.001" count="1" />
        <bin index="1274" start="1.274" width="0.001" count="1" />
      </delayHistogram>
      <jitterHistogram nBins="1248" >
        <bin index="0" start="0" width="0.001" count="35" />
        <bin index="1" start="0.001" width="0.001" count="18" />
        <bin index="2" start="0.002" width="0.001" count="7" />
        <bin index="3" start="0.003" width="0.001" count="1" />
        <bin index="5" start="0.005" width="0.001" count="2" />
        <bin index="6" start="0.006" width="0.001" count="2" />
        <bin index="7" start="0.007" width="0.001" count="3" />
        <bin index="8" start="0.008" width="0.001" count="4" />
        <bin index="9" start="0.009" width="0.001" count="2" />
        <bin index="10" start="0.01" width="0.001" count="1" />
        <bin index="11" start="0.011" width="0.001" count="3" />
        <bin index="12" start="0.012" width="0.001" count="1" />
        <bin index="13" start="0.013" width="0.001" count="3" />
        <bin index="14" start="0.014" width="0.001" count="3" />
        <bin index="16" start="0.016" width="0.001" count="2" />
        <bin index="18" start="0.018" width="0.001" count="1" />
        <bin index="19" start="0.019" width="0.001" count="1" />
        <bin index="20" start="0.02" width="0.001" count="1" />
        <bin index="24" start="0.024" width="0.001" count="2" />
        <bin index="26" start="0.026" width="0.001" count="1" />
        <bin index="33" start="0.033" width="0.001" count="1" />
        <bin index="37" start="0.037" width="0.001" count="1" />
        <bin index="38" start="0.038" width="0.001" count="1" />
        <bin index="39" start="0.039" width="0.001" count="1" />
        <bin index="41" start="0.041" width="0.001" count="1" />
        <bin index="44" start="0.044" width="0.001" count="1" />
        <bin index="46" start="0.046" width="0.001" count="1" />
        <bin index="51" start="0.051" width="0.001" count="1" />
        <bin index="100" start="0.1" width="0.001" count="1" />
        <bin index="140" start="0.14" width="0.001" count="1" />
        <bin index="149" start="0.149" width="0.001" count="1" />
        <bin index="239" start="0.239" width="0.001" count="1" />
        <bin index="243" start="0.243" width="0.001" count="1" />
        <bin index="247" start="0.247" width="0.001" count="1" />
        <bin index="249" start="0.249" width="0.001" count="1" />
        <bin index="321" start="0.321" width="0.001" count="1" />
        <bin index="430" start="0.43" width="0.001" count="1" />
        <bin index="479" start="0.479" width="0.001" count="1" />
        <bin index="640" start="0.64" width="0.001" count="1" />
        <bin index="865" start="0.865" width="0.001" count="1" />
        <bin index="1247" start="1.247" width="0.001" count="1" />
      </jitterHistogram>
      <packetSizeHistogram nBins="5" >
        <bin index="4" start="80" width="20" count="115" />
      </packetSizeHistogram>
      <flowInterruptionsHistogram nBins="185" >
        <bin index="2" start="0.5" width="0.25" count="10" />
        <bin index="3" start="0.75" width="0.25" count="1" />
        <bin index="4" start="1" width="0.25" count="2" />
        <bin index="10" start="2.5" width="0.25" count="2" />
        <bin index="65" start="16.25" width="0.25" count="1" />
        <bin index="184" start="46" width="0.25" count="1" />
      </flowInterruptionsHistogram>
    </Flow>
    <Flow flowId="5" timeFirstTxPacket="+100584054896.0ns" timeFirstRxPacket="+100593953411.0ns" timeLastTxPacket="+199834054896.0ns" timeLastRxPacket="+197854865586.0ns" delaySum="+3727600413.0ns" jitterSum="+4673876347.0ns" lastDelay="+20810690.0ns" txBytes="36616" rxBytes="33304" txPackets="398" rxPackets="362" lostPackets="23" timesForwarded="0">
      <delayHistogram nBins="476" >
        <bin index="0" start="0" width="0.001" count="294" />
        <bin index="1" start="0.001" width="0.001" count="16" />
        <bin index="2" start="0.002" width="0.001" count="8" />
        <bin index="3" start="0.003" width="0.001" count="5" />
        <bin index="4" start="0.004" width="0.001" count="6" />
        <bin index="5" start="0.005" width="0.001" count="2" />
        <bin index="8" start="0.008" width="0.001" count="1" />
        <bin index="9" start="0.009" width="0.001" count="1" />
        <bin index="13" start="0.013" width="0.001" count="1" />
        <bin index="14" start="0.014" width="0.001" count="1" />
        <bin index="16" start="0.016" width="0.001" count="1" />
        <bin index="17" start="0.017" width="0.001" count="1" />
        <bin index="18" start="0.018" width="0.001" count="2" />
        <bin index="20" start="0.02" width="0.001" count="1" />
        <bin index="21" start="0.021" width="0.001" count="1" />
        <bin index="22" start="0.022" width="0.001" count="1" />
        <bin index="25" start="0.025" width="0.001" count="1" />
        <bin index="28" start="0.028" width="0.001" count="1" />
        <bin index="30" start="0.03" width="0.001" count="1" />
        <bin index="31" start="0.031" width="0.001" count="1" />
        <bin index="36" start="0.036" width="0.001" count="1" />
        <bin index="49" start="0.049" width="0.001" count="2" />
        <bin index="59" start="0.059" width="0.001" count="1" />
        <bin index="100" start="0.1" width="0.001" count="1" />
        <bin index="116" start="0.116" width="0.001" count="1" />
        <bin index="172" start="0.172" width="0.001" count="1" />
        <bin index="192" start="0.192" width="0.001" count="1" />
        <bin index="200" start="0.2" width="0.001" count="1" />
        <bin index="205" start="0.205" width="0.001" count="1" />
        <bin index="228" start="0.228" width="0.001" count="1" />
        <bin index="267" start="0.267" width="0.001" count="1" />
        <bin index="303" start="0.303" width="0.001" count="1" />
        <bin index="377" start="0.377" width="0.001" count="1" />
        <bin index="411" start="0.411" width="0.001" count="1" />
        <bin index="475" start="0.475" width="0.001" count="1" />
      </delayHistogram>
      <jitterHistogram nBins="475" >
        <bin index="0" start="0" width="0.001" count="288" />
        <bin index="1" start="0.001" width="0.001" count="17" />
        <bin index="2" start="0.002" width="0.001" count="4" />
        <bin index="3" start="0.003" width="0.001" count="2" />
        <bin index="4" start="0.004" width="0.001" count="4" />
        <bin index="5" start="0.005" width="0.001" count="1" />
        <bin index="7" start="0.007" width="0.001" count="3" />
        <bin index="9" start="0.009" width="0.001" count="1" />
        <bin index="13" start="0.013" width="0.001" count="1" />
        <bin index="15" start="0.015" width="0.001" count="1" />
        <bin index="16" start="0.016" width="0.001" count="1" />
        <bin index="17" start="0.017" width="0.001" count="1" />
        <bin index="18" start="0.018" width="0.001" count="2" />
        <bin index="20" start="0.02" width="0.001" count="1" />
        <bin index="22" start="0.022" width="0.001" count="1" />
        <bin index="24" start="0.024" width="0.001" count="2" />
        <bin index="25" start="0.025" width="0.001" count="1" />
        <bin index="26" start="0.026" width="0.001" count="1" />
        <bin index="28" start="0.028" width="0.001" count="1" />
        <bin index="29" start="0.029" width="0.001" count="1" />
        <bin index="30" start="0.03" width="0.001" count="1" />
        <bin index="31" start="0.031" width="0.001" count="1" />
        <bin index="32" start="0.032" width="0.001" count="1" />
        <bin index="34" start="0.034" width="0.001" count="1" />
        <bin index="45" start="0.045" width="0.001" count="1" />
        <bin index="46" start="0.046" width="0.001" count="1" />
        <bin index="47" start="0.047" width="0.001" count="1" />
        <bin index="59" start="0.059" width="0.001" count="1" />
        <bin index="63" start="0.063" width="0.001" count="1" />
        <bin index="100" start="0.1" width="0.001" count="1" />
        <bin index="110" start="0.11" width="0.001" count="1" />
        <bin index="145" start="0.145" width="0.001" count="1" />
        <bin index="166" start="0.166" width="0.001" count="1" />
        <bin index="172" start="0.172" width="0.001" count="1" />
        <bin index="176" start="0.176" width="0.001" count="1" />
        <bin index="177" start="0.177" width="0.001" count="1" />
        <bin index="186" start="0.186" width="0.001" count="1" />
        <bin index="188" start="0.188" width="0.001" count="1" />
        <bin index="189" start="0.189" width="0.001" count="1" />
        <bin index="196" start="0.196" width="0.001" count="1" />
        <bin index="198" start="0.198" width="0.001" count="1" />
        <bin index="205" start="0.205" width="0.001" count="1" />
        <bin index="239" start="0.239" width="0.001" count="1" />
        <bin index="267" start="0.267" width="0.001" count="1" />
        <bin index="300" start="0.3" width="0.001" count="1" />
        <bin index="372" start="0.372" width="0.001" count="1" />
        <bin index="474" start="0.474" width="0.001" count="1" />
      </jitterHistogram>
      <packetSizeHistogram nBins="5" >
        <bin index="4" start="80" width="20" count="362" />
      </packetSizeHistogram>
      <flowInterruptionsHistogram nBins="12" >
        <bin index="2" start="0.5" width="0.25" count="8" />
        <bin index="3" start="0.75" width="0.25" count="2" />
        <bin index="4" start="1" width="0.25" count="1" />
        <bin index="5" start="1.25" width="0.25" count="1" />
        <bin index="11" start="2.75" width="0.25" count="1" />
      </flowInterruptionsHistogram>
    </Flow>
    <Flow flowId="6" timeFirstTxPacket="+100596832416.0ns" timeFirstRxPacket="+100607141608.0ns" timeLastTxPacket="+199846832416.0ns" timeLastRxPacket="+199849370453.0ns" delaySum="+8368494974.0ns" jitterSum="+7621072509.0ns" lastDelay="+2538037.0ns" txBytes="36616" rxBytes="28888" txPackets="398" rxPackets="314" lostPackets="84" timesForwarded="112">
      <delayHistogram nBins="2012" >
        <bin index="0" start="0" width="0.001" count="163" />
        <bin index="1" start="0.001" width="0.001" count="78" />
        <bin index="2" start="0.002" width="0.001" count="22" />
        <bin index="3" start="0.003" width="0.001" count="9" />
        <bin index="4" start="0.004" width="0.001" count="8" />
        <bin index="5" start="0.005" width="0.001" count="5" />
        <bin index="6" start="0.006" width="0.001" count="3" />
        <bin index="7" start="0.007" width="0.001" count="2" />
        <bin index="8" start="0.008" width="0.001" count="1" />
        <bin index="9" start="0.009" width="0.001" count="4" />
        <bin index="10" start="0.01" width="0.001" count="2" />
        <bin index="16" start="0.016" width="0.001" count="1" />
        <bin index="32" start="0.032" width="0.001" count="1" />
        <bin index="48" start="0.048" width="0.001" count="1" />
        <bin index="50" start="0.05" width="0.001" count="1" />
        <bin index="59" start="0.059" width="0.001" count="1" />
        <bin index="67" start="0.067" width="0.001" count="1" />
        <bin index="110" start="0.11" width="0.001" count="1" />
        <bin index="173" start="0.173" width="0.001" count="1" />
        <bin index="193" start="0.193" width="0.001" count="1" />
        <bin index="214" start="0.214" width="0.001" count="1" />
        <bin index="264" start="0.264" width="0.001" count="1" />
        <bin index="348" start="0.348" width="0.001" count="1" />
        <bin index="442" start="0.442" width="0.001" count="1" />
        <bin index="625" start="0.625" width="0.001" count="1" />
        <bin index="1515" start="1.515" width="0.001" count="1" />
        <bin index="1764" start="1.764" width="0.001" count="1" />
        <bin index="2011" start="2.011" width="0.001" count="1" />
      </delayHistogram>
      <jitterHistogram nBins="2005" >
        <bin index="0" start="0" width="0.001" count="222" />
        <bin index="1" start="0.001" width="0.001" count="27" />
        <bin index="2" start="0.002" width="0.001" count="9" />
        <bin index="3" start="0.003" width="0.001" count="10" />
        <bin index="4" start="0.004" width="0.001" count="6" />
        <bin index="5" start="0.005" width="0.001" count="5" />
        <bin index="6" start="0.006" width="0.001" count="1" />
        <bin index="7" start="0.007" width="0.001" count="2" />
        <bin index="8" start="0.008" width="0.001" count="2" />
        <bin index="9" start="0.009" width="0.001" count="4" />
        <bin index="11" start="0.011" width="0.001" count="1" />
        <bin index="13" start="0.013" width="0.001" count="1" />
        <bin index="30" start="0.03" width="0.001" count="1" />
        <bin index="31" start="0.031" width="0.001" count="1" />
        <bin index="41" start="0.041" width="0.001" count="1" />
        <bin index="50" start="0.05" width="0.001" count="1" />
        <bin index="59" start="0.059" width="0.001" count="1" />
        <bin index="67" start="0.067" width="0.001" count="1" />
        <bin index="105" start="0.105" width="0.001" count="1" />
        <bin index="108" start="0.108" width="0.001" count="1" />
        <bin index="154" start="0.154" width="0.001" count="1" />
        <bin index="173" start="0.173" width="0.001" count="1" />
        <bin index="183" start="0.183" width="0.001" count="1" />
        <bin index="191" start="0.191" width="0.001" count="1" />
        <bin index="213" start="0.213" width="0.001" count="1" />
        <bin index="214" start="0.214" width="0.001" count="1" />
        <bin index="216" start="0.216" width="0.001" count="1" />
        <bin index="237" start="0.237" width="0.001" count="1" />
        <bin index="246" start="0.246" width="0.001" count="1" />
        <bin index="248" start="0.248" width="0.001" count="1" />
        <bin index="249" start="0.249" width="0.001" count="1" />
        <bin index="347" start="0.347" width="0.001" count="1" />
        <bin index="622" start="0.622" width="0.001" count="1" />
        <bin index="1509" start="1.509" width="0.001" count="1" />
        <bin index="2004" start="2.004" width="0.001" count="1" />
      </jitterHistogram>
      <packetSizeHistogram nBins="5" >
        <bin index="4" start="80" width="20" count="314" />
      </packetSizeHistogram>
      <flowInterruptionsHistogram nBins="82" >
        <bin index="2" start="0.5" width="0.25" count="5" />
        <bin index="3" start="0.75" width="0.25" count="1" />
        <bin index="81" start="20.25" width="0.25" count="1" />
      </flowInterruptionsHistogram>
    </Flow>
    <Flow flowId="7" timeFirstTxPacket="+100767345429.0ns" timeFirstRxPacket="+100784633059.0ns" timeLastTxPacket="+199767345429.0ns" timeLastRxPacket="+199767631857.0ns" delaySum="+4925078688.0ns" jitterSum="+5010495864.0ns" lastDelay="+286428.0ns" txBytes="36524" rxBytes="33304" txPackets="397" rxPackets="362" lostPackets="35" timesForwarded="45">
      <delayHistogram nBins="1002" >
        <bin index="0" start="0" width="0.001" count="307" />
        <bin index="1" start="0.001" width="0.001" count="26" />
        <bin index="2" start="0.002" width="0.001" count="5" />
        <bin index="3" start="0.003" width="0.001" count="2" />
        <bin index="4" start="0.004" width="0.001" count="1" />
        <bin index="5" start="0.005" width="0.001" count="1" />
        <bin index="6" start="0.006" width="0.001" count="1" />
        <bin index="17" start="0.017" width="0.001" count="1" />
        <bin index="21" start="0.021" width="0.001" count="1" />
        <bin index="49" start="0.049" width="0.001" count="1" />
        <bin index="50" start="0.05" width="0.001" count="1" />
        <bin index="89" start="0.089" width="0.001" count="1" />
        <bin index="99" start="0.099" width="0.001" count="1" />
        <bin index="100" start="0.1" width="0.001" count="1" />
        <bin index="115" start="0.115" width="0.001" count="1" />
        <bin index="132" start="0.132" width="0.001" count="1" />
        <bin index="181" start="0.181" width="0.001" count="1" />
        <bin index="189" start="0.189" width="0.001" count="1" />
        <bin index="197" start="0.197" width="0.001" count="1" />
        <bin index="222" start="0.222" width="0.001" count="1" />
        <bin index="251" start="0.251" width="0.001" count="1" />
        <bin index="299" start="0.299" width="0.001" count="1" />
        <bin index="490" start="0.49" width="0.001" count="1" />
        <bin index="503" start="0.503" width="0.001" count="1" />
        <bin index="752" start="0.752" width="0.001" count="1" />
        <bin index="1001" start="1.001" width="0.001" count="1" />
      </delayHistogram>
      <jitterHistogram nBins="980" >
        <bin index="0" start="0" width="0.001" count="317" />
        <bin index="1" start="0.001" width="0.001" count="9" />
        <bin index="2" start="0.002" width="0.001" count="3" />
        <bin index="3" start="0.003" width="0.001" count="3" />
        <bin index="4" start="0.004" width="0.001" count="2" />
        <bin index="5" start="0.005" width="0.001" count="1" />
        <bin index="10" start="0.01" width="0.001" count="1" />
        <bin index="16" start="0.016" width="0.001" count="1" />
        <bin index="28" start="0.028" width="0.001" count="1" />
        <bin index="40" start="0.04" width="0.001" count="1" />
        <bin index="48" start="0.048" width="0.001" count="2" />
        <bin index="56" start="0.056" width="0.001" count="1" />
        <bin index="88" start="0.088" width="0.001" count="1" />
        <bin index="97" start="0.097" width="0.001" count="2" />
        <bin index="100" start="0.1" width="0.001" count="1" />
        <bin index="115" start="0.115" width="0.001" count="1" />
        <bin index="129" start="0.129" width="0.001" count="1" />
        <bin index="135" start="0.135" width="0.001" count="1" />
        <bin index="178" start="0.178" width="0.001" count="1" />
        <bin index="188" start="0.188" width="0.001" count="1" />
        <bin index="190" start="0.19" width="0.001" count="1" />
        <bin index="197" start="0.197" width="0.001" count="1" />
        <bin index="221" start="0.221" width="0.001" count="1" />
        <bin index="248" start="0.248" width="0.001" count="1" />
        <bin index="249" start="0.249" width="0.001" count="2" />
        <bin index="250" start="0.25" width="0.001" count="1" />
        <bin index="488" start="0.488" width="0.001" count="1" />
        <bin index="503" start="0.503" width="0.001" count="1" />
        <bin index="979" start="0.979" width="0.001" count="1" />
      </jitterHistogram>
      <packetSizeHistogram nBins="5" >
        <bin index="4" start="80" width="20" count="362" />
      </packetSizeHistogram>
      <flowInterruptionsHistogram nBins="35" >
        <bin index="2" start="0.5" width="0.25" count="3" />
        <bin index="34" start="8.5" width="0.25" count="1" />
      </flowInterruptionsHistogram>
    </Flow>
    <Flow flowId="8" timeFirstTxPacket="+100884855346.0ns" timeFirstRxPacket="+100900113414.0ns" timeLastTxPacket="+199884855346.0ns" timeLastRxPacket="+199885142118.0ns" delaySum="+11318855816.0ns" jitterSum="+9079494856.0ns" lastDelay="+286772.0ns" txBytes="36524" rxBytes="31740" txPackets="397" rxPackets="345" lostPackets="52" timesForwarded="52">
      <delayHistogram nBins="2002" >
        <bin index="0" start="0" width="0.001" count="271" />
        <bin index="1" start="0.001" width="0.001" count="32" />
        <bin index="2" start="0.002" width="0.001" count="8" />
        <bin index="3" start="0.003" width="0.001" count="2" />
        <bin index="4" start="0.004" width="0.001" count="2" />
        <bin index="6" start="0.006" width="0.001" count="1" />
        <bin index="8" start="0.008" width="0.001" count="1" />
        <bin index="9" start="0.009" width="0.001" count="2" />
        <bin index="14" start="0.014" width="0.001" count="1" />
        <bin index="15" start="0.015" width="0.001" count="1" />
        <bin index="16" start="0.016" width="0.001" count="1" />
        <bin index="20" start="0.02" width="0.001" count="1" />
        <bin index="23" start="0.023" width="0.001" count="1" />
        <bin index="32" start="0.032" width="0.001" count="1" />
        <bin index="41" start="0.041" width="0.001" count="1" />
        <bin index="42" start="0.042" width="0.001" count="1" />
        <bin index="50" start="0.05" width="0.001" count="1" />
        <bin index="51" start="0.051" width="0.001" count="1" />
        <bin index="86" start="0.086" width="0.001" count="1" />
        <bin index="98" start="0.098" width="0.001" count="1" />
        <bin index="135" start="0.135" width="0.001" count="1" />
        <bin index="145" start="0.145" width="0.001" count="1" />
        <bin index="179" start="0.179" width="0.001" count="1" />
        <bin index="208" start="0.208" width="0.001" count="1" />
        <bin index="218" start="0.218" width="0.001" count="1" />
        <bin index="228" start="0.228" width="0.001" count="1" />
        <bin index="235" start="0.235" width="0.001" count="1" />
        <bin index="245" start="0.245" width="0.001" count="1" />
        <bin index="1054" start="1.054" width="0.001" count="1" />
        <bin index="1236" start="1.236" width="0.001" count="1" />
        <bin index="1484" start="1.484" width="0.001" count="1" />
        <bin index="1503" start="1.503" width="0.001" count="1" />
        <bin index="1753" start="1.753" width="0.001" count="1" />
        <bin index="2001" start="2.001" width="0.001" count="1" />
      </delayHistogram>
      <jitterHistogram nBins="2001" >
        <bin index="0" start="0" width="0.001" count="283" />
        <bin index="1" start="0.001" width="0.001" count="14" />
        <bin index="2" start="0.002" width="0.001" count="3" />
        <bin index="3" start="0.003" width="0.001" count="1" />
        <bin index="4" start="0.004" width="0.001" count="1" />
        <bin index="5" start="0.005" width="0.001" count="1" />
        <bin index="6" start="0.006" width="0.001" count="1" />
        <bin index="7" start="0.007" width="0.001" count="4" />
        <bin index="8" start="0.008" width="0.001" count="1" />
        <bin index="10" start="0.01" width="0.001" count="1" />
        <bin index="14" start="0.014" width="0.001" count="3" />
        <bin index="16" start="0.016" width="0.001" count="1" />
        <bin index="20" start="0.02" width="0.001" count="1" />
        <bin index="22" start="0.022" width="0.001" count="1" />
        <bin index="31" start="0.031" width="0.001" count="1" />
        <bin index="32" start="0.032" width="0.001" count="1" />
        <bin index="37" start="0.037" width="0.001" count="2" />
        <bin index="42" start="0.042" width="0.001" count="1" />
        <bin index="49" start="0.049" width="0.001" count="2" />
        <bin index="50" start="0.05" width="0.001" count="1" />
        <bin index="55" start="0.055" width="0.001" count="1" />
        <bin index="74" start="0.074" width="0.001" count="1" />
        <bin index="83" start="0.083" width="0.001" count="1" />
        <bin index="86" start="0.086" width="0.001" count="1" />
        <bin index="112" start="0.112" width="0.001" count="1" />
        <bin index="124" start="0.124" width="0.001" count="1" />
        <bin index="135" start="0.135" width="0.001" count="1" />
        <bin index="167" start="0.167" width="0.001" count="1" />
        <bin index="179" start="0.179" width="0.001" count="1" />
        <bin index="182" start="0.182" width="0.001" count="1" />
        <bin index="195" start="0.195" width="0.001" count="1" />
        <bin index="208" start="0.208" width="0.001" count="1" />
        <bin index="234" start="0.234" width="0.001" count="1" />
        <bin index="247" start="0.247" width="0.001" count="1" />
        <bin index="248" start="0.248" width="0.001" count="1" />
        <bin index="249" start="0.249" width="0.001" count="1" />
        <bin index="967" start="0.967" width="0.001" count="1" />
        <bin index="1484" start="1.484" width="0.001" count="1" />
        <bin index="1501" start="1.501" width="0.001" count="1" />
        <bin index="2000" start="2" width="0.001" count="1" />
      </jitterHistogram>
      <packetSizeHistogram nBins="5" >
        <bin index="4" start="80" width="20" count="345" />
      </packetSizeHistogram>
      <flowInterruptionsHistogram nBins="25" >
        <bin index="2" start="0.5" width="0.25" count="3" />
        <bin index="9" start="2.25" width="0.25" count="1" />
        <bin index="21" start="5.25" width="0.25" count="1" />
        <bin index="24" start="6" width="0.25" count="1" />
      </flowInterruptionsHistogram>
    </Flow>
    <Flow flowId="9" timeFirstTxPacket="+101020734582.0ns" timeFirstRxPacket="+101025834513.0ns" timeLastTxPacket="+199770734582.0ns" timeLastRxPacket="+199771020991.0ns" delaySum="+2817918180.0ns" jitterSum="+4022459308.0ns" lastDelay="+286409.0ns" txBytes="36432" rxBytes="28704" txPackets="396" rxPackets="312" lostPackets="84" timesForwarded="42">
      <delayHistogram nBins="347" >
        <bin index="0" start="0" width="0.001" count="240" />
        <bin index="1" start="0.001" width="0.001" count="18" />
        <bin index="2" start="0.002" width="0.001" count="10" />
        <bin index="3" start="0.003" width="0.001" count="10" />
        <bin index="4" start="0.004" width="0.001" count="1" />
        <bin index="5" start="0.005" width="0.001" count="1" />
        <bin index="6" start="0.006" width="0.001" count="1" />
        <bin index="8" start="0.008" width="0.001" count="2" />
        <bin index="9" start="0.009" width="0.001" count="1" />
        <bin index="12" start="0.012" width="0.001" count="1" />
        <bin index="14" start="0.014" width="0.001" count="2" />
        <bin index="16" start="0.016" width="0.001" count="2" />
        <bin index="17" start="0.017" width="0.001" count="1" />
        <bin index="22" start="0.022" width="0.001" count="1" />
        <bin index="23" start="0.023" width="0.001" count="1" />
        <bin index="28" start="0.028" width="0.001" count="1" />
        <bin index="29" start="0.029" width="0.001" count="1" />
        <bin index="30" start="0.03" width="0.001" count="1" />
        <bin index="31" start="0.031" width="0.001" count="1" />
        <bin index="32" start="0.032" width="0.001" count="2" />
        <bin index="33" start="0.033" width="0.001" count="1" />
        <bin index="44" start="0.044" width="0.001" count="1" />
        <bin index="58" start="0.058" width="0.001" count="1" />
        <bin index="61" start="0.061" width="0.001" count="1" />
        <bin index="80" start="0.08" width="0.001" count="1" />
        <bin index="110" start="0.11" width="0.001" count="1" />
        <bin index="166" start="0.166" width="0.001" count="2" />
        <bin index="195" start="0.195" width="0.001" count="1" />
        <bin index="207" start="0.207" width="0.001" count="1" />
        <bin index="215" start="0.215" width="0.001" count="1" />
        <bin index="303" start="0.303" width="0.001" count="1" />
        <bin index="307" start="0.307" width="0.001" count="1" />
        <bin index="346" start="0.346" width="0.001" count="1" />
      </delayHistogram>
      <jitterHistogram nBins="331" >
        <bin index="0" start="0" width="0.001" count="231" />
        <bin index="1" start="0.001" width="0.001" count="19" />
        <bin index="2" start="0.002" width="0.001" count="3" />
        <bin index="3" start="0.003" width="0.001" count="6" />
        <bin index="4" start="0.004" width="0.001" count="1" />
        <bin index="5" start="0.005" width="0.001" count="2" />
        <bin index="6" start="0.006" width="0.001" count="1" />
        <bin index="7" start="0.007" width="0.001" count="1" />
        <bin index="8" start="0.008" width="0.001" count="1" />
        <bin index="9" start="0.009" width="0.001" count="3" />
        <bin index="10" start="0.01" width="0.001" count="2" />
        <bin index="11" start="0.011" width="0.001" count="1" />
        <bin index="13" start="0.013" width="0.001" count="2" />
        <bin index="14" start="0.014" width="0.001" count="1" />
        <bin index="15" start="0.015" width="0.001" count="1" />
        <bin index="17" start="0.017" width="0.001" count="2" />
        <bin index="20" start="0.02" width="0.001" count="1" />
        <bin index="22" start="0.022" width="0.001" count="2" />
        <bin index="23" start="0.023" width="0.001" count="1" />
        <bin index="25" start="0.025" width="0.001" count="1" />
        <bin index="26" start="0.026" width="0.001" count="1" />
        <bin index="27" start="0.027" width="0.001" count="3" />
        <bin index="28" start="0.028" width="0.001" count="1" />
        <bin index="29" start="0.029" width="0.001" count="1" />
        <bin index="30" start="0.03" width="0.001" count="2" />
        <bin index="41" start="0.041" width="0.001" count="1" />
        <bin index="43" start="0.043" width="0.001" count="1" />
        <bin index="49" start="0.049" width="0.001" count="1" />
        <bin index="55" start="0.055" width="0.001" count="1" />
        <bin index="58" start="0.058" width="0.001" count="1" />
        <bin index="59" start="0.059" width="0.001" count="1" />
        <bin index="76" start="0.076" width="0.001" count="1" />
        <bin index="80" start="0.08" width="0.001" count="1" />
        <bin index="96" start="0.096" width="0.001" count="1" />
        <bin index="110" start="0.11" width="0.001" count="1" />
        <bin index="164" start="0.164" width="0.001" count="1" />
        <bin index="165" start="0.165" width="0.001" count="1" />
        <bin index="194" start="0.194" width="0.001" count="1" />
        <bin index="207" start="0.207" width="0.001" count="1" />
        <bin index="215" start="0.215" width="0.001" count="1" />
        <bin index="248" start="0.248" width="0.001" count="1" />
        <bin index="302" start="0.302" width="0.001" count="1" />
        <bin index="303" start="0.303" width="0.001" count="1" />
        <bin index="306" start="0.306" width="0.001" count="1" />
        <bin index="313" start="0.313" width="0.001" count="1" />
        <bin index="330" start="0.33" width="0.001" count="1" />
      </jitterHistogram>
      <packetSizeHistogram nBins="5" >
        <bin index="4" start="80" width="20" count="312" />
      </packetSizeHistogram>
      <flowInterruptionsHistogram nBins="59" >
        <bin index="2" start="0.5" width="0.25" count="5" />
        <bin index="3" start="0.75" width="0.25" count="3" />
        <bin index="4" start="1" width="0.25" count="2" />
        <bin index="8" start="2" width="0.25" count="1" />
        <bin index="58" start="14.5" width="0.25" count="1" />
      </flowInterruptionsHistogram>
    </Flow>
    <Flow flowId="10" timeFirstTxPacket="+101174626889.0ns" timeFirstRxPacket="+101177325503.0ns" timeLastTxPacket="+199924626889.0ns" timeLastRxPacket="+199939453914.0ns" delaySum="+2971661572.0ns" jitterSum="+3515840879.0ns" lastDelay="+14827025.0ns" txBytes="36432" rxBytes="36064" txPackets="396" rxPackets="392" lostPackets="1" timesForwarded="0">
      <delayHistogram nBins="333" >
        <bin index="0" start="0" width="0.001" count="360" />
        <bin index="1" start="0.001" width="0.001" count="5" />
        <bin index="2" start="0.002" width="0.001" count="3" />
        <bin index="3" start="0.003" width="0.001" count="3" />
        <bin index="4" start="0.004" width="0.001" count="1" />
        <bin index="14" start="0.014" width="0.001" count="1" />
        <bin index="25" start="0.025" width="0.001" count="1" />
        <bin index="32" start="0.032" width="0.001" count="1" />
        <bin index="42" start="0.042" width="0.001" count="1" />
        <bin index="52" start="0.052" width="0.001" count="1" />
        <bin index="63" start="0.063" width="0.001" count="1" />
        <bin index="80" start="0.08" width="0.001" count="1" />
        <bin index="85" start="0.085" width="0.001" count="1" />
        <bin index="100" start="0.1" width="0.001" count="1" />
        <bin index="105" start="0.105" width="0.001" count="1" />
        <bin index="157" start="0.157" width="0.001" count="1" />
        <bin index="170" start="0.17" width="0.001" count="1" />
        <bin index="177" start="0.177" width="0.001" count="1" />
        <bin index="184" start="0.184" width="0.001" count="1" />
        <bin index="218" start="0.218" width="0.001" count="1" />
        <bin index="224" start="0.224" width="0.001" count="2" />
        <bin index="225" start="0.225" width="0.001" count="1" />
        <bin index="318" start="0.318" width="0.001" count="1" />
        <bin index="332" start="0.332" width="0.001" count="1" />
      </delayHistogram>
      <jitterHistogram nBins="332" >
        <bin index="0" start="0" width="0.001" count="347" />
        <bin index="1" start="0.001" width="0.001" count="6" />
        <bin index="2" start="0.002" width="0.001" count="3" />
        <bin index="3" start="0.003" width="0.001" count="6" />
        <bin index="4" start="0.004" width="0.001" count="2" />
        <bin index="14" start="0.014" width="0.001" count="2" />
        <bin index="25" start="0.025" width="0.001" count="1" />
        <bin index="31" start="0.031" width="0.001" count="1" />
        <bin index="41" start="0.041" width="0.001" count="1" />
        <bin index="47" start="0.047" width="0.001" count="1" />
        <bin index="52" start="0.052" width="0.001" count="1" />
        <bin index="63" start="0.063" width="0.001" count="1" />
        <bin index="66" start="0.066" width="0.001" count="1" />
        <bin index="80" start="0.08" width="0.001" count="1" />
        <bin index="85" start="0.085" width="0.001" count="1" />
        <bin index="100" start="0.1" width="0.001" count="1" />
        <bin index="104" start="0.104" width="0.001" count="1" />
        <bin index="105" start="0.105" width="0.001" count="1" />
        <bin index="117" start="0.117" width="0.001" count="1" />
        <bin index="142" start="0.142" width="0.001" count="1" />
        <bin index="144" start="0.144" width="0.001" count="1" />
        <bin index="161" start="0.161" width="0.001" count="1" />
        <bin index="170" start="0.17" width="0.001" count="1" />
        <bin index="177" start="0.177" width="0.001" count="1" />
        <bin index="192" start="0.192" width="0.001" count="1" />
        <bin index="193" start="0.193" width="0.001" count="1" />
        <bin index="212" start="0.212" width="0.001" count="1" />
        <bin index="224" start="0.224" width="0.001" count="1" />
        <bin index="246" start="0.246" width="0.001" count="1" />
        <bin index="318" start="0.318" width="0.001" count="1" />
        <bin index="331" start="0.331" width="0.001" count="1" />
      </jitterHistogram>
      <packetSizeHistogram nBins="5" >
        <bin index="4" start="80" width="20" count="392" />
      </packetSizeHistogram>
      <flowInterruptionsHistogram nBins="4" >
        <bin index="3" start="0.75" width="0.25" count="3" />
      </flowInterruptionsHistogram>
    </Flow>
  </FlowStats>
  <Ipv4FlowClassifier>
    <Flow flowId="2" sourceAddress="10.1.1.11" destinationAddress="10.1.1.1" protocol="17" sourcePort="49153" destinationPort="9">
      <Dscp value="0x0" packets="398" />
    </Flow>
    <Flow flowId="7" sourceAddress="10.1.1.12" destinationAddress="10.1.1.2" protocol="17" sourcePort="49153" destinationPort="9">
      <Dscp value="0x0" packets="397" />
    </Flow>
    <Flow flowId="4" sourceAddress="10.1.1.13" destinationAddress="10.1.1.3" protocol="17" sourcePort="49153" destinationPort="9">
      <Dscp value="0x0" packets="398" />
    </Flow>
    <Flow flowId="3" sourceAddress="10.1.1.14" destinationAddress="10.1.1.4" protocol="17" sourcePort="49153" destinationPort="9">
      <Dscp value="0x0" packets="398" />
    </Flow>
    <Flow flowId="1" sourceAddress="10.1.1.15" destinationAddress="10.1.1.5" protocol="17" sourcePort="49153" destinationPort="9">
      <Dscp value="0x0" packets="399" />
    </Flow>
    <Flow flowId="9" sourceAddress="10.1.1.16" destinationAddress="10.1.1.6" protocol="17" sourcePort="49153" destinationPort="9">
      <Dscp value="0x0" packets="396" />
    </Flow>
    <Flow flowId="8" sourceAddress="10.1.1.17" destinationAddress="10.1.1.7" protocol="17" sourcePort="49153" destinationPort="9">
      <Dscp value="0x0" packets="397" />
    </Flow>
    <Flow flowId="10" sourceAddress="10.1.1.18" destinationAddress="10.1.1.8" protocol="17" sourcePort="49153" destinationPort="9">
      <Dscp value="0x0" packets="396" />
    </Flow>
    <Flow flowId="6" sourceAddress="10.1.1.19" destinationAddress="10.1.1.9" protocol="17" sourcePort="49153" destinationPort="9">
      <Dscp value="0x0" packets="398" />
    </Flow>
    <Flow flowId="5" sourceAddress="10.1.1.20" destinationAddress="10.1.1.10" protocol="17" sourcePort="49153" destinationPort="9">
      <Dscp value="0x0" packets="398" />
    </Flow>
  </Ipv4FlowClassifier>
  <Ipv6FlowClassifier>
  </Ipv6FlowClassifier>
  <FlowProbes>
    <FlowProbe index="0">
      <FlowStats  flowId="2" packets="324" bytes="29808" delayFromFirstProbeSum="+12078136233.0ns" >
      </FlowStats>
    </FlowProbe>
    <FlowProbe index="1">
    </FlowProbe>
    <FlowProbe index="2">
      <FlowStats  flowId="1" packets="61" bytes="5612" delayFromFirstProbeSum="+1786381240.0ns" >
      </FlowStats>
      <FlowStats  flowId="2" packets="61" bytes="5612" delayFromFirstProbeSum="+898650749.0ns" >
      </FlowStats>
      <FlowStats  flowId="7" packets="362" bytes="33304" delayFromFirstProbeSum="+4925078688.0ns" >
      </FlowStats>
    </FlowProbe>
    <FlowProbe index="3">
    </FlowProbe>
    <FlowProbe index="4">
      <FlowStats  flowId="4" packets="115" bytes="10580" delayFromFirstProbeSum="+7741686490.0ns" >
      </FlowStats>
      <FlowStats  flowId="6" packets="60" bytes="5520" delayFromFirstProbeSum="+658274045.0ns" >
      </FlowStats>
    </FlowProbe>
    <FlowProbe index="5">
    </FlowProbe>
    <FlowProbe index="6">
      <FlowStats  flowId="3" packets="260" bytes="23920" delayFromFirstProbeSum="+8030009107.0ns" >
      </FlowStats>
    </FlowProbe>
    <FlowProbe index="7">
    </FlowProbe>
    <FlowProbe index="8">
      <FlowStats  flowId="1" packets="97" bytes="8924" delayFromFirstProbeSum="+8903167672.0ns" >
      </FlowStats>
    </FlowProbe>
    <FlowProbe index="9">
    </FlowProbe>
    <FlowProbe index="10">
      <FlowStats  flowId="4" packets="17" bytes="1564" delayFromFirstProbeSum="+3972133172.0ns" >
      </FlowStats>
      <FlowStats  flowId="9" packets="312" bytes="28704" delayFromFirstProbeSum="+2817918180.0ns" >
      </FlowStats>
    </FlowProbe>
    <FlowProbe index="11">
    </FlowProbe>
    <FlowProbe index="12">
      <FlowStats  flowId="8" packets="345" bytes="31740" delayFromFirstProbeSum="+11318855816.0ns" >
      </FlowStats>
    </FlowProbe>
    <FlowProbe index="13">
    </FlowProbe>
    <FlowProbe index="14">
      <FlowStats  flowId="4" packets="1" bytes="92" delayFromFirstProbeSum="+144747125.0ns" >
      </FlowStats>
      <FlowStats  flowId="10" packets="392" bytes="36064" delayFromFirstProbeSum="+2971661572.0ns" >
      </FlowStats>
    </FlowProbe>
    <FlowProbe index="15">
    </FlowProbe>
    <FlowProbe index="16">
      <FlowStats  flowId="6" packets="314" bytes="28888" delayFromFirstProbeSum="+8368494974.0ns" >
      </FlowStats>
    </FlowProbe>
    <FlowProbe index="17">
    </FlowProbe>
    <FlowProbe index="18">
      <FlowStats  flowId="5" packets="362" bytes="33304" delayFromFirstProbeSum="+3727600413.0ns" >
      </FlowStats>
      <FlowStats  flowId="6" packets="58" bytes="5336" delayFromFirstProbeSum="+2881454155.0ns" >
      </FlowStats>
    </FlowProbe>
    <FlowProbe index="19">
    </FlowProbe>
    <FlowProbe index="20">
      <FlowStats  flowId="1" packets="2" bytes="184" delayFromFirstProbeSum="+3801475844.0ns" >
      </FlowStats>
      <FlowStats  flowId="2" packets="398" bytes="36616" delayFromFirstProbeSum="+0.0ns" >
      </FlowStats>
      <FlowStats  flowId="9" packets="59" bytes="5428" delayFromFirstProbeSum="+375337478.0ns" >
      </FlowStats>
    </FlowProbe>
    <FlowProbe index="21">
    </FlowProbe>
    <FlowProbe index="22">
      <FlowStats  flowId="7" packets="397" bytes="36524" delayFromFirstProbeSum="+0.0ns" >
      </FlowStats>
    </FlowProbe>
    <FlowProbe index="23">
    </FlowProbe>
    <FlowProbe index="24">
      <FlowStats  flowId="4" packets="398" bytes="36616" delayFromFirstProbeSum="+0.0ns" >
      </FlowStats>
    </FlowProbe>
    <FlowProbe index="25">
    </FlowProbe>
    <FlowProbe index="26">
      <FlowStats  flowId="3" packets="398" bytes="36616" delayFromFirstProbeSum="+0.0ns" >
      </FlowStats>
    </FlowProbe>
    <FlowProbe index="27">
    </FlowProbe>
    <FlowProbe index="28">
      <FlowStats  flowId="1" packets="399" bytes="36708" delayFromFirstProbeSum="+0.0ns" >
      </FlowStats>
    </FlowProbe>
    <FlowProbe index="29">
    </FlowProbe>
    <FlowProbe index="30">
      <FlowStats  flowId="9" packets="396" bytes="36432" delayFromFirstProbeSum="+0.0ns" >
      </FlowStats>
    </FlowProbe>
    <FlowProbe index="31">
    </FlowProbe>
    <FlowProbe index="32">
      <FlowStats  flowId="3" packets="1" bytes="92" delayFromFirstProbeSum="+1040609154.0ns" >
      </FlowStats>
      <FlowStats  flowId="8" packets="397" bytes="36524" delayFromFirstProbeSum="+0.0ns" >
      </FlowStats>
    </FlowProbe>
    <FlowProbe index="33">
    </FlowProbe>
    <FlowProbe index="34">
      <FlowStats  flowId="4" packets="59" bytes="5428" delayFromFirstProbeSum="+362107787.0ns" >
      </FlowStats>
      <FlowStats  flowId="10" packets="396" bytes="36432" delayFromFirstProbeSum="+0.0ns" >
      </FlowStats>
    </FlowProbe>
    <FlowProbe index="35">
    </FlowProbe>
    <FlowProbe index="36">
      <FlowStats  flowId="3" packets="34" bytes="3128" delayFromFirstProbeSum="+718851239.0ns" >
      </FlowStats>
      <FlowStats  flowId="6" packets="398" bytes="36616" delayFromFirstProbeSum="+0.0ns" >
      </FlowStats>
    </FlowProbe>
    <FlowProbe index="37">
    </FlowProbe>
    <FlowProbe index="38">
      <FlowStats  flowId="1" packets="1" bytes="92" delayFromFirstProbeSum="+597755847.0ns" >
      </FlowStats>
      <FlowStats  flowId="5" packets="398" bytes="36616" delayFromFirstProbeSum="+0.0ns" >
      </FlowStats>
    </FlowProbe>
    <FlowProbe index="39">
    </FlowProbe>
    <FlowProbe index="40">
      <FlowStats  flowId="4" packets="61" bytes="5612" delayFromFirstProbeSum="+646637470.0ns" >
      </FlowStats>
      <FlowStats  flowId="6" packets="60" bytes="5520" delayFromFirstProbeSum="+674525858.0ns" >
      </FlowStats>
    </FlowProbe>
    <FlowProbe index="41">
    </FlowProbe>
    <FlowProbe index="42">
    </FlowProbe>
    <FlowProbe index="43">
    </FlowProbe>
    <FlowProbe index="44">
    </FlowProbe>
    <FlowProbe index="45">
    </FlowProbe>
    <FlowProbe index="46">
      <FlowStats  flowId="2" packets="1" bytes="92" delayFromFirstProbeSum="+1002086936.0ns" >
      </FlowStats>
      <FlowStats  flowId="4" packets="16" bytes="1472" delayFromFirstProbeSum="+87835140.0ns" >
      </FlowStats>
      <FlowStats  flowId="7" packets="19" bytes="1748" delayFromFirstProbeSum="+504065874.0ns" >
      </FlowStats>
    </FlowProbe>
    <FlowProbe index="47">
    </FlowProbe>
    <FlowProbe index="48">
    </FlowProbe>
    <FlowProbe index="49">
    </FlowProbe>
    <FlowProbe index="50">
    </FlowProbe>
    <FlowProbe index="51">
    </FlowProbe>
    <FlowProbe index="52">
      <FlowStats  flowId="3" packets="22" bytes="2024" delayFromFirstProbeSum="+357697883.0ns" >
      </FlowStats>
    </FlowProbe>
    <FlowProbe index="53">
    </FlowProbe>
    <FlowProbe index="54">
      <FlowStats  flowId="2" packets="1" bytes="92" delayFromFirstProbeSum="+440265570.0ns" >
      </FlowStats>
    </FlowProbe>
    <FlowProbe index="55">
    </FlowProbe>
    <FlowProbe index="56">
    </FlowProbe>
    <FlowProbe index="57">
    </FlowProbe>
    <FlowProbe index="58">
      <FlowStats  flowId="8" packets="17" bytes="1564" delayFromFirstProbeSum="+15670772.0ns" >
      </FlowStats>
    </FlowProbe>
    <FlowProbe index="59">
    </FlowProbe>
    <FlowProbe index="60">
      <FlowStats  flowId="1" packets="58" bytes="5336" delayFromFirstProbeSum="+2275946422.0ns" >
      </FlowStats>
      <FlowStats  flowId="2" packets="58" bytes="5336" delayFromFirstProbeSum="+3447475240.0ns" >
      </FlowStats>
      <FlowStats  flowId="4" packets="18" bytes="1656" delayFromFirstProbeSum="+136685167.0ns" >
      </FlowStats>
    </FlowProbe>
    <FlowProbe index="61">
    </FlowProbe>
    <FlowProbe index="62">
    </FlowProbe>
    <FlowProbe index="63">
    </FlowProbe>
    <FlowProbe index="64">
    </FlowProbe>
    <FlowProbe index="65">
    </FlowProbe>
    <FlowProbe index="66">
      <FlowStats  flowId="4" packets="60" bytes="5520" delayFromFirstProbeSum="+946633321.0ns" >
      </FlowStats>
    </FlowProbe>
    <FlowProbe index="67">
    </FlowProbe>
    <FlowProbe index="68">
    </FlowProbe>
    <FlowProbe index="69">
    </FlowProbe>
    <FlowProbe index="70">
      <FlowStats  flowId="3" packets="33" bytes="3036" delayFromFirstProbeSum="+192768675.0ns" >
      </FlowStats>
      <FlowStats  flowId="7" packets="26" bytes="2392" delayFromFirstProbeSum="+431748127.0ns" >
      </FlowStats>
    </FlowProbe>
    <FlowProbe index="71">
    </FlowProbe>
    <FlowProbe index="72">
    </FlowProbe>
    <FlowProbe index="73">
    </FlowProbe>
    <FlowProbe index="74">
    </FlowProbe>
    <FlowProbe index="75">
    </FlowProbe>
    <FlowProbe index="76">
    </FlowProbe>
    <FlowProbe index="77">
    </FlowProbe>
    <FlowProbe index="78">
    </FlowProbe>
    <FlowProbe index="79">
    </FlowProbe>
    <FlowProbe index="80">
      <FlowStats  flowId="1" packets="59" bytes="5428" delayFromFirstProbeSum="+187005683.0ns" >
      </FlowStats>
      <FlowStats  flowId="8" packets="61" bytes="5612" delayFromFirstProbeSum="+1028781429.0ns" >
      </FlowStats>
    </FlowProbe>
    <FlowProbe index="81">
    </FlowProbe>
    <FlowProbe index="82">
    </FlowProbe>
    <FlowProbe index="83">
    </FlowProbe>
    <FlowProbe index="84">
    </FlowProbe>
    <FlowProbe index="85">
    </FlowProbe>
    <FlowProbe index="86">
      <FlowStats  flowId="1" packets="21" bytes="1932" delayFromFirstProbeSum="+458313487.0ns" >
      </FlowStats>
    </FlowProbe>
    <FlowProbe index="87">
    </FlowProbe>
    <FlowProbe index="88">
      <FlowStats  flowId="2" packets="19" bytes="1748" delayFromFirstProbeSum="+38292858.0ns" >
      </FlowStats>
    </FlowProbe>
    <FlowProbe index="89">
    </FlowProbe>
    <FlowProbe index="90">
    </FlowProbe>
    <FlowProbe index="91">
    </FlowProbe>
    <FlowProbe index="92">
      <FlowStats  flowId="4" packets="60" bytes="5520" delayFromFirstProbeSum="+598850215.0ns" >
      </FlowStats>
    </FlowProbe>
    <FlowProbe index="93">
    </FlowProbe>
    <FlowProbe index="94">
      <FlowStats  flowId="1" packets="233" bytes="21436" delayFromFirstProbeSum="+7011515611.0ns" >
      </FlowStats>
    </FlowProbe>
    <FlowProbe index="95">
    </FlowProbe>
    <FlowProbe index="96">
      <FlowStats  flowId="2" packets="19" bytes="1748" delayFromFirstProbeSum="+14838616.0ns" >
      </FlowStats>
      <FlowStats  flowId="3" packets="36" bytes="3312" delayFromFirstProbeSum="+437049865.0ns" >
      </FlowStats>
    </FlowProbe>
    <FlowProbe index="97">
    </FlowProbe>
    <FlowProbe index="98">
    </FlowProbe>
    <FlowProbe index="99">
    </FlowProbe>
  </FlowProbes>
</FlowMonitor>
