<?xml version="1.0" ?>
<FlowMonitor>
  <FlowStats>
    <Flow flowId="1" timeFirstTxPacket="+100481941559.0ns" timeFirstRxPacket="+100484320293.0ns" timeLastTxPacket="+199981941559.0ns" timeLastRxPacket="+199982228444.0ns" delaySum="+523436609.0ns" jitterSum="+809060461.0ns" lastDelay="+286885.0ns" txBytes="36708" rxBytes="36708" txPackets="399" rxPackets="399" lostPackets="0" timesForwarded="0">
      <delayHistogram nBins="158" >
        <bin index="0" start="0" width="0.001" count="389" />
        <bin index="1" start="0.001" width="0.001" count="1" />
        <bin index="2" start="0.002" width="0.001" count="2" />
        <bin index="13" start="0.013" width="0.001" count="1" />
        <bin index="21" start="0.021" width="0.001" count="1" />
        <bin index="40" start="0.04" width="0.001" count="1" />
        <bin index="41" start="0.041" width="0.001" count="1" />
        <bin index="42" start="0.042" width="0.001" count="1" />
        <bin index="87" start="0.087" width="0.001" count="1" />
        <bin index="157" start="0.157" width="0.001" count="1" />
      </delayHistogram>
      <jitterHistogram nBins="158" >
        <bin index="0" start="0" width="0.001" count="380" />
        <bin index="1" start="0.001" width="0.001" count="2" />
        <bin index="2" start="0.002" width="0.001" count="2" />
        <bin index="13" start="0.013" width="0.001" count="2" />
        <bin index="20" start="0.02" width="0.001" count="1" />
        <bin index="21" start="0.021" width="0.001" count="1" />
        <bin index="37" start="0.037" width="0.001" count="1" />
        <bin index="40" start="0.04" width="0.001" count="2" />
        <bin index="41" start="0.041" width="0.001" count="1" />
        <bin index="42" start="0.042" width="0.001" count="2" />
        <bin index="87" start="0.087" width="0.001" count="2" />
        <bin index="157" start="0.157" width="0.001" count="2" />
      </jitterHistogram>
      <packetSizeHistogram nBins="5" >
        <bin index="4" start="80" width="20" count="399" />
      </packetSizeHistogram>
      <flowInterruptionsHistogram nBins="0" >
      </flowInterruptionsHistogram>
    </Flow>
    <Flow flowId="2" timeFirstTxPacket="+100508529897.0ns" timeFirstRxPacket="+100518768916.0ns" timeLastTxPacket="+199758529897.0ns" timeLastRxPacket="+165010982321.0ns" delaySum="+13206691451.0ns" jitterSum="+9073212153.0ns" lastDelay="+2452424.0ns" txBytes="36616" rxBytes="17020" txPackets="398" rxPackets="185" lostPackets="173" timesForwarded="303">
      <delayHistogram nBins="3019" >
        <bin index="0" start="0" width="0.001" count="16" />
        <bin index="1" start="0.001" width="0.001" count="48" />
        <bin index="2" start="0.002" width="0.001" count="38" />
        <bin index="3" start="0.003" width="0.001" count="17" />
        <bin index="4" start="0.004" width="0.001" count="11" />
        <bin index="5" start="0.005" width="0.001" count="8" />
        <bin index="6" start="0.006" width="0.001" count="8" />
        <bin index="7" start="0.007" width="0.001" count="4" />
        <bin index="8" start="0.008" width="0.001" count="3" />
        <bin index="9" start="0.009" width="0.001" count="3" />
        <bin index="10" start="0.01" width="0.001" count="4" />
        <bin index="11" start="0.011" width="0.001" count="3" />
        <bin index="13" start="0.013" width="0.001" count="1" />
        <bin index="14" start="0.014" width="0.001" count="1" />
        <bin index="16" start="0.016" width="0.001" count="4" />
        <bin index="17" start="0.017" width="0.001" count="1" />
        <bin index="18" start="0.018" width="0.001" count="2" />
        <bin index="28" start="0.028" width="0.001" count="1" />
        <bin index="30" start="0.03" width="0.001" count="1" />
        <bin index="31" start="0.031" width="0.001" count="1" />
        <bin index="37" start="0.037" width="0.001" count="1" />
        <bin index="45" start="0.045" width="0.001" count="1" />
        <bin index="54" start="0.054" width="0.001" count="1" />
        <bin index="129" start="0.129" width="0.001" count="1" />
        <bin index="810" start="0.81" width="0.001" count="1" />
        <bin index="1025" start="1.025" width="0.001" count="1" />
        <bin index="2013" start="2.013" width="0.001" count="1" />
        <bin index="2521" start="2.521" width="0.001" count="1" />
        <bin index="2768" start="2.768" width="0.001" count="1" />
        <bin index="3018" start="3.018" width="0.001" count="1" />
      </delayHistogram>
      <jitterHistogram nBins="2517" >
        <bin index="0" start="0" width="0.001" count="64" />
        <bin index="1" start="0.001" width="0.001" count="35" />
        <bin index="2" start="0.002" width="0.001" count="17" />
        <bin index="3" start="0.003" width="0.001" count="9" />
        <bin index="4" start="0.004" width="0.001" count="6" />
        <bin index="5" start="0.005" width="0.001" count="6" />
        <bin index="6" start="0.006" width="0.001" count="3" />
        <bin index="7" start="0.007" width="0.001" count="3" />
        <bin index="8" start="0.008" width="0.001" count="6" />
        <bin index="9" start="0.009" width="0.001" count="2" />
        <bin index="10" start="0.01" width="0.001" count="1" />
        <bin index="11" start="0.011" width="0.001" count="2" />
        <bin index="12" start="0.012" width="0.001" count="2" />
        <bin index="13" start="0.013" width="0.001" count="1" />
        <bin index="14" start="0.014" width="0.001" count="3" />
        <bin index="15" start="0.015" width="0.001" count="2" />
        <bin index="16" start="0.016" width="0.001" count="2" />
        <bin index="17" start="0.017" width="0.001" count="2" />
        <bin index="21" start="0.021" width="0.001" count="1" />
        <bin index="24" start="0.024" width="0.001" count="1" />
        <bin index="25" start="0.025" width="0.001" count="1" />
        <bin index="26" start="0.026" width="0.001" count="2" />
        <bin index="27" start="0.027" width="0.001" count="1" />
        <bin index="28" start="0.028" width="0.001" count="1" />
        <bin index="37" start="0.037" width="0.001" count="1" />
        <bin index="126" start="0.126" width="0.001" count="1" />
        <bin index="127" start="0.127" width="0.001" count="1" />
        <bin index="214" start="0.214" width="0.001" count="1" />
        <bin index="247" start="0.247" width="0.001" count="1" />
        <bin index="249" start="0.249" width="0.001" count="1" />
        <bin index="800" start="0.8" width="0.001" count="1" />
        <bin index="1005" start="1.005" width="0.001" count="1" />
        <bin index="1023" start="1.023" width="0.001" count="1" />
        <bin index="2005" start="2.005" width="0.001" count="1" />
        <bin index="2516" start="2.516" width="0.001" count="1" />
      </jitterHistogram>
      <packetSizeHistogram nBins="5" >
        <bin index="4" start="80" width="20" count="185" />
      </packetSizeHistogram>
      <flowInterruptionsHistogram nBins="44" >
        <bin index="2" start="0.5" width="0.25" count="6" />
        <bin index="4" start="1" width="0.25" count="2" />
        <bin index="5" start="1.25" width="0.25" count="1" />
        <bin index="15" start="3.75" width="0.25" count="1" />
        <bin index="43" start="10.75" width="0.25" count="1" />
      </flowInterruptionsHistogram>
    </Flow>
    <Flow flowId="3" timeFirstTxPacket="+100540947730.0ns" timeFirstRxPacket="+100547567781.0ns" timeLastTxPacket="+199790947730.0ns" timeLastRxPacket="+167810934681.0ns" delaySum="+1653740190.0ns" jitterSum="+2707970944.0ns" lastDelay="+19986951.0ns" txBytes="36616" rxBytes="14260" txPackets="398" rxPackets="155" lostPackets="203" timesForwarded="77">
      <delayHistogram nBins="1075" >
        <bin index="0" start="0" width="0.001" count="73" />
        <bin index="1" start="0.001" width="0.001" count="45" />
        <bin index="2" start="0.002" width="0.001" count="8" />
        <bin index="3" start="0.003" width="0.001" count="3" />
        <bin index="4" start="0.004" width="0.001" count="3" />
        <bin index="5" start="0.005" width="0.001" count="1" />
        <bin index="6" start="0.006" width="0.001" count="3" />
        <bin index="7" start="0.007" width="0.001" count="1" />
        <bin index="8" start="0.008" width="0.001" count="1" />
        <bin index="9" start="0.009" width="0.001" count="1" />
        <bin index="11" start="0.011" width="0.001" count="2" />
        <bin index="17" start="0.017" width="0.001" count="3" />
        <bin index="19" start="0.019" width="0.001" count="3" />
        <bin index="21" start="0.021" width="0.001" count="1" />
        <bin index="22" start="0.022" width="0.001" count="1" />
        <bin index="34" start="0.034" width="0.001" count="1" />
        <bin index="41" start="0.041" width="0.001" count="1" />
        <bin index="42" start="0.042" width="0.001" count="1" />
        <bin index="47" start="0.047" width="0.001" count="1" />
        <bin index="56" start="0.056" width="0.001" count="1" />
        <bin index="1074" start="1.074" width="0.001" count="1" />
      </delayHistogram>
      <jitterHistogram nBins="1071" >
        <bin index="0" start="0" width="0.001" count="113" />
        <bin index="1" start="0.001" width="0.001" count="4" />
        <bin index="2" start="0.002" width="0.001" count="3" />
        <bin index="3" start="0.003" width="0.001" count="2" />
        <bin index="4" start="0.004" width="0.001" count="3" />
        <bin index="5" start="0.005" width="0.001" count="3" />
        <bin index="6" start="0.006" width="0.001" count="3" />
        <bin index="7" start="0.007" width="0.001" count="1" />
        <bin index="8" start="0.008" width="0.001" count="1" />
        <bin index="9" start="0.009" width="0.001" count="1" />
        <bin index="12" start="0.012" width="0.001" count="1" />
        <bin index="14" start="0.014" width="0.001" count="1" />
        <bin index="15" start="0.015" width="0.001" count="2" />
        <bin index="16" start="0.016" width="0.001" count="2" />
        <bin index="17" start="0.017" width="0.001" count="2" />
        <bin index="18" start="0.018" width="0.001" count="2" />
        <bin index="22" start="0.022" width="0.001" count="1" />
        <bin index="30" start="0.03" width="0.001" count="1" />
        <bin index="34" start="0.034" width="0.001" count="2" />
        <bin index="39" start="0.039" width="0.001" count="2" />
        <bin index="45" start="0.045" width="0.001" count="1" />
        <bin index="54" start="0.054" width="0.001" count="1" />
        <bin index="1063" start="1.063" width="0.001" count="1" />
        <bin index="1070" start="1.07" width="0.001" count="1" />
      </jitterHistogram>
      <packetSizeHistogram nBins="5" >
        <bin index="4" start="80" width="20" count="155" />
      </packetSizeHistogram>
      <flowInterruptionsHistogram nBins="64" >
        <bin index="2" start="0.5" width="0.25" count="3" />
        <bin index="3" start="0.75" width="0.25" count="1" />
        <bin index="4" start="1" width="0.25" count="1" />
        <bin index="5" start="1.25" width="0.25" count="1" />
        <bin index="7" start="1.75" width="0.25" count="1" />
        <bin index="34" start="8.5" width="0.25" count="1" />
        <bin index="63" start="15.75" width="0.25" count="1" />
      </flowInterruptionsHistogram>
    </Flow>
    <Flow flowId="4" timeFirstTxPacket="+100613310145.0ns" timeFirstRxPacket="+100616229998.0ns" timeLastTxPacket="+199863310145.0ns" timeLastRxPacket="+199863596850.0ns" delaySum="+9731508070.0ns" jitterSum="+7018987502.0ns" lastDelay="+286705.0ns" txBytes="36616" rxBytes="21160" txPackets="398" rxPackets="230" lostPackets="168" timesForwarded="114">
      <delayHistogram nBins="2018" >
        <bin index="0" start="0" width="0.001" count="134" />
        <bin index="1" start="0.001" width="0.001" count="37" />
        <bin index="2" start="0.002" width="0.001" count="12" />
        <bin index="3" start="0.003" width="0.001" count="8" />
        <bin index="4" start="0.004" width="0.001" count="5" />
        <bin index="5" start="0.005" width="0.001" count="4" />
        <bin index="6" start="0.006" width="0.001" count="1" />
        <bin index="7" start="0.007" width="0.001" count="1" />
        <bin index="8" start="0.008" width="0.001" count="4" />
        <bin index="9" start="0.009" width="0.001" count="1" />
        <bin index="11" start="0.011" width="0.001" count="2" />
        <bin index="13" start="0.013" width="0.001" count="1" />
        <bin index="14" start="0.014" width="0.001" count="2" />
        <bin index="27" start="0.027" width="0.001" count="1" />
        <bin index="29" start="0.029" width="0.001" count="1" />
        <bin index="33" start="0.033" width="0.001" count="1" />
        <bin index="35" start="0.035" width="0.001" count="2" />
        <bin index="36" start="0.036" width="0.001" count="1" />
        <bin index="38" start="0.038" width="0.001" count="1" />
        <bin index="47" start="0.047" width="0.001" count="1" />
        <bin index="50" start="0.05" width="0.001" count="1" />
        <bin index="58" start="0.058" width="0.001" count="1" />
        <bin index="138" start="0.138" width="0.001" count="1" />
        <bin index="595" start="0.595" width="0.001" count="1" />
        <bin index="844" start="0.844" width="0.001" count="1" />
        <bin index="1020" start="1.02" width="0.001" count="1" />
        <bin index="1093" start="1.093" width="0.001" count="1" />
        <bin index="1530" start="1.53" width="0.001" count="1" />
        <bin index="1780" start="1.78" width="0.001" count="1" />
        <bin index="2017" start="2.017" width="0.001" count="1" />
      </delayHistogram>
      <jitterHistogram nBins="1523" >
        <bin index="0" start="0" width="0.001" count="161" />
        <bin index="1" start="0.001" width="0.001" count="18" />
        <bin index="2" start="0.002" width="0.001" count="6" />
        <bin index="3" start="0.003" width="0.001" count="7" />
        <bin index="5" start="0.005" width="0.001" count="4" />
        <bin index="6" start="0.006" width="0.001" count="1" />
        <bin index="7" start="0.007" width="0.001" count="3" />
        <bin index="8" start="0.008" width="0.001" count="1" />
        <bin index="10" start="0.01" width="0.001" count="1" />
        <bin index="11" start="0.011" width="0.001" count="1" />
        <bin index="14" start="0.014" width="0.001" count="1" />
        <bin index="18" start="0.018" width="0.001" count="1" />
        <bin index="21" start="0.021" width="0.001" count="1" />
        <bin index="22" start="0.022" width="0.001" count="3" />
        <bin index="24" start="0.024" width="0.001" count="1" />
        <bin index="26" start="0.026" width="0.001" count="1" />
        <bin index="27" start="0.027" width="0.001" count="1" />
        <bin index="28" start="0.028" width="0.001" count="1" />
        <bin index="32" start="0.032" width="0.001" count="1" />
        <bin index="44" start="0.044" width="0.001" count="1" />
        <bin index="46" start="0.046" width="0.001" count="1" />
        <bin index="55" start="0.055" width="0.001" count="1" />
        <bin index="57" start="0.057" width="0.001" count="1" />
        <bin index="125" start="0.125" width="0.001" count="1" />
        <bin index="136" start="0.136" width="0.001" count="1" />
        <bin index="237" start="0.237" width="0.001" count="1" />
        <bin index="248" start="0.248" width="0.001" count="1" />
        <bin index="249" start="0.249" width="0.001" count="2" />
        <bin index="565" start="0.565" width="0.001" count="1" />
        <bin index="997" start="0.997" width="0.001" count="1" />
        <bin index="1015" start="1.015" width="0.001" count="1" />
        <bin index="1042" start="1.042" width="0.001" count="1" />
        <bin index="1522" start="1.522" width="0.001" count="1" />
      </jitterHistogram>
      <packetSizeHistogram nBins="5" >
        <bin index="4" start="80" width="20" count="230" />
      </packetSizeHistogram>
      <flowInterruptionsHistogram nBins="64" >
        <bin index="2" start="0.5" width="0.25" count="3" />
        <bin index="27" start="6.75" width="0.25" count="1" />
        <bin index="34" start="8.5" width="0.25" count="1" />
        <bin index="44" start="11" width="0.25" count="1" />
        <bin index="63" start="15.75" width="0.25" count="1" />
      </flowInterruptionsHistogram>
    </Flow>
    <Flow flowId="5" timeFirstTxPacket="+100634862369.0ns" timeFirstRxPacket="+108267027001.0ns" timeLastTxPacket="+199884862369.0ns" timeLastRxPacket="+199636875421.0ns" delaySum="+21389202569.0ns" jitterSum="+18302059122.0ns" lastDelay="+2013052.0ns" txBytes="36616" rxBytes="19412" txPackets="398" rxPackets="211" lostPackets="162" timesForwarded="212">
      <delayHistogram nBins="3133" >
        <bin index="0" start="0" width="0.001" count="32" />
        <bin index="1" start="0.001" width="0.001" count="79" />
        <bin index="2" start="0.002" width="0.001" count="22" />
        <bin index="3" start="0.003" width="0.001" count="13" />
        <bin index="4" start="0.004" width="0.001" count="8" />
        <bin index="5" start="0.005" width="0.001" count="5" />
        <bin index="6" start="0.006" width="0.001" count="3" />
        <bin index="7" start="0.007" width="0.001" count="3" />
        <bin index="8" start="0.008" width="0.001" count="4" />
        <bin index="9" start="0.009" width="0.001" count="4" />
        <bin index="10" start="0.01" width="0.001" count="1" />
        <bin index="12" start="0.012" width="0.001" count="2" />
        <bin index="14" start="0.014" width="0.001" count="3" />
        <bin index="15" start="0.015" width="0.001" count="1" />
        <bin index="16" start="0.016" width="0.001" count="3" />
        <bin index="17" start="0.017" width="0.001" count="1" />
        <bin index="22" start="0.022" width="0.001" count="1" />
        <bin index="25" start="0.025" width="0.001" count="1" />
        <bin index="26" start="0.026" width="0.001" count="2" />
        <bin index="27" start="0.027" width="0.001" count="1" />
        <bin index="28" start="0.028" width="0.001" count="2" />
        <bin index="32" start="0.032" width="0.001" count="1" />
        <bin index="33" start="0.033" width="0.001" count="2" />
        <bin index="35" start="0.035" width="0.001" count="2" />
        <bin index="38" start="0.038" width="0.001" count="1" />
        <bin index="41" start="0.041" width="0.001" count="1" />
        <bin index="51" start="0.051" width="0.001" count="1" />
        <bin index="61" start="0.061" width="0.001" count="1" />
        <bin index="507" start="0.507" width="0.001" count="1" />
        <bin index="754" start="0.754" width="0.001" count="1" />
        <bin index="1002" start="1.002" width="0.001" count="1" />
        <bin index="1014" start="1.014" width="0.001" count="1" />
        <bin index="1525" start="1.525" width="0.001" count="1" />
        <bin index="1774" start="1.774" width="0.001" count="1" />
        <bin index="2018" start="2.018" width="0.001" count="1" />
        <bin index="2643" start="2.643" width="0.001" count="1" />
        <bin index="2891" start="2.891" width="0.001" count="1" />
        <bin index="3007" start="3.007" width="0.001" count="1" />
        <bin index="3132" start="3.132" width="0.001" count="1" />
      </delayHistogram>
      <jitterHistogram nBins="2992" >
        <bin index="0" start="0" width="0.001" count="91" />
        <bin index="1" start="0.001" width="0.001" count="22" />
        <bin index="2" start="0.002" width="0.001" count="11" />
        <bin index="3" start="0.003" width="0.001" count="12" />
        <bin index="4" start="0.004" width="0.001" count="7" />
        <bin index="5" start="0.005" width="0.001" count="4" />
        <bin index="6" start="0.006" width="0.001" count="5" />
        <bin index="7" start="0.007" width="0.001" count="2" />
        <bin index="8" start="0.008" width="0.001" count="2" />
        <bin index="9" start="0.009" width="0.001" count="1" />
        <bin index="10" start="0.01" width="0.001" count="2" />
        <bin index="11" start="0.011" width="0.001" count="2" />
        <bin index="12" start="0.012" width="0.001" count="1" />
        <bin index="13" start="0.013" width="0.001" count="2" />
        <bin index="14" start="0.014" width="0.001" count="2" />
        <bin index="15" start="0.015" width="0.001" count="3" />
        <bin index="16" start="0.016" width="0.001" count="2" />
        <bin index="17" start="0.017" width="0.001" count="3" />
        <bin index="19" start="0.019" width="0.001" count="1" />
        <bin index="20" start="0.02" width="0.001" count="1" />
        <bin index="22" start="0.022" width="0.001" count="1" />
        <bin index="24" start="0.024" width="0.001" count="3" />
        <bin index="25" start="0.025" width="0.001" count="4" />
        <bin index="28" start="0.028" width="0.001" count="1" />
        <bin index="32" start="0.032" width="0.001" count="3" />
        <bin index="35" start="0.035" width="0.001" count="1" />
        <bin index="36" start="0.036" width="0.001" count="1" />
        <bin index="39" start="0.039" width="0.001" count="2" />
        <bin index="50" start="0.05" width="0.001" count="1" />
        <bin index="57" start="0.057" width="0.001" count="1" />
        <bin index="60" start="0.06" width="0.001" count="1" />
        <bin index="240" start="0.24" width="0.001" count="1" />
        <bin index="243" start="0.243" width="0.001" count="1" />
        <bin index="246" start="0.246" width="0.001" count="1" />
        <bin index="247" start="0.247" width="0.001" count="1" />
        <bin index="248" start="0.248" width="0.001" count="1" />
        <bin index="249" start="0.249" width="0.001" count="1" />
        <bin index="506" start="0.506" width="0.001" count="1" />
        <bin index="993" start="0.993" width="0.001" count="1" />
        <bin index="1011" start="1.011" width="0.001" count="1" />
        <bin index="1013" start="1.013" width="0.001" count="1" />
        <bin index="1496" start="1.496" width="0.001" count="1" />
        <bin index="2015" start="2.015" width="0.001" count="1" />
        <bin index="2634" start="2.634" width="0.001" count="1" />
        <bin index="2978" start="2.978" width="0.001" count="1" />
        <bin index="2991" start="2.991" width="0.001" count="1" />
      </jitterHistogram>
      <packetSizeHistogram nBins="5" >
        <bin index="4" start="80" width="20" count="211" />
      </packetSizeHistogram>
      <flowInterruptionsHistogram nBins="42" >
        <bin index="2" start="0.5" width="0.25" count="13" />
        <bin index="3" start="0.75" width="0.25" count="5" />
        <bin index="4" start="1" width="0.25" count="3" />
        <bin index="5" start="1.25" width="0.25" count="3" />
        <bin index="6" start="1.5" width="0.25" count="1" />
        <bin index="17" start="4.25" width="0.25" count="1" />
        <bin index="19" start="4.75" width="0.25" count="1" />
        <bin index="28" start="7" width="0.25" count="1" />
        <bin index="41" start="10.25" width="0.25" count="1" />
      </flowInterruptionsHistogram>
    </Flow>
    <Flow flowId="6" timeFirstTxPacket="+100802857216.0ns" timeFirstRxPacket="+120379133891.0ns" timeLastTxPacket="+199802857216.0ns" timeLastRxPacket="+199803143727.0ns" delaySum="+2793979354.0ns" jitterSum="+2479313678.0ns" lastDelay="+286511.0ns" txBytes="36524" rxBytes="21068" txPackets="397" rxPackets="229" lostPackets="168" timesForwarded="156">
      <delayHistogram nBins="1002" >
        <bin index="0" start="0" width="0.001" count="145" />
        <bin index="1" start="0.001" width="0.001" count="36" />
        <bin index="2" start="0.002" width="0.001" count="15" />
        <bin index="3" start="0.003" width="0.001" count="12" />
        <bin index="4" start="0.004" width="0.001" count="5" />
        <bin index="6" start="0.006" width="0.001" count="1" />
        <bin index="7" start="0.007" width="0.001" count="1" />
        <bin index="8" start="0.008" width="0.001" count="2" />
        <bin index="9" start="0.009" width="0.001" count="1" />
        <bin index="11" start="0.011" width="0.001" count="1" />
        <bin index="12" start="0.012" width="0.001" count="1" />
        <bin index="17" start="0.017" width="0.001" count="1" />
        <bin index="23" start="0.023" width="0.001" count="1" />
        <bin index="24" start="0.024" width="0.001" count="1" />
        <bin index="51" start="0.051" width="0.001" count="1" />
        <bin index="75" start="0.075" width="0.001" count="1" />
        <bin index="76" start="0.076" width="0.001" count="1" />
        <bin index="503" start="0.503" width="0.001" count="1" />
        <bin index="752" start="0.752" width="0.001" count="1" />
        <bin index="1001" start="1.001" width="0.001" count="1" />
      </delayHistogram>
      <jitterHistogram nBins="1001" >
        <bin index="0" start="0" width="0.001" count="190" />
        <bin index="1" start="0.001" width="0.001" count="15" />
        <bin index="3" start="0.003" width="0.001" count="3" />
        <bin index="4" start="0.004" width="0.001" count="2" />
        <bin index="6" start="0.006" width="0.001" count="2" />
        <bin index="7" start="0.007" width="0.001" count="1" />
        <bin index="8" start="0.008" width="0.001" count="1" />
        <bin index="17" start="0.017" width="0.001" count="3" />
        <bin index="19" start="0.019" width="0.001" count="1" />
        <bin index="21" start="0.021" width="0.001" count="1" />
        <bin index="38" start="0.038" width="0.001" count="1" />
        <bin index="47" start="0.047" width="0.001" count="1" />
        <bin index="51" start="0.051" width="0.001" count="1" />
        <bin index="75" start="0.075" width="0.001" count="2" />
        <bin index="249" start="0.249" width="0.001" count="2" />
        <bin index="503" start="0.503" width="0.001" count="1" />
        <bin index="1000" start="1" width="0.001" count="1" />
      </jitterHistogram>
      <packetSizeHistogram nBins="5" >
        <bin index="4" start="80" width="20" count="229" />
      </packetSizeHistogram>
      <flowInterruptionsHistogram nBins="50" >
        <bin index="5" start="1.25" width="0.25" count="2" />
        <bin index="7" start="1.75" width="0.25" count="1" />
        <bin index="29" start="7.25" width="0.25" count="1" />
        <bin index="49" start="12.25" width="0.25" count="1" />
      </flowInterruptionsHistogram>
    </Flow>
    <Flow flowId="7" timeFirstTxPacket="+101152809563.0ns" timeFirstRxPacket="+101154828324.0ns" timeLastTxPacket="+199902809563.0ns" timeLastRxPacket="+199903095773.0ns" delaySum="+306189947.0ns" jitterSum="+366301735.0ns" lastDelay="+286210.0ns" txBytes="36432" rxBytes="36432" txPackets="396" rxPackets="396" lostPackets="0" timesForwarded="0">
      <delayHistogram nBins="58" >
        <bin index="0" start="0" width="0.001" count="371" />
        <bin index="1" start="0.001" width="0.001" count="14" />
        <bin index="2" start="0.002" width="0.001" count="3" />
        <bin index="4" start="0.004" width="0.001" count="1" />
        <bin index="6" start="0.006" width="0.001" count="1" />
        <bin index="10" start="0.01" width="0.001" count="2" />
        <bin index="14" start="0.014" width="0.001" count="1" />
        <bin index="21" start="0.021" width="0.001" count="1" />
        <bin index="48" start="0.048" width="0.001" count="1" />
        <bin index="57" start="0.057" width="0.001" count="1" />
      </delayHistogram>
      <jitterHistogram nBins="58" >
        <bin index="0" start="0" width="0.001" count="368" />
        <bin index="1" start="0.001" width="0.001" count="10" />
        <bin index="2" start="0.002" width="0.001" count="2" />
        <bin index="3" start="0.003" width="0.001" count="1" />
        <bin index="5" start="0.005" width="0.001" count="2" />
        <bin index="6" start="0.006" width="0.001" count="1" />
        <bin index="8" start="0.008" width="0.001" count="1" />
        <bin index="9" start="0.009" width="0.001" count="2" />
        <bin index="13" start="0.013" width="0.001" count="2" />
        <bin index="19" start="0.019" width="0.001" count="1" />
        <bin index="21" start="0.021" width="0.001" count="1" />
        <bin index="48" start="0.048" width="0.001" count="2" />
        <bin index="57" start="0.057" width="0.001" count="2" />
      </jitterHistogram>
      <packetSizeHistogram nBins="5" >
        <bin index="4" start="80" width="20" count="396" />
      </packetSizeHistogram>
      <flowInterruptionsHistogram nBins="0" >
      </flowInterruptionsHistogram>
    </Flow>
    <Flow flowId="8" timeFirstTxPacket="+101211257185.0ns" timeFirstRxPacket="+105322477301.0ns" timeLastTxPacket="+199961257185.0ns" timeLastRxPacket="+199963849912.0ns" delaySum="+788167970.0ns" jitterSum="+858218489.0ns" lastDelay="+2592727.0ns" txBytes="36432" rxBytes="14904" txPackets="396" rxPackets="162" lostPackets="214" timesForwarded="162">
      <delayHistogram nBins="126" >
        <bin index="0" start="0" width="0.001" count="32" />
        <bin index="1" start="0.001" width="0.001" count="79" />
        <bin index="2" start="0.002" width="0.001" count="21" />
        <bin index="3" start="0.003" width="0.001" count="2" />
        <bin index="4" start="0.004" width="0.001" count="4" />
        <bin index="5" start="0.005" width="0.001" count="6" />
        <bin index="6" start="0.006" width="0.001" count="1" />
        <bin index="7" start="0.007" width="0.001" count="1" />
        <bin index="9" start="0.009" width="0.001" count="2" />
        <bin index="11" start="0.011" width="0.001" count="1" />
        <bin index="12" start="0.012" width="0.001" count="1" />
        <bin index="13" start="0.013" width="0.001" count="3" />
        <bin index="15" start="0.015" width="0.001" count="1" />
        <bin index="17" start="0.017" width="0.001" count="2" />
        <bin index="30" start="0.03" width="0.001" count="1" />
        <bin index="41" start="0.041" width="0.001" count="1" />
        <bin index="45" start="0.045" width="0.001" count="2" />
        <bin index="111" start="0.111" width="0.001" count="1" />
        <bin index="125" start="0.125" width="0.001" count="1" />
      </delayHistogram>
      <jitterHistogram nBins="125" >
        <bin index="0" start="0" width="0.001" count="101" />
        <bin index="1" start="0.001" width="0.001" count="17" />
        <bin index="2" start="0.002" width="0.001" count="8" />
        <bin index="3" start="0.003" width="0.001" count="1" />
        <bin index="4" start="0.004" width="0.001" count="6" />
        <bin index="5" start="0.005" width="0.001" count="1" />
        <bin index="6" start="0.006" width="0.001" count="2" />
        <bin index="7" start="0.007" width="0.001" count="2" />
        <bin index="8" start="0.008" width="0.001" count="1" />
        <bin index="9" start="0.009" width="0.001" count="1" />
        <bin index="10" start="0.01" width="0.001" count="1" />
        <bin index="11" start="0.011" width="0.001" count="4" />
        <bin index="12" start="0.012" width="0.001" count="3" />
        <bin index="14" start="0.014" width="0.001" count="3" />
        <bin index="28" start="0.028" width="0.001" count="1" />
        <bin index="29" start="0.029" width="0.001" count="1" />
        <bin index="31" start="0.031" width="0.001" count="1" />
        <bin index="39" start="0.039" width="0.001" count="2" />
        <bin index="41" start="0.041" width="0.001" count="1" />
        <bin index="44" start="0.044" width="0.001" count="1" />
        <bin index="80" start="0.08" width="0.001" count="1" />
        <bin index="110" start="0.11" width="0.001" count="1" />
        <bin index="124" start="0.124" width="0.001" count="1" />
      </jitterHistogram>
      <packetSizeHistogram nBins="5" >
        <bin index="4" start="80" width="20" count="162" />
      </packetSizeHistogram>
      <flowInterruptionsHistogram nBins="183" >
        <bin index="2" start="0.5" width="0.25" count="3" />
        <bin index="4" start="1" width="0.25" count="3" />
        <bin index="24" start="6" width="0.25" count="1" />
        <bin index="182" start="45.5" width="0.25" count="1" />
      </flowInterruptionsHistogram>
    </Flow>
    <Flow flowId="9" timeFirstTxPacket="+101235436387.0ns" timeFirstRxPacket="+101239895441.0ns" timeLastTxPacket="+199985436387.0ns" timeLastRxPacket="+199987482470.0ns" delaySum="+8311903697.0ns" jitterSum="+8146697865.0ns" lastDelay="+2046083.0ns" txBytes="36432" rxBytes="16284" txPackets="396" rxPackets="177" lostPackets="192" timesForwarded="125">
      <delayHistogram nBins="2018" >
        <bin index="0" start="0" width="0.001" count="70" />
        <bin index="1" start="0.001" width="0.001" count="72" />
        <bin index="2" start="0.002" width="0.001" count="10" />
        <bin index="3" start="0.003" width="0.001" count="5" />
        <bin index="4" start="0.004" width="0.001" count="2" />
        <bin index="6" start="0.006" width="0.001" count="1" />
        <bin index="8" start="0.008" width="0.001" count="1" />
        <bin index="14" start="0.014" width="0.001" count="2" />
        <bin index="23" start="0.023" width="0.001" count="1" />
        <bin index="28" start="0.028" width="0.001" count="1" />
        <bin index="33" start="0.033" width="0.001" count="1" />
        <bin index="35" start="0.035" width="0.001" count="1" />
        <bin index="36" start="0.036" width="0.001" count="1" />
        <bin index="38" start="0.038" width="0.001" count="1" />
        <bin index="120" start="0.12" width="0.001" count="1" />
        <bin index="163" start="0.163" width="0.001" count="1" />
        <bin index="540" start="0.54" width="0.001" count="1" />
        <bin index="755" start="0.755" width="0.001" count="1" />
        <bin index="1007" start="1.007" width="0.001" count="1" />
        <bin index="1519" start="1.519" width="0.001" count="1" />
        <bin index="1768" start="1.768" width="0.001" count="1" />
        <bin index="2017" start="2.017" width="0.001" count="1" />
      </delayHistogram>
      <jitterHistogram nBins="2017" >
        <bin index="0" start="0" width="0.001" count="127" />
        <bin index="1" start="0.001" width="0.001" count="19" />
        <bin index="2" start="0.002" width="0.001" count="1" />
        <bin index="3" start="0.003" width="0.001" count="1" />
        <bin index="4" start="0.004" width="0.001" count="2" />
        <bin index="5" start="0.005" width="0.001" count="2" />
        <bin index="7" start="0.007" width="0.001" count="1" />
        <bin index="12" start="0.012" width="0.001" count="2" />
        <bin index="22" start="0.022" width="0.001" count="2" />
        <bin index="26" start="0.026" width="0.001" count="1" />
        <bin index="27" start="0.027" width="0.001" count="1" />
        <bin index="34" start="0.034" width="0.001" count="1" />
        <bin index="35" start="0.035" width="0.001" count="2" />
        <bin index="36" start="0.036" width="0.001" count="1" />
        <bin index="37" start="0.037" width="0.001" count="1" />
        <bin index="119" start="0.119" width="0.001" count="2" />
        <bin index="130" start="0.13" width="0.001" count="1" />
        <bin index="215" start="0.215" width="0.001" count="1" />
        <bin index="249" start="0.249" width="0.001" count="2" />
        <bin index="539" start="0.539" width="0.001" count="1" />
        <bin index="591" start="0.591" width="0.001" count="1" />
        <bin index="1003" start="1.003" width="0.001" count="1" />
        <bin index="1006" start="1.006" width="0.001" count="1" />
        <bin index="1515" start="1.515" width="0.001" count="1" />
        <bin index="2016" start="2.016" width="0.001" count="1" />
      </jitterHistogram>
      <packetSizeHistogram nBins="5" >
        <bin index="4" start="80" width="20" count="177" />
      </packetSizeHistogram>
      <flowInterruptionsHistogram nBins="113" >
        <bin index="3" start="0.75" width="0.25" count="1" />
        <bin index="21" start="5.25" width="0.25" count="1" />
        <bin index="25" start="6.25" width="0.25" count="1" />
        <bin index="64" start="16" width="0.25" count="1" />
        <bin index="112" start="28" width="0.25" count="1" />
      </flowInterruptionsHistogram>
    </Flow>
    <Flow flowId="10" timeFirstTxPacket="+101249023113.0ns" timeFirstRxPacket="+101250682566.0ns" timeLastTxPacket="+199999023113.0ns" timeLastRxPacket="+199999309567.0ns" delaySum="+3095999008.0ns" jitterSum="+3109076337.0ns" lastDelay="+286454.0ns" txBytes="36432" rxBytes="28520" txPackets="396" rxPackets="310" lostPackets="86" timesForwarded="58">
      <delayHistogram nBins="1013" >
        <bin index="0" start="0" width="0.001" count="219" />
        <bin index="1" start="0.001" width="0.001" count="53" />
        <bin index="2" start="0.002" width="0.001" count="13" />
        <bin index="3" start="0.003" width="0.001" count="4" />
        <bin index="4" start="0.004" width="0.001" count="2" />
        <bin index="8" start="0.008" width="0.001" count="2" />
        <bin index="14" start="0.014" width="0.001" count="1" />
        <bin index="16" start="0.016" width="0.001" count="1" />
        <bin index="21" start="0.021" width="0.001" count="1" />
        <bin index="26" start="0.026" width="0.001" count="1" />
        <bin index="29" start="0.029" width="0.001" count="1" />
        <bin index="31" start="0.031" width="0.001" count="1" />
        <bin index="33" start="0.033" width="0.001" count="1" />
        <bin index="35" start="0.035" width="0.001" count="1" />
        <bin index="37" start="0.037" width="0.001" count="1" />
        <bin index="40" start="0.04" width="0.001" count="1" />
        <bin index="62" start="0.062" width="0.001" count="1" />
        <bin index="65" start="0.065" width="0.001" count="1" />
        <bin index="72" start="0.072" width="0.001" count="1" />
        <bin index="105" start="0.105" width="0.001" count="1" />
        <bin index="520" start="0.52" width="0.001" count="1" />
        <bin index="763" start="0.763" width="0.001" count="1" />
        <bin index="1012" start="1.012" width="0.001" count="1" />
      </delayHistogram>
      <jitterHistogram nBins="1011" >
        <bin index="0" start="0" width="0.001" count="245" />
        <bin index="1" start="0.001" width="0.001" count="21" />
        <bin index="2" start="0.002" width="0.001" count="7" />
        <bin index="3" start="0.003" width="0.001" count="3" />
        <bin index="4" start="0.004" width="0.001" count="4" />
        <bin index="5" start="0.005" width="0.001" count="1" />
        <bin index="8" start="0.008" width="0.001" count="2" />
        <bin index="13" start="0.013" width="0.001" count="1" />
        <bin index="14" start="0.014" width="0.001" count="1" />
        <bin index="17" start="0.017" width="0.001" count="1" />
        <bin index="24" start="0.024" width="0.001" count="2" />
        <bin index="26" start="0.026" width="0.001" count="1" />
        <bin index="29" start="0.029" width="0.001" count="1" />
        <bin index="31" start="0.031" width="0.001" count="1" />
        <bin index="32" start="0.032" width="0.001" count="2" />
        <bin index="35" start="0.035" width="0.001" count="2" />
        <bin index="37" start="0.037" width="0.001" count="1" />
        <bin index="38" start="0.038" width="0.001" count="1" />
        <bin index="40" start="0.04" width="0.001" count="1" />
        <bin index="58" start="0.058" width="0.001" count="1" />
        <bin index="65" start="0.065" width="0.001" count="2" />
        <bin index="72" start="0.072" width="0.001" count="2" />
        <bin index="103" start="0.103" width="0.001" count="1" />
        <bin index="104" start="0.104" width="0.001" count="1" />
        <bin index="243" start="0.243" width="0.001" count="1" />
        <bin index="249" start="0.249" width="0.001" count="1" />
        <bin index="516" start="0.516" width="0.001" count="1" />
        <bin index="1010" start="1.01" width="0.001" count="1" />
      </jitterHistogram>
      <packetSizeHistogram nBins="5" >
        <bin index="4" start="80" width="20" count="310" />
      </packetSizeHistogram>
      <flowInterruptionsHistogram nBins="63" >
        <bin index="2" start="0.5" width="0.25" count="3" />
        <bin index="3" start="0.75" width="0.25" count="1" />
        <bin index="4" start="1" width="0.25" count="1" />
        <bin index="15" start="3.75" width="0.25" count="1" />
        <bin index="62" start="15.5" width="0.25" count="1" />
      </flowInterruptionsHistogram>
    </Flow>
  </FlowStats>
  <Ipv4FlowClassifier>
    <Flow flowId="8" sourceAddress="10.1.1.11" destinationAddress="10.1.1.1" protocol="17" sourcePort="49153" destinationPort="9">
      <Dscp value="0x0" packets="396" />
    </Flow>
    <Flow flowId="7" sourceAddress="10.1.1.12" destinationAddress="10.1.1.2" protocol="17" sourcePort="49153" destinationPort="9">
      <Dscp value="0x0" packets="396" />
    </Flow>
    <Flow flowId="5" sourceAddress="10.1.1.13" destinationAddress="10.1.1.3" protocol="17" sourcePort="49153" destinationPort="9">
      <Dscp value="0x0" packets="398" />
    </Flow>
    <Flow flowId="6" sourceAddress="10.1.1.14" destinationAddress="10.1.1.4" protocol="17" sourcePort="49153" destinationPort="9">
      <Dscp value="0x0" packets="397" />
    </Flow>
    <Flow flowId="1" sourceAddress="10.1.1.15" destinationAddress="10.1.1.5" protocol="17" sourcePort="49153" destinationPort="9">
      <Dscp value="0x0" packets="399" />
    </Flow>
    <Flow flowId="4" sourceAddress="10.1.1.16" destinationAddress="10.1.1.6" protocol="17" sourcePort="49153" destinationPort="9">
      <Dscp value="0x0" packets="398" />
    </Flow>
    <Flow flowId="3" sourceAddress="10.1.1.17" destinationAddress="10.1.1.7" protocol="17" sourcePort="49153" destinationPort="9">
      <Dscp value="0x0" packets="398" />
    </Flow>
    <Flow flowId="2" sourceAddress="10.1.1.18" destinationAddress="10.1.1.8" protocol="17" sourcePort="49153" destinationPort="9">
      <Dscp value="0x0" packets="398" />
    </Flow>
    <Flow flowId="10" sourceAddress="10.1.1.19" destinationAddress="10.1.1.9" protocol="17" sourcePort="49153" destinationPort="9">
      <Dscp value="0x0" packets="396" />
    </Flow>
    <Flow flowId="9" sourceAddress="10.1.1.20" destinationAddress="10.1.1.10" protocol="17" sourcePort="49153" destinationPort="9">
      <Dscp value="0x0" packets="396" />
    </Flow>
  </Ipv4FlowClassifier>
  <Ipv6FlowClassifier>
  </Ipv6FlowClassifier>
  <FlowProbes>
    <FlowProbe index="0">
      <FlowStats  flowId="8" packets="162" bytes="14904" delayFromFirstProbeSum="+788167970.0ns" >
      </FlowStats>
    </FlowProbe>
    <FlowProbe index="1">
    </FlowProbe>
    <FlowProbe index="2">
      <FlowStats  flowId="7" packets="396" bytes="36432" delayFromFirstProbeSum="+306189947.0ns" >
      </FlowStats>
      <FlowStats  flowId="8" packets="60" bytes="5520" delayFromFirstProbeSum="+209740377.0ns" >
      </FlowStats>
    </FlowProbe>
    <FlowProbe index="3">
    </FlowProbe>
    <FlowProbe index="4">
      <FlowStats  flowId="2" packets="81" bytes="7452" delayFromFirstProbeSum="+175892808.0ns" >
      </FlowStats>
      <FlowStats  flowId="5" packets="211" bytes="19412" delayFromFirstProbeSum="+21389202569.0ns" >
      </FlowStats>
      <FlowStats  flowId="6" packets="59" bytes="5428" delayFromFirstProbeSum="+30733206.0ns" >
      </FlowStats>
    </FlowProbe>
    <FlowProbe index="5">
    </FlowProbe>
    <FlowProbe index="6">
      <FlowStats  flowId="5" packets="1" bytes="92" delayFromFirstProbeSum="+1005621626.0ns" >
      </FlowStats>
      <FlowStats  flowId="6" packets="229" bytes="21068" delayFromFirstProbeSum="+2793979354.0ns" >
      </FlowStats>
      <FlowStats  flowId="9" packets="1" bytes="92" delayFromFirstProbeSum="+106480991.0ns" >
      </FlowStats>
    </FlowProbe>
    <FlowProbe index="7">
    </FlowProbe>
    <FlowProbe index="8">
      <FlowStats  flowId="1" packets="399" bytes="36708" delayFromFirstProbeSum="+523436609.0ns" >
      </FlowStats>
      <FlowStats  flowId="2" packets="50" bytes="4600" delayFromFirstProbeSum="+195559321.0ns" >
      </FlowStats>
      <FlowStats  flowId="4" packets="59" bytes="5428" delayFromFirstProbeSum="+51570065.0ns" >
      </FlowStats>
      <FlowStats  flowId="5" packets="62" bytes="5704" delayFromFirstProbeSum="+1401901909.0ns" >
      </FlowStats>
    </FlowProbe>
    <FlowProbe index="9">
    </FlowProbe>
    <FlowProbe index="10">
      <FlowStats  flowId="4" packets="230" bytes="21160" delayFromFirstProbeSum="+9731508070.0ns" >
      </FlowStats>
    </FlowProbe>
    <FlowProbe index="11">
    </FlowProbe>
    <FlowProbe index="12">
      <FlowStats  flowId="2" packets="49" bytes="4508" delayFromFirstProbeSum="+8395560988.0ns" >
      </FlowStats>
      <FlowStats  flowId="3" packets="155" bytes="14260" delayFromFirstProbeSum="+1653740190.0ns" >
      </FlowStats>
      <FlowStats  flowId="5" packets="1" bytes="92" delayFromFirstProbeSum="+1007868546.0ns" >
      </FlowStats>
    </FlowProbe>
    <FlowProbe index="13">
    </FlowProbe>
    <FlowProbe index="14">
      <FlowStats  flowId="2" packets="185" bytes="17020" delayFromFirstProbeSum="+13206691451.0ns" >
      </FlowStats>
      <FlowStats  flowId="5" packets="95" bytes="8740" delayFromFirstProbeSum="+244764872.0ns" >
      </FlowStats>
      <FlowStats  flowId="10" packets="58" bytes="5336" delayFromFirstProbeSum="+2303101091.0ns" >
      </FlowStats>
    </FlowProbe>
    <FlowProbe index="15">
    </FlowProbe>
    <FlowProbe index="16">
      <FlowStats  flowId="5" packets="19" bytes="1748" delayFromFirstProbeSum="+15783253.0ns" >
      </FlowStats>
      <FlowStats  flowId="6" packets="59" bytes="5428" delayFromFirstProbeSum="+36718671.0ns" >
      </FlowStats>
      <FlowStats  flowId="9" packets="13" bytes="1196" delayFromFirstProbeSum="+5264545668.0ns" >
      </FlowStats>
      <FlowStats  flowId="10" packets="310" bytes="28520" delayFromFirstProbeSum="+3095999008.0ns" >
      </FlowStats>
    </FlowProbe>
    <FlowProbe index="17">
    </FlowProbe>
    <FlowProbe index="18">
      <FlowStats  flowId="2" packets="51" bytes="4692" delayFromFirstProbeSum="+165079601.0ns" >
      </FlowStats>
      <FlowStats  flowId="6" packets="55" bytes="5060" delayFromFirstProbeSum="+5288505643.0ns" >
      </FlowStats>
      <FlowStats  flowId="9" packets="177" bytes="16284" delayFromFirstProbeSum="+8311903697.0ns" >
      </FlowStats>
    </FlowProbe>
    <FlowProbe index="19">
    </FlowProbe>
    <FlowProbe index="20">
      <FlowStats  flowId="4" packets="27" bytes="2484" delayFromFirstProbeSum="+153993709.0ns" >
      </FlowStats>
      <FlowStats  flowId="8" packets="396" bytes="36432" delayFromFirstProbeSum="+0.0ns" >
      </FlowStats>
    </FlowProbe>
    <FlowProbe index="21">
    </FlowProbe>
    <FlowProbe index="22">
      <FlowStats  flowId="7" packets="396" bytes="36432" delayFromFirstProbeSum="+0.0ns" >
      </FlowStats>
    </FlowProbe>
    <FlowProbe index="23">
    </FlowProbe>
    <FlowProbe index="24">
      <FlowStats  flowId="3" packets="12" bytes="1104" delayFromFirstProbeSum="+5300547065.0ns" >
      </FlowStats>
      <FlowStats  flowId="5" packets="398" bytes="36616" delayFromFirstProbeSum="+0.0ns" >
      </FlowStats>
    </FlowProbe>
    <FlowProbe index="25">
    </FlowProbe>
    <FlowProbe index="26">
      <FlowStats  flowId="5" packets="58" bytes="5336" delayFromFirstProbeSum="+2281727210.0ns" >
      </FlowStats>
      <FlowStats  flowId="6" packets="397" bytes="36524" delayFromFirstProbeSum="+0.0ns" >
      </FlowStats>
    </FlowProbe>
    <FlowProbe index="27">
    </FlowProbe>
    <FlowProbe index="28">
      <FlowStats  flowId="1" packets="399" bytes="36708" delayFromFirstProbeSum="+0.0ns" >
      </FlowStats>
      <FlowStats  flowId="3" packets="59" bytes="5428" delayFromFirstProbeSum="+25895478.0ns" >
      </FlowStats>
      <FlowStats  flowId="8" packets="19" bytes="1748" delayFromFirstProbeSum="+73496424.0ns" >
      </FlowStats>
      <FlowStats  flowId="9" packets="13" bytes="1196" delayFromFirstProbeSum="+5302455765.0ns" >
      </FlowStats>
    </FlowProbe>
    <FlowProbe index="29">
    </FlowProbe>
    <FlowProbe index="30">
      <FlowStats  flowId="3" packets="54" bytes="4968" delayFromFirstProbeSum="+5358711269.0ns" >
      </FlowStats>
      <FlowStats  flowId="4" packets="398" bytes="36616" delayFromFirstProbeSum="+0.0ns" >
      </FlowStats>
      <FlowStats  flowId="6" packets="94" bytes="8648" delayFromFirstProbeSum="+586626013.0ns" >
      </FlowStats>
      <FlowStats  flowId="9" packets="4" bytes="368" delayFromFirstProbeSum="+1433103367.0ns" >
      </FlowStats>
    </FlowProbe>
    <FlowProbe index="31">
    </FlowProbe>
    <FlowProbe index="32">
      <FlowStats  flowId="3" packets="398" bytes="36616" delayFromFirstProbeSum="+0.0ns" >
      </FlowStats>
      <FlowStats  flowId="4" packets="54" bytes="4968" delayFromFirstProbeSum="+5382426352.0ns" >
      </FlowStats>
      <FlowStats  flowId="8" packets="60" bytes="5520" delayFromFirstProbeSum="+113791904.0ns" >
      </FlowStats>
    </FlowProbe>
    <FlowProbe index="33">
    </FlowProbe>
    <FlowProbe index="34">
      <FlowStats  flowId="2" packets="398" bytes="36616" delayFromFirstProbeSum="+0.0ns" >
      </FlowStats>
    </FlowProbe>
    <FlowProbe index="35">
    </FlowProbe>
    <FlowProbe index="36">
      <FlowStats  flowId="5" packets="30" bytes="2760" delayFromFirstProbeSum="+100690065.0ns" >
      </FlowStats>
      <FlowStats  flowId="10" packets="396" bytes="36432" delayFromFirstProbeSum="+0.0ns" >
      </FlowStats>
    </FlowProbe>
    <FlowProbe index="37">
    </FlowProbe>
    <FlowProbe index="38">
      <FlowStats  flowId="9" packets="396" bytes="36432" delayFromFirstProbeSum="+0.0ns" >
      </FlowStats>
    </FlowProbe>
    <FlowProbe index="39">
    </FlowProbe>
    <FlowProbe index="40">
      <FlowStats  flowId="2" packets="48" bytes="4416" delayFromFirstProbeSum="+481205260.0ns" >
      </FlowStats>
      <FlowStats  flowId="3" packets="61" bytes="5612" delayFromFirstProbeSum="+114689933.0ns" >
      </FlowStats>
      <FlowStats  flowId="4" packets="59" bytes="5428" delayFromFirstProbeSum="+111379301.0ns" >
      </FlowStats>
      <FlowStats  flowId="9" packets="35" bytes="3220" delayFromFirstProbeSum="+1226321526.0ns" >
      </FlowStats>
    </FlowProbe>
    <FlowProbe index="41">
    </FlowProbe>
    <FlowProbe index="42">
      <FlowStats  flowId="4" packets="33" bytes="3036" delayFromFirstProbeSum="+300897798.0ns" >
      </FlowStats>
    </FlowProbe>
    <FlowProbe index="43">
    </FlowProbe>
    <FlowProbe index="44">
      <FlowStats  flowId="2" packets="21" bytes="1932" delayFromFirstProbeSum="+45948354.0ns" >
      </FlowStats>
      <FlowStats  flowId="3" packets="18" bytes="1656" delayFromFirstProbeSum="+6150273.0ns" >
      </FlowStats>
      <FlowStats  flowId="6" packets="50" bytes="4600" delayFromFirstProbeSum="+126643086.0ns" >
      </FlowStats>
    </FlowProbe>
    <FlowProbe index="45">
    </FlowProbe>
    <FlowProbe index="46">
    </FlowProbe>
    <FlowProbe index="47">
    </FlowProbe>
    <FlowProbe index="48">
      <FlowStats  flowId="3" packets="1" bytes="92" delayFromFirstProbeSum="+50482170.0ns" >
      </FlowStats>
      <FlowStats  flowId="5" packets="1" bytes="92" delayFromFirstProbeSum="+1002529389.0ns" >
      </FlowStats>
      <FlowStats  flowId="9" packets="59" bytes="5428" delayFromFirstProbeSum="+28322411.0ns" >
      </FlowStats>
    </FlowProbe>
    <FlowProbe index="49">
    </FlowProbe>
    <FlowProbe index="50">
      <FlowStats  flowId="2" packets="19" bytes="1748" delayFromFirstProbeSum="+50826420.0ns" >
      </FlowStats>
      <FlowStats  flowId="4" packets="19" bytes="1748" delayFromFirstProbeSum="+1280838035.0ns" >
      </FlowStats>
    </FlowProbe>
    <FlowProbe index="51">
    </FlowProbe>
    <FlowProbe index="52">
      <FlowStats  flowId="5" packets="61" bytes="5612" delayFromFirstProbeSum="+228897081.0ns" >
      </FlowStats>
    </FlowProbe>
    <FlowProbe index="53">
    </FlowProbe>
    <FlowProbe index="54">
      <FlowStats  flowId="4" packets="1" bytes="92" delayFromFirstProbeSum="+1007007313.0ns" >
      </FlowStats>
    </FlowProbe>
    <FlowProbe index="55">
    </FlowProbe>
    <FlowProbe index="56">
      <FlowStats  flowId="6" packets="44" bytes="4048" delayFromFirstProbeSum="+308771997.0ns" >
      </FlowStats>
    </FlowProbe>
    <FlowProbe index="57">
    </FlowProbe>
    <FlowProbe index="58">
      <FlowStats  flowId="3" packets="12" bytes="1104" delayFromFirstProbeSum="+5332261505.0ns" >
      </FlowStats>
      <FlowStats  flowId="8" packets="56" bytes="5152" delayFromFirstProbeSum="+186966698.0ns" >
      </FlowStats>
    </FlowProbe>
    <FlowProbe index="59">
    </FlowProbe>
  </FlowProbes>
</FlowMonitor>
