<?xml version="1.0" ?>
<FlowMonitor>
  <FlowStats>
    <Flow flowId="1" timeFirstTxPacket="+100262972061.0ns" timeFirstRxPacket="+100267389796.0ns" timeLastTxPacket="+199762972061.0ns" timeLastRxPacket="+199763258517.0ns" delaySum="+1553088055.0ns" jitterSum="+2504882137.0ns" lastDelay="+286456.0ns" txBytes="33580" rxBytes="28612" txPackets="365" rxPackets="311" lostPackets="54" timesForwarded="145">
      <delayHistogram nBins="1004" >
        <bin index="0" start="0" width="0.001" count="206" />
        <bin index="1" start="0.001" width="0.001" count="55" />
        <bin index="2" start="0.002" width="0.001" count="19" />
        <bin index="3" start="0.003" width="0.001" count="3" />
        <bin index="4" start="0.004" width="0.001" count="2" />
        <bin index="5" start="0.005" width="0.001" count="1" />
        <bin index="6" start="0.006" width="0.001" count="3" />
        <bin index="7" start="0.007" width="0.001" count="2" />
        <bin index="8" start="0.008" width="0.001" count="2" />
        <bin index="9" start="0.009" width="0.001" count="2" />
        <bin index="10" start="0.01" width="0.001" count="3" />
        <bin index="12" start="0.012" width="0.001" count="1" />
        <bin index="13" start="0.013" width="0.001" count="2" />
        <bin index="15" start="0.015" width="0.001" count="2" />
        <bin index="16" start="0.016" width="0.001" count="1" />
        <bin index="19" start="0.019" width="0.001" count="1" />
        <bin index="20" start="0.02" width="0.001" count="1" />
        <bin index="23" start="0.023" width="0.001" count="1" />
        <bin index="25" start="0.025" width="0.001" count="1" />
        <bin index="26" start="0.026" width="0.001" count="1" />
        <bin index="33" start="0.033" width="0.001" count="1" />
        <bin index="1003" start="1.003" width="0.001" count="1" />
      </delayHistogram>
      <jitterHistogram nBins="1002" >
        <bin index="0" start="0" width="0.001" count="250" />
        <bin index="1" start="0.001" width="0.001" count="13" />
        <bin index="2" start="0.002" width="0.001" count="5" />
        <bin index="3" start="0.003" width="0.001" count="2" />
        <bin index="4" start="0.004" width="0.001" count="5" />
        <bin index="5" start="0.005" width="0.001" count="9" />
        <bin index="6" start="0.006" width="0.001" count="2" />
        <bin index="7" start="0.007" width="0.001" count="1" />
        <bin index="8" start="0.008" width="0.001" count="2" />
        <bin index="9" start="0.009" width="0.001" count="2" />
        <bin index="10" start="0.01" width="0.001" count="2" />
        <bin index="12" start="0.012" width="0.001" count="2" />
        <bin index="13" start="0.013" width="0.001" count="2" />
        <bin index="14" start="0.014" width="0.001" count="1" />
        <bin index="18" start="0.018" width="0.001" count="1" />
        <bin index="19" start="0.019" width="0.001" count="2" />
        <bin index="20" start="0.02" width="0.001" count="2" />
        <bin index="23" start="0.023" width="0.001" count="1" />
        <bin index="24" start="0.024" width="0.001" count="2" />
        <bin index="30" start="0.03" width="0.001" count="1" />
        <bin index="32" start="0.032" width="0.001" count="1" />
        <bin index="1001" start="1.001" width="0.001" count="2" />
      </jitterHistogram>
      <packetSizeHistogram nBins="5" >
        <bin index="4" start="80" width="20" count="311" />
      </packetSizeHistogram>
      <flowInterruptionsHistogram nBins="34" >
        <bin index="2" start="0.5" width="0.25" count="2" />
        <bin index="3" start="0.75" width="0.25" count="1" />
        <bin index="5" start="1.25" width="0.25" count="1" />
        <bin index="6" start="1.5" width="0.25" count="1" />
        <bin index="12" start="3" width="0.25" count="1" />
        <bin index="29" start="7.25" width="0.25" count="1" />
        <bin index="33" start="8.25" width="0.25" count="1" />
      </flowInterruptionsHistogram>
    </Flow>
    <Flow flowId="2" timeFirstTxPacket="+100297447400.0ns" timeFirstRxPacket="+100299125819.0ns" timeLastTxPacket="+199797447400.0ns" timeLastRxPacket="+199797734376.0ns" delaySum="+463600065.0ns" jitterSum="+404223403.0ns" lastDelay="+286976.0ns" txBytes="36708" rxBytes="35972" txPackets="399" rxPackets="391" lostPackets="8" timesForwarded="137">
      <delayHistogram nBins="14" >
        <bin index="0" start="0" width="0.001" count="240" />
        <bin index="1" start="0.001" width="0.001" count="108" />
        <bin index="2" start="0.002" width="0.001" count="17" />
        <bin index="3" start="0.003" width="0.001" count="7" />
        <bin index="4" start="0.004" width="0.001" count="4" />
        <bin index="5" start="0.005" width="0.001" count="1" />
        <bin index="7" start="0.007" width="0.001" count="1" />
        <bin index="8" start="0.008" width="0.001" count="4" />
        <bin index="9" start="0.009" width="0.001" count="2" />
        <bin index="10" start="0.01" width="0.001" count="2" />
        <bin index="11" start="0.011" width="0.001" count="3" />
        <bin index="13" start="0.013" width="0.001" count="2" />
      </delayHistogram>
      <jitterHistogram nBins="13" >
        <bin index="0" start="0" width="0.001" count="301" />
        <bin index="1" start="0.001" width="0.001" count="41" />
        <bin index="2" start="0.002" width="0.001" count="7" />
        <bin index="3" start="0.003" width="0.001" count="13" />
        <bin index="4" start="0.004" width="0.001" count="2" />
        <bin index="5" start="0.005" width="0.001" count="2" />
        <bin index="6" start="0.006" width="0.001" count="2" />
        <bin index="7" start="0.007" width="0.001" count="6" />
        <bin index="8" start="0.008" width="0.001" count="5" />
        <bin index="9" start="0.009" width="0.001" count="3" />
        <bin index="10" start="0.01" width="0.001" count="5" />
        <bin index="11" start="0.011" width="0.001" count="1" />
        <bin index="12" start="0.012" width="0.001" count="2" />
      </jitterHistogram>
      <packetSizeHistogram nBins="5" >
        <bin index="4" start="80" width="20" count="391" />
      </packetSizeHistogram>
      <flowInterruptionsHistogram nBins="10" >
        <bin index="9" start="2.25" width="0.25" count="1" />
      </flowInterruptionsHistogram>
    </Flow>
    <Flow flowId="3" timeFirstTxPacket="+100418936967.0ns" timeFirstRxPacket="+100424756011.0ns" timeLastTxPacket="+199918936967.0ns" timeLastRxPacket="+199919223497.0ns" delaySum="+6557717251.0ns" jitterSum="+5182168166.0ns" lastDelay="+286530.0ns" txBytes="36064" rxBytes="27692" txPackets="392" rxPackets="301" lostPackets="91" timesForwarded="345">
      <delayHistogram nBins="2023" >
        <bin index="0" start="0" width="0.001" count="78" />
        <bin index="1" start="0.001" width="0.001" count="86" />
        <bin index="2" start="0.002" width="0.001" count="49" />
        <bin index="3" start="0.003" width="0.001" count="14" />
        <bin index="4" start="0.004" width="0.001" count="7" />
        <bin index="5" start="0.005" width="0.001" count="8" />
        <bin index="6" start="0.006" width="0.001" count="7" />
        <bin index="7" start="0.007" width="0.001" count="6" />
        <bin index="8" start="0.008" width="0.001" count="6" />
        <bin index="9" start="0.009" width="0.001" count="3" />
        <bin index="10" start="0.01" width="0.001" count="7" />
        <bin index="11" start="0.011" width="0.001" count="1" />
        <bin index="13" start="0.013" width="0.001" count="3" />
        <bin index="15" start="0.015" width="0.001" count="4" />
        <bin index="16" start="0.016" width="0.001" count="2" />
        <bin index="17" start="0.017" width="0.001" count="4" />
        <bin index="18" start="0.018" width="0.001" count="2" />
        <bin index="19" start="0.019" width="0.001" count="1" />
        <bin index="23" start="0.023" width="0.001" count="1" />
        <bin index="24" start="0.024" width="0.001" count="1" />
        <bin index="25" start="0.025" width="0.001" count="1" />
        <bin index="27" start="0.027" width="0.001" count="2" />
        <bin index="29" start="0.029" width="0.001" count="2" />
        <bin index="32" start="0.032" width="0.001" count="1" />
        <bin index="33" start="0.033" width="0.001" count="1" />
        <bin index="35" start="0.035" width="0.001" count="1" />
        <bin index="1549" start="1.549" width="0.001" count="1" />
        <bin index="1773" start="1.773" width="0.001" count="1" />
        <bin index="2022" start="2.022" width="0.001" count="1" />
      </delayHistogram>
      <jitterHistogram nBins="2020" >
        <bin index="0" start="0" width="0.001" count="158" />
        <bin index="1" start="0.001" width="0.001" count="32" />
        <bin index="2" start="0.002" width="0.001" count="12" />
        <bin index="3" start="0.003" width="0.001" count="11" />
        <bin index="4" start="0.004" width="0.001" count="10" />
        <bin index="5" start="0.005" width="0.001" count="12" />
        <bin index="6" start="0.006" width="0.001" count="7" />
        <bin index="7" start="0.007" width="0.001" count="7" />
        <bin index="8" start="0.008" width="0.001" count="5" />
        <bin index="9" start="0.009" width="0.001" count="5" />
        <bin index="10" start="0.01" width="0.001" count="2" />
        <bin index="11" start="0.011" width="0.001" count="4" />
        <bin index="12" start="0.012" width="0.001" count="2" />
        <bin index="13" start="0.013" width="0.001" count="2" />
        <bin index="14" start="0.014" width="0.001" count="3" />
        <bin index="15" start="0.015" width="0.001" count="6" />
        <bin index="16" start="0.016" width="0.001" count="1" />
        <bin index="17" start="0.017" width="0.001" count="1" />
        <bin index="18" start="0.018" width="0.001" count="1" />
        <bin index="19" start="0.019" width="0.001" count="1" />
        <bin index="21" start="0.021" width="0.001" count="3" />
        <bin index="23" start="0.023" width="0.001" count="2" />
        <bin index="24" start="0.024" width="0.001" count="2" />
        <bin index="25" start="0.025" width="0.001" count="2" />
        <bin index="28" start="0.028" width="0.001" count="2" />
        <bin index="29" start="0.029" width="0.001" count="1" />
        <bin index="30" start="0.03" width="0.001" count="1" />
        <bin index="32" start="0.032" width="0.001" count="1" />
        <bin index="224" start="0.224" width="0.001" count="1" />
        <bin index="248" start="0.248" width="0.001" count="1" />
        <bin index="1543" start="1.543" width="0.001" count="1" />
        <bin index="2019" start="2.019" width="0.001" count="1" />
      </jitterHistogram>
      <packetSizeHistogram nBins="5" >
        <bin index="4" start="80" width="20" count="301" />
      </packetSizeHistogram>
      <flowInterruptionsHistogram nBins="24" >
        <bin index="2" start="0.5" width="0.25" count="4" />
        <bin index="4" start="1" width="0.25" count="2" />
        <bin index="5" start="1.25" width="0.25" count="1" />
        <bin index="6" start="1.5" width="0.25" count="1" />
        <bin index="16" start="4" width="0.25" count="1" />
        <bin index="18" start="4.5" width="0.25" count="1" />
        <bin index="19" start="4.75" width="0.25" count="1" />
        <bin index="23" start="5.75" width="0.25" count="1" />
      </flowInterruptionsHistogram>
    </Flow>
    <Flow flowId="4" timeFirstTxPacket="+100475964702.0ns" timeFirstRxPacket="+100495564600.0ns" timeLastTxPacket="+199975964702.0ns" timeLastRxPacket="+199976251514.0ns" delaySum="+3127163873.0ns" jitterSum="+2739380206.0ns" lastDelay="+286812.0ns" txBytes="36708" rxBytes="32200" txPackets="399" rxPackets="350" lostPackets="49" timesForwarded="342">
      <delayHistogram nBins="1016" >
        <bin index="0" start="0" width="0.001" count="146" />
        <bin index="1" start="0.001" width="0.001" count="100" />
        <bin index="2" start="0.002" width="0.001" count="51" />
        <bin index="3" start="0.003" width="0.001" count="17" />
        <bin index="4" start="0.004" width="0.001" count="4" />
        <bin index="5" start="0.005" width="0.001" count="3" />
        <bin index="6" start="0.006" width="0.001" count="3" />
        <bin index="8" start="0.008" width="0.001" count="3" />
        <bin index="9" start="0.009" width="0.001" count="3" />
        <bin index="10" start="0.01" width="0.001" count="2" />
        <bin index="11" start="0.011" width="0.001" count="3" />
        <bin index="12" start="0.012" width="0.001" count="1" />
        <bin index="14" start="0.014" width="0.001" count="2" />
        <bin index="16" start="0.016" width="0.001" count="1" />
        <bin index="17" start="0.017" width="0.001" count="1" />
        <bin index="18" start="0.018" width="0.001" count="3" />
        <bin index="19" start="0.019" width="0.001" count="1" />
        <bin index="20" start="0.02" width="0.001" count="1" />
        <bin index="51" start="0.051" width="0.001" count="1" />
        <bin index="59" start="0.059" width="0.001" count="1" />
        <bin index="516" start="0.516" width="0.001" count="1" />
        <bin index="766" start="0.766" width="0.001" count="1" />
        <bin index="1015" start="1.015" width="0.001" count="1" />
      </delayHistogram>
      <jitterHistogram nBins="1012" >
        <bin index="0" start="0" width="0.001" count="254" />
        <bin index="1" start="0.001" width="0.001" count="28" />
        <bin index="2" start="0.002" width="0.001" count="7" />
        <bin index="3" start="0.003" width="0.001" count="11" />
        <bin index="4" start="0.004" width="0.001" count="5" />
        <bin index="5" start="0.005" width="0.001" count="1" />
        <bin index="6" start="0.006" width="0.001" count="4" />
        <bin index="7" start="0.007" width="0.001" count="8" />
        <bin index="8" start="0.008" width="0.001" count="4" />
        <bin index="9" start="0.009" width="0.001" count="6" />
        <bin index="10" start="0.01" width="0.001" count="3" />
        <bin index="11" start="0.011" width="0.001" count="1" />
        <bin index="12" start="0.012" width="0.001" count="1" />
        <bin index="13" start="0.013" width="0.001" count="1" />
        <bin index="15" start="0.015" width="0.001" count="2" />
        <bin index="16" start="0.016" width="0.001" count="2" />
        <bin index="17" start="0.017" width="0.001" count="1" />
        <bin index="18" start="0.018" width="0.001" count="2" />
        <bin index="35" start="0.035" width="0.001" count="1" />
        <bin index="41" start="0.041" width="0.001" count="1" />
        <bin index="49" start="0.049" width="0.001" count="1" />
        <bin index="57" start="0.057" width="0.001" count="1" />
        <bin index="249" start="0.249" width="0.001" count="2" />
        <bin index="513" start="0.513" width="0.001" count="1" />
        <bin index="1011" start="1.011" width="0.001" count="1" />
      </jitterHistogram>
      <packetSizeHistogram nBins="5" >
        <bin index="4" start="80" width="20" count="350" />
      </packetSizeHistogram>
      <flowInterruptionsHistogram nBins="29" >
        <bin index="2" start="0.5" width="0.25" count="4" />
        <bin index="3" start="0.75" width="0.25" count="2" />
        <bin index="5" start="1.25" width="0.25" count="1" />
        <bin index="9" start="2.25" width="0.25" count="1" />
        <bin index="28" start="7" width="0.25" count="1" />
      </flowInterruptionsHistogram>
    </Flow>
    <Flow flowId="5" timeFirstTxPacket="+100629015501.0ns" timeFirstRxPacket="+100637754121.0ns" timeLastTxPacket="+199879015501.0ns" timeLastRxPacket="+199888359932.0ns" delaySum="+2929771935.0ns" jitterSum="+2557523661.0ns" lastDelay="+9344431.0ns" txBytes="36616" rxBytes="31924" txPackets="398" rxPackets="347" lostPackets="51" timesForwarded="121">
      <delayHistogram nBins="1010" >
        <bin index="0" start="0" width="0.001" count="226" />
        <bin index="1" start="0.001" width="0.001" count="64" />
        <bin index="2" start="0.002" width="0.001" count="13" />
        <bin index="3" start="0.003" width="0.001" count="8" />
        <bin index="4" start="0.004" width="0.001" count="4" />
        <bin index="5" start="0.005" width="0.001" count="2" />
        <bin index="6" start="0.006" width="0.001" count="3" />
        <bin index="7" start="0.007" width="0.001" count="3" />
        <bin index="8" start="0.008" width="0.001" count="3" />
        <bin index="9" start="0.009" width="0.001" count="5" />
        <bin index="10" start="0.01" width="0.001" count="3" />
        <bin index="11" start="0.011" width="0.001" count="1" />
        <bin index="13" start="0.013" width="0.001" count="1" />
        <bin index="14" start="0.014" width="0.001" count="1" />
        <bin index="17" start="0.017" width="0.001" count="1" />
        <bin index="20" start="0.02" width="0.001" count="1" />
        <bin index="21" start="0.021" width="0.001" count="1" />
        <bin index="23" start="0.023" width="0.001" count="1" />
        <bin index="25" start="0.025" width="0.001" count="1" />
        <bin index="35" start="0.035" width="0.001" count="1" />
        <bin index="47" start="0.047" width="0.001" count="1" />
        <bin index="524" start="0.524" width="0.001" count="1" />
        <bin index="771" start="0.771" width="0.001" count="1" />
        <bin index="1009" start="1.009" width="0.001" count="1" />
      </delayHistogram>
      <jitterHistogram nBins="1007" >
        <bin index="0" start="0" width="0.001" count="270" />
        <bin index="1" start="0.001" width="0.001" count="20" />
        <bin index="2" start="0.002" width="0.001" count="9" />
        <bin index="3" start="0.003" width="0.001" count="7" />
        <bin index="4" start="0.004" width="0.001" count="1" />
        <bin index="5" start="0.005" width="0.001" count="2" />
        <bin index="6" start="0.006" width="0.001" count="7" />
        <bin index="7" start="0.007" width="0.001" count="3" />
        <bin index="8" start="0.008" width="0.001" count="5" />
        <bin index="9" start="0.009" width="0.001" count="2" />
        <bin index="10" start="0.01" width="0.001" count="3" />
        <bin index="11" start="0.011" width="0.001" count="1" />
        <bin index="12" start="0.012" width="0.001" count="2" />
        <bin index="13" start="0.013" width="0.001" count="1" />
        <bin index="14" start="0.014" width="0.001" count="2" />
        <bin index="15" start="0.015" width="0.001" count="2" />
        <bin index="20" start="0.02" width="0.001" count="2" />
        <bin index="34" start="0.034" width="0.001" count="1" />
        <bin index="42" start="0.042" width="0.001" count="1" />
        <bin index="46" start="0.046" width="0.001" count="1" />
        <bin index="238" start="0.238" width="0.001" count="1" />
        <bin index="247" start="0.247" width="0.001" count="1" />
        <bin index="520" start="0.52" width="0.001" count="1" />
        <bin index="1006" start="1.006" width="0.001" count="1" />
      </jitterHistogram>
      <packetSizeHistogram nBins="5" >
        <bin index="4" start="80" width="20" count="347" />
      </packetSizeHistogram>
      <flowInterruptionsHistogram nBins="22" >
        <bin index="2" start="0.5" width="0.25" count="8" />
        <bin index="5" start="1.25" width="0.25" count="2" />
        <bin index="6" start="1.5" width="0.25" count="1" />
        <bin index="7" start="1.75" width="0.25" count="1" />
        <bin index="21" start="5.25" width="0.25" count="1" />
      </flowInterruptionsHistogram>
    </Flow>
    <Flow flowId="6" timeFirstTxPacket="+100856761173.0ns" timeFirstRxPacket="+100858201077.0ns" timeLastTxPacket="+199856761173.0ns" timeLastRxPacket="+199857798049.0ns" delaySum="+7242666595.0ns" jitterSum="+9873459576.0ns" lastDelay="+1036876.0ns" txBytes="36524" rxBytes="34776" txPackets="397" rxPackets="378" lostPackets="7" timesForwarded="335">
      <delayHistogram nBins="2828" >
        <bin index="0" start="0" width="0.001" count="95" />
        <bin index="1" start="0.001" width="0.001" count="191" />
        <bin index="2" start="0.002" width="0.001" count="28" />
        <bin index="3" start="0.003" width="0.001" count="13" />
        <bin index="4" start="0.004" width="0.001" count="7" />
        <bin index="5" start="0.005" width="0.001" count="4" />
        <bin index="6" start="0.006" width="0.001" count="3" />
        <bin index="7" start="0.007" width="0.001" count="2" />
        <bin index="8" start="0.008" width="0.001" count="4" />
        <bin index="9" start="0.009" width="0.001" count="3" />
        <bin index="11" start="0.011" width="0.001" count="2" />
        <bin index="13" start="0.013" width="0.001" count="1" />
        <bin index="14" start="0.014" width="0.001" count="1" />
        <bin index="15" start="0.015" width="0.001" count="4" />
        <bin index="16" start="0.016" width="0.001" count="1" />
        <bin index="17" start="0.017" width="0.001" count="3" />
        <bin index="18" start="0.018" width="0.001" count="1" />
        <bin index="20" start="0.02" width="0.001" count="3" />
        <bin index="21" start="0.021" width="0.001" count="1" />
        <bin index="22" start="0.022" width="0.001" count="2" />
        <bin index="28" start="0.028" width="0.001" count="1" />
        <bin index="29" start="0.029" width="0.001" count="1" />
        <bin index="47" start="0.047" width="0.001" count="1" />
        <bin index="55" start="0.055" width="0.001" count="1" />
        <bin index="528" start="0.528" width="0.001" count="1" />
        <bin index="777" start="0.777" width="0.001" count="1" />
        <bin index="1013" start="1.013" width="0.001" count="1" />
        <bin index="1025" start="1.025" width="0.001" count="1" />
        <bin index="2827" start="2.827" width="0.001" count="1" />
      </delayHistogram>
      <jitterHistogram nBins="2826" >
        <bin index="0" start="0" width="0.001" count="236" />
        <bin index="1" start="0.001" width="0.001" count="37" />
        <bin index="2" start="0.002" width="0.001" count="20" />
        <bin index="3" start="0.003" width="0.001" count="9" />
        <bin index="4" start="0.004" width="0.001" count="6" />
        <bin index="5" start="0.005" width="0.001" count="6" />
        <bin index="6" start="0.006" width="0.001" count="6" />
        <bin index="7" start="0.007" width="0.001" count="3" />
        <bin index="8" start="0.008" width="0.001" count="4" />
        <bin index="10" start="0.01" width="0.001" count="5" />
        <bin index="12" start="0.012" width="0.001" count="1" />
        <bin index="13" start="0.013" width="0.001" count="3" />
        <bin index="14" start="0.014" width="0.001" count="4" />
        <bin index="15" start="0.015" width="0.001" count="5" />
        <bin index="16" start="0.016" width="0.001" count="7" />
        <bin index="17" start="0.017" width="0.001" count="1" />
        <bin index="18" start="0.018" width="0.001" count="2" />
        <bin index="19" start="0.019" width="0.001" count="3" />
        <bin index="20" start="0.02" width="0.001" count="1" />
        <bin index="21" start="0.021" width="0.001" count="3" />
        <bin index="26" start="0.026" width="0.001" count="2" />
        <bin index="28" start="0.028" width="0.001" count="1" />
        <bin index="29" start="0.029" width="0.001" count="1" />
        <bin index="44" start="0.044" width="0.001" count="1" />
        <bin index="45" start="0.045" width="0.001" count="1" />
        <bin index="48" start="0.048" width="0.001" count="1" />
        <bin index="54" start="0.054" width="0.001" count="1" />
        <bin index="247" start="0.247" width="0.001" count="1" />
        <bin index="249" start="0.249" width="0.001" count="1" />
        <bin index="1010" start="1.01" width="0.001" count="1" />
        <bin index="1012" start="1.012" width="0.001" count="1" />
        <bin index="1020" start="1.02" width="0.001" count="1" />
        <bin index="2298" start="2.298" width="0.001" count="1" />
        <bin index="2825" start="2.825" width="0.001" count="1" />
      </jitterHistogram>
      <packetSizeHistogram nBins="5" >
        <bin index="4" start="80" width="20" count="378" />
      </packetSizeHistogram>
      <flowInterruptionsHistogram nBins="14" >
        <bin index="2" start="0.5" width="0.25" count="5" />
        <bin index="3" start="0.75" width="0.25" count="1" />
        <bin index="13" start="3.25" width="0.25" count="1" />
      </flowInterruptionsHistogram>
    </Flow>
    <Flow flowId="7" timeFirstTxPacket="+100909133684.0ns" timeFirstRxPacket="+100924191521.0ns" timeLastTxPacket="+199909133684.0ns" timeLastRxPacket="+199910089878.0ns" delaySum="+589512151.0ns" jitterSum="+533714765.0ns" lastDelay="+956194.0ns" txBytes="36524" rxBytes="34684" txPackets="397" rxPackets="377" lostPackets="20" timesForwarded="113">
      <delayHistogram nBins="32" >
        <bin index="0" start="0" width="0.001" count="276" />
        <bin index="1" start="0.001" width="0.001" count="60" />
        <bin index="2" start="0.002" width="0.001" count="11" />
        <bin index="3" start="0.003" width="0.001" count="5" />
        <bin index="6" start="0.006" width="0.001" count="1" />
        <bin index="7" start="0.007" width="0.001" count="3" />
        <bin index="8" start="0.008" width="0.001" count="2" />
        <bin index="9" start="0.009" width="0.001" count="3" />
        <bin index="12" start="0.012" width="0.001" count="1" />
        <bin index="13" start="0.013" width="0.001" count="2" />
        <bin index="14" start="0.014" width="0.001" count="2" />
        <bin index="15" start="0.015" width="0.001" count="2" />
        <bin index="16" start="0.016" width="0.001" count="1" />
        <bin index="17" start="0.017" width="0.001" count="2" />
        <bin index="20" start="0.02" width="0.001" count="1" />
        <bin index="21" start="0.021" width="0.001" count="2" />
        <bin index="25" start="0.025" width="0.001" count="1" />
        <bin index="27" start="0.027" width="0.001" count="1" />
        <bin index="31" start="0.031" width="0.001" count="1" />
      </delayHistogram>
      <jitterHistogram nBins="29" >
        <bin index="0" start="0" width="0.001" count="315" />
        <bin index="1" start="0.001" width="0.001" count="17" />
        <bin index="2" start="0.002" width="0.001" count="4" />
        <bin index="3" start="0.003" width="0.001" count="1" />
        <bin index="4" start="0.004" width="0.001" count="3" />
        <bin index="5" start="0.005" width="0.001" count="4" />
        <bin index="6" start="0.006" width="0.001" count="6" />
        <bin index="7" start="0.007" width="0.001" count="3" />
        <bin index="8" start="0.008" width="0.001" count="1" />
        <bin index="10" start="0.01" width="0.001" count="1" />
        <bin index="11" start="0.011" width="0.001" count="2" />
        <bin index="12" start="0.012" width="0.001" count="4" />
        <bin index="13" start="0.013" width="0.001" count="3" />
        <bin index="14" start="0.014" width="0.001" count="1" />
        <bin index="15" start="0.015" width="0.001" count="1" />
        <bin index="16" start="0.016" width="0.001" count="2" />
        <bin index="17" start="0.017" width="0.001" count="1" />
        <bin index="19" start="0.019" width="0.001" count="2" />
        <bin index="20" start="0.02" width="0.001" count="1" />
        <bin index="23" start="0.023" width="0.001" count="2" />
        <bin index="25" start="0.025" width="0.001" count="1" />
        <bin index="28" start="0.028" width="0.001" count="1" />
      </jitterHistogram>
      <packetSizeHistogram nBins="5" >
        <bin index="4" start="80" width="20" count="377" />
      </packetSizeHistogram>
      <flowInterruptionsHistogram nBins="11" >
        <bin index="2" start="0.5" width="0.25" count="2" />
        <bin index="3" start="0.75" width="0.25" count="1" />
        <bin index="5" start="1.25" width="0.25" count="1" />
        <bin index="10" start="2.5" width="0.25" count="1" />
      </flowInterruptionsHistogram>
    </Flow>
    <Flow flowId="8" timeFirstTxPacket="+101116153494.0ns" timeFirstRxPacket="+101131832378.0ns" timeLastTxPacket="+199866153494.0ns" timeLastRxPacket="+199867249722.0ns" delaySum="+536501954.0ns" jitterSum="+480793842.0ns" lastDelay="+1096228.0ns" txBytes="36432" rxBytes="33120" txPackets="396" rxPackets="360" lostPackets="24" timesForwarded="152">
      <delayHistogram nBins="42" >
        <bin index="0" start="0" width="0.001" count="238" />
        <bin index="1" start="0.001" width="0.001" count="89" />
        <bin index="2" start="0.002" width="0.001" count="4" />
        <bin index="3" start="0.003" width="0.001" count="8" />
        <bin index="4" start="0.004" width="0.001" count="3" />
        <bin index="5" start="0.005" width="0.001" count="1" />
        <bin index="6" start="0.006" width="0.001" count="1" />
        <bin index="7" start="0.007" width="0.001" count="1" />
        <bin index="9" start="0.009" width="0.001" count="2" />
        <bin index="10" start="0.01" width="0.001" count="1" />
        <bin index="11" start="0.011" width="0.001" count="1" />
        <bin index="13" start="0.013" width="0.001" count="2" />
        <bin index="15" start="0.015" width="0.001" count="3" />
        <bin index="17" start="0.017" width="0.001" count="1" />
        <bin index="19" start="0.019" width="0.001" count="1" />
        <bin index="20" start="0.02" width="0.001" count="2" />
        <bin index="28" start="0.028" width="0.001" count="1" />
        <bin index="41" start="0.041" width="0.001" count="1" />
      </delayHistogram>
      <jitterHistogram nBins="41" >
        <bin index="0" start="0" width="0.001" count="303" />
        <bin index="1" start="0.001" width="0.001" count="16" />
        <bin index="2" start="0.002" width="0.001" count="9" />
        <bin index="3" start="0.003" width="0.001" count="4" />
        <bin index="4" start="0.004" width="0.001" count="1" />
        <bin index="5" start="0.005" width="0.001" count="2" />
        <bin index="6" start="0.006" width="0.001" count="3" />
        <bin index="7" start="0.007" width="0.001" count="1" />
        <bin index="8" start="0.008" width="0.001" count="1" />
        <bin index="9" start="0.009" width="0.001" count="1" />
        <bin index="10" start="0.01" width="0.001" count="2" />
        <bin index="11" start="0.011" width="0.001" count="2" />
        <bin index="12" start="0.012" width="0.001" count="2" />
        <bin index="13" start="0.013" width="0.001" count="1" />
        <bin index="14" start="0.014" width="0.001" count="1" />
        <bin index="15" start="0.015" width="0.001" count="1" />
        <bin index="16" start="0.016" width="0.001" count="2" />
        <bin index="17" start="0.017" width="0.001" count="1" />
        <bin index="18" start="0.018" width="0.001" count="2" />
        <bin index="19" start="0.019" width="0.001" count="1" />
        <bin index="27" start="0.027" width="0.001" count="1" />
        <bin index="39" start="0.039" width="0.001" count="1" />
        <bin index="40" start="0.04" width="0.001" count="1" />
      </jitterHistogram>
      <packetSizeHistogram nBins="5" >
        <bin index="4" start="80" width="20" count="360" />
      </packetSizeHistogram>
      <flowInterruptionsHistogram nBins="26" >
        <bin index="2" start="0.5" width="0.25" count="2" />
        <bin index="8" start="2" width="0.25" count="1" />
        <bin index="25" start="6.25" width="0.25" count="1" />
      </flowInterruptionsHistogram>
    </Flow>
    <Flow flowId="9" timeFirstTxPacket="+101118269429.0ns" timeFirstRxPacket="+101123888199.0ns" timeLastTxPacket="+199868269429.0ns" timeLastRxPacket="+199869346103.0ns" delaySum="+1220447813.0ns" jitterSum="+1134852226.0ns" lastDelay="+1076674.0ns" txBytes="36432" rxBytes="30636" txPackets="396" rxPackets="333" lostPackets="60" timesForwarded="401">
      <delayHistogram nBins="38" >
        <bin index="0" start="0" width="0.001" count="63" />
        <bin index="1" start="0.001" width="0.001" count="136" />
        <bin index="2" start="0.002" width="0.001" count="59" />
        <bin index="3" start="0.003" width="0.001" count="18" />
        <bin index="4" start="0.004" width="0.001" count="9" />
        <bin index="5" start="0.005" width="0.001" count="5" />
        <bin index="6" start="0.006" width="0.001" count="5" />
        <bin index="7" start="0.007" width="0.001" count="1" />
        <bin index="8" start="0.008" width="0.001" count="3" />
        <bin index="9" start="0.009" width="0.001" count="3" />
        <bin index="10" start="0.01" width="0.001" count="2" />
        <bin index="11" start="0.011" width="0.001" count="3" />
        <bin index="12" start="0.012" width="0.001" count="2" />
        <bin index="13" start="0.013" width="0.001" count="1" />
        <bin index="14" start="0.014" width="0.001" count="2" />
        <bin index="15" start="0.015" width="0.001" count="5" />
        <bin index="17" start="0.017" width="0.001" count="3" />
        <bin index="18" start="0.018" width="0.001" count="1" />
        <bin index="19" start="0.019" width="0.001" count="2" />
        <bin index="24" start="0.024" width="0.001" count="1" />
        <bin index="25" start="0.025" width="0.001" count="2" />
        <bin index="26" start="0.026" width="0.001" count="1" />
        <bin index="32" start="0.032" width="0.001" count="1" />
        <bin index="34" start="0.034" width="0.001" count="2" />
        <bin index="36" start="0.036" width="0.001" count="2" />
        <bin index="37" start="0.037" width="0.001" count="1" />
      </delayHistogram>
      <jitterHistogram nBins="35" >
        <bin index="0" start="0" width="0.001" count="201" />
        <bin index="1" start="0.001" width="0.001" count="38" />
        <bin index="2" start="0.002" width="0.001" count="15" />
        <bin index="3" start="0.003" width="0.001" count="6" />
        <bin index="4" start="0.004" width="0.001" count="7" />
        <bin index="5" start="0.005" width="0.001" count="8" />
        <bin index="6" start="0.006" width="0.001" count="1" />
        <bin index="7" start="0.007" width="0.001" count="3" />
        <bin index="8" start="0.008" width="0.001" count="5" />
        <bin index="9" start="0.009" width="0.001" count="5" />
        <bin index="10" start="0.01" width="0.001" count="7" />
        <bin index="11" start="0.011" width="0.001" count="4" />
        <bin index="12" start="0.012" width="0.001" count="3" />
        <bin index="13" start="0.013" width="0.001" count="8" />
        <bin index="14" start="0.014" width="0.001" count="2" />
        <bin index="16" start="0.016" width="0.001" count="3" />
        <bin index="17" start="0.017" width="0.001" count="2" />
        <bin index="18" start="0.018" width="0.001" count="2" />
        <bin index="19" start="0.019" width="0.001" count="1" />
        <bin index="23" start="0.023" width="0.001" count="1" />
        <bin index="24" start="0.024" width="0.001" count="2" />
        <bin index="28" start="0.028" width="0.001" count="1" />
        <bin index="31" start="0.031" width="0.001" count="2" />
        <bin index="32" start="0.032" width="0.001" count="2" />
        <bin index="33" start="0.033" width="0.001" count="1" />
        <bin index="34" start="0.034" width="0.001" count="2" />
      </jitterHistogram>
      <packetSizeHistogram nBins="5" >
        <bin index="4" start="80" width="20" count="333" />
      </packetSizeHistogram>
      <flowInterruptionsHistogram nBins="12" >
        <bin index="2" start="0.5" width="0.25" count="4" />
        <bin index="3" start="0.75" width="0.25" count="5" />
        <bin index="5" start="1.25" width="0.25" count="1" />
        <bin index="6" start="1.5" width="0.25" count="1" />
        <bin index="7" start="1.75" width="0.25" count="1" />
        <bin index="8" start="2" width="0.25" count="1" />
        <bin index="10" start="2.5" width="0.25" count="1" />
        <bin index="11" start="2.75" width="0.25" count="1" />
      </flowInterruptionsHistogram>
    </Flow>
    <Flow flowId="10" timeFirstTxPacket="+101164318892.0ns" timeFirstRxPacket="+101171958982.0ns" timeLastTxPacket="+199914318892.0ns" timeLastRxPacket="+199914605393.0ns" delaySum="+14312901862.0ns" jitterSum="+12989441297.0ns" lastDelay="+286501.0ns" txBytes="30084" rxBytes="23736" txPackets="327" rxPackets="258" lostPackets="69" timesForwarded="162">
      <delayHistogram nBins="4017" >
        <bin index="0" start="0" width="0.001" count="147" />
        <bin index="1" start="0.001" width="0.001" count="43" />
        <bin index="2" start="0.002" width="0.001" count="17" />
        <bin index="3" start="0.003" width="0.001" count="6" />
        <bin index="4" start="0.004" width="0.001" count="7" />
        <bin index="5" start="0.005" width="0.001" count="3" />
        <bin index="6" start="0.006" width="0.001" count="1" />
        <bin index="7" start="0.007" width="0.001" count="3" />
        <bin index="9" start="0.009" width="0.001" count="3" />
        <bin index="10" start="0.01" width="0.001" count="2" />
        <bin index="11" start="0.011" width="0.001" count="3" />
        <bin index="13" start="0.013" width="0.001" count="1" />
        <bin index="14" start="0.014" width="0.001" count="3" />
        <bin index="15" start="0.015" width="0.001" count="1" />
        <bin index="16" start="0.016" width="0.001" count="1" />
        <bin index="19" start="0.019" width="0.001" count="2" />
        <bin index="20" start="0.02" width="0.001" count="2" />
        <bin index="21" start="0.021" width="0.001" count="1" />
        <bin index="30" start="0.03" width="0.001" count="1" />
        <bin index="42" start="0.042" width="0.001" count="1" />
        <bin index="47" start="0.047" width="0.001" count="1" />
        <bin index="519" start="0.519" width="0.001" count="1" />
        <bin index="757" start="0.757" width="0.001" count="1" />
        <bin index="768" start="0.768" width="0.001" count="1" />
        <bin index="802" start="0.802" width="0.001" count="1" />
        <bin index="1005" start="1.005" width="0.001" count="1" />
        <bin index="1013" start="1.013" width="0.001" count="1" />
        <bin index="1014" start="1.014" width="0.001" count="1" />
        <bin index="3768" start="3.768" width="0.001" count="1" />
        <bin index="4016" start="4.016" width="0.001" count="1" />
      </delayHistogram>
      <jitterHistogram nBins="4006" >
        <bin index="0" start="0" width="0.001" count="187" />
        <bin index="1" start="0.001" width="0.001" count="13" />
        <bin index="2" start="0.002" width="0.001" count="7" />
        <bin index="3" start="0.003" width="0.001" count="3" />
        <bin index="4" start="0.004" width="0.001" count="2" />
        <bin index="5" start="0.005" width="0.001" count="5" />
        <bin index="6" start="0.006" width="0.001" count="3" />
        <bin index="7" start="0.007" width="0.001" count="3" />
        <bin index="8" start="0.008" width="0.001" count="2" />
        <bin index="9" start="0.009" width="0.001" count="2" />
        <bin index="10" start="0.01" width="0.001" count="2" />
        <bin index="11" start="0.011" width="0.001" count="4" />
        <bin index="13" start="0.013" width="0.001" count="1" />
        <bin index="14" start="0.014" width="0.001" count="3" />
        <bin index="17" start="0.017" width="0.001" count="2" />
        <bin index="20" start="0.02" width="0.001" count="1" />
        <bin index="21" start="0.021" width="0.001" count="1" />
        <bin index="27" start="0.027" width="0.001" count="1" />
        <bin index="41" start="0.041" width="0.001" count="2" />
        <bin index="42" start="0.042" width="0.001" count="1" />
        <bin index="210" start="0.21" width="0.001" count="1" />
        <bin index="244" start="0.244" width="0.001" count="1" />
        <bin index="247" start="0.247" width="0.001" count="1" />
        <bin index="248" start="0.248" width="0.001" count="1" />
        <bin index="249" start="0.249" width="0.001" count="1" />
        <bin index="515" start="0.515" width="0.001" count="1" />
        <bin index="749" start="0.749" width="0.001" count="1" />
        <bin index="1002" start="1.002" width="0.001" count="1" />
        <bin index="1004" start="1.004" width="0.001" count="1" />
        <bin index="1009" start="1.009" width="0.001" count="1" />
        <bin index="2965" start="2.965" width="0.001" count="1" />
        <bin index="4005" start="4.005" width="0.001" count="1" />
      </jitterHistogram>
      <packetSizeHistogram nBins="5" >
        <bin index="4" start="80" width="20" count="258" />
      </packetSizeHistogram>
      <flowInterruptionsHistogram nBins="76" >
        <bin index="2" start="0.5" width="0.25" count="3" />
        <bin index="3" start="0.75" width="0.25" count="3" />
        <bin index="8" start="2" width="0.25" count="1" />
        <bin index="12" start="3" width="0.25" count="1" />
        <bin index="16" start="4" width="0.25" count="1" />
        <bin index="25" start="6.25" width="0.25" count="1" />
        <bin index="75" start="18.75" width="0.25" count="1" />
      </flowInterruptionsHistogram>
    </Flow>
  </FlowStats>
  <Ipv4FlowClassifier>
    <Flow flowId="7" sourceAddress="10.1.1.11" destinationAddress="10.1.1.1" protocol="17" sourcePort="49153" destinationPort="9">
      <Dscp value="0x0" packets="397" />
    </Flow>
    <Flow flowId="4" sourceAddress="10.1.1.12" destinationAddress="10.1.1.2" protocol="17" sourcePort="49153" destinationPort="9">
      <Dscp value="0x0" packets="399" />
    </Flow>
    <Flow flowId="5" sourceAddress="10.1.1.13" destinationAddress="10.1.1.3" protocol="17" sourcePort="49153" destinationPort="9">
      <Dscp value="0x0" packets="398" />
    </Flow>
    <Flow flowId="1" sourceAddress="10.1.1.14" destinationAddress="10.1.1.4" protocol="17" sourcePort="49153" destinationPort="9">
      <Dscp value="0x0" packets="365" />
    </Flow>
    <Flow flowId="6" sourceAddress="10.1.1.15" destinationAddress="10.1.1.5" protocol="17" sourcePort="49153" destinationPort="9">
      <Dscp value="0x0" packets="397" />
    </Flow>
    <Flow flowId="9" sourceAddress="10.1.1.16" destinationAddress="10.1.1.6" protocol="17" sourcePort="49153" destinationPort="9">
      <Dscp value="0x0" packets="396" />
    </Flow>
    <Flow flowId="3" sourceAddress="10.1.1.17" destinationAddress="10.1.1.7" protocol="17" sourcePort="49153" destinationPort="9">
      <Dscp value="0x0" packets="392" />
    </Flow>
    <Flow flowId="2" sourceAddress="10.1.1.18" destinationAddress="10.1.1.8" protocol="17" sourcePort="49153" destinationPort="9">
      <Dscp value="0x0" packets="399" />
    </Flow>
    <Flow flowId="10" sourceAddress="10.1.1.19" destinationAddress="10.1.1.9" protocol="17" sourcePort="49153" destinationPort="9">
      <Dscp value="0x0" packets="327" />
    </Flow>
    <Flow flowId="8" sourceAddress="10.1.1.20" destinationAddress="10.1.1.10" protocol="17" sourcePort="49153" destinationPort="9">
      <Dscp value="0x0" packets="396" />
    </Flow>
  </Ipv4FlowClassifier>
  <Ipv6FlowClassifier>
  </Ipv6FlowClassifier>
  <FlowProbes>
    <FlowProbe index="0">
      <FlowStats  flowId="2" packets="1" bytes="92" delayFromFirstProbeSum="+286106.0ns" >
      </FlowStats>
      <FlowStats  flowId="4" packets="10" bytes="920" delayFromFirstProbeSum="+5718322.0ns" >
      </FlowStats>
      <FlowStats  flowId="6" packets="9" bytes="828" delayFromFirstProbeSum="+14157750.0ns" >
      </FlowStats>
      <FlowStats  flowId="7" packets="377" bytes="34684" delayFromFirstProbeSum="+589512151.0ns" >
      </FlowStats>
      <FlowStats  flowId="9" packets="10" bytes="920" delayFromFirstProbeSum="+22078113.0ns" >
      </FlowStats>
      <FlowStats  flowId="10" packets="15" bytes="1380" delayFromFirstProbeSum="+8525804.0ns" >
      </FlowStats>
    </FlowProbe>
    <FlowProbe index="1">
    </FlowProbe>
    <FlowProbe index="2">
      <FlowStats  flowId="2" packets="18" bytes="1656" delayFromFirstProbeSum="+8260498.0ns" >
      </FlowStats>
      <FlowStats  flowId="3" packets="24" bytes="2208" delayFromFirstProbeSum="+61274369.0ns" >
      </FlowStats>
      <FlowStats  flowId="4" packets="350" bytes="32200" delayFromFirstProbeSum="+3127163873.0ns" >
      </FlowStats>
      <FlowStats  flowId="6" packets="8" bytes="736" delayFromFirstProbeSum="+9325059.0ns" >
      </FlowStats>
      <FlowStats  flowId="9" packets="46" bytes="4232" delayFromFirstProbeSum="+49563720.0ns" >
      </FlowStats>
      <FlowStats  flowId="10" packets="1" bytes="92" delayFromFirstProbeSum="+12659800.0ns" >
      </FlowStats>
    </FlowProbe>
    <FlowProbe index="3">
    </FlowProbe>
    <FlowProbe index="4">
      <FlowStats  flowId="1" packets="11" bytes="1012" delayFromFirstProbeSum="+104225129.0ns" >
      </FlowStats>
      <FlowStats  flowId="4" packets="24" bytes="2208" delayFromFirstProbeSum="+21367600.0ns" >
      </FlowStats>
      <FlowStats  flowId="5" packets="347" bytes="31924" delayFromFirstProbeSum="+2929771935.0ns" >
      </FlowStats>
      <FlowStats  flowId="7" packets="15" bytes="1380" delayFromFirstProbeSum="+13648602.0ns" >
      </FlowStats>
      <FlowStats  flowId="8" packets="14" bytes="1288" delayFromFirstProbeSum="+13347688.0ns" >
      </FlowStats>
    </FlowProbe>
    <FlowProbe index="5">
    </FlowProbe>
    <FlowProbe index="6">
      <FlowStats  flowId="1" packets="311" bytes="28612" delayFromFirstProbeSum="+1553088055.0ns" >
      </FlowStats>
      <FlowStats  flowId="3" packets="24" bytes="2208" delayFromFirstProbeSum="+78321400.0ns" >
      </FlowStats>
      <FlowStats  flowId="4" packets="54" bytes="4968" delayFromFirstProbeSum="+20932300.0ns" >
      </FlowStats>
      <FlowStats  flowId="6" packets="16" bytes="1472" delayFromFirstProbeSum="+12864895.0ns" >
      </FlowStats>
      <FlowStats  flowId="7" packets="8" bytes="736" delayFromFirstProbeSum="+2294284.0ns" >
      </FlowStats>
      <FlowStats  flowId="8" packets="9" bytes="828" delayFromFirstProbeSum="+2935148.0ns" >
      </FlowStats>
      <FlowStats  flowId="9" packets="16" bytes="1472" delayFromFirstProbeSum="+11760384.0ns" >
      </FlowStats>
      <FlowStats  flowId="10" packets="15" bytes="1380" delayFromFirstProbeSum="+26867394.0ns" >
      </FlowStats>
    </FlowProbe>
    <FlowProbe index="7">
    </FlowProbe>
    <FlowProbe index="8">
      <FlowStats  flowId="3" packets="12" bytes="1104" delayFromFirstProbeSum="+32500046.0ns" >
      </FlowStats>
      <FlowStats  flowId="4" packets="18" bytes="1656" delayFromFirstProbeSum="+27347094.0ns" >
      </FlowStats>
      <FlowStats  flowId="5" packets="8" bytes="736" delayFromFirstProbeSum="+4665455.0ns" >
      </FlowStats>
      <FlowStats  flowId="6" packets="378" bytes="34776" delayFromFirstProbeSum="+7242666595.0ns" >
      </FlowStats>
      <FlowStats  flowId="9" packets="17" bytes="1564" delayFromFirstProbeSum="+11701774.0ns" >
      </FlowStats>
    </FlowProbe>
    <FlowProbe index="9">
    </FlowProbe>
    <FlowProbe index="10">
      <FlowStats  flowId="2" packets="8" bytes="736" delayFromFirstProbeSum="+7563422.0ns" >
      </FlowStats>
      <FlowStats  flowId="3" packets="8" bytes="736" delayFromFirstProbeSum="+43648553.0ns" >
      </FlowStats>
      <FlowStats  flowId="4" packets="5" bytes="460" delayFromFirstProbeSum="+15924798.0ns" >
      </FlowStats>
      <FlowStats  flowId="9" packets="333" bytes="30636" delayFromFirstProbeSum="+1220447813.0ns" >
      </FlowStats>
    </FlowProbe>
    <FlowProbe index="11">
    </FlowProbe>
    <FlowProbe index="12">
      <FlowStats  flowId="3" packets="301" bytes="27692" delayFromFirstProbeSum="+6557717251.0ns" >
      </FlowStats>
      <FlowStats  flowId="6" packets="32" bytes="2944" delayFromFirstProbeSum="+12763943.0ns" >
      </FlowStats>
      <FlowStats  flowId="10" packets="8" bytes="736" delayFromFirstProbeSum="+14810567.0ns" >
      </FlowStats>
    </FlowProbe>
    <FlowProbe index="13">
    </FlowProbe>
    <FlowProbe index="14">
      <FlowStats  flowId="1" packets="25" bytes="2300" delayFromFirstProbeSum="+18019312.0ns" >
      </FlowStats>
      <FlowStats  flowId="2" packets="391" bytes="35972" delayFromFirstProbeSum="+463600065.0ns" >
      </FlowStats>
      <FlowStats  flowId="6" packets="40" bytes="3680" delayFromFirstProbeSum="+19782478.0ns" >
      </FlowStats>
      <FlowStats  flowId="8" packets="1" bytes="92" delayFromFirstProbeSum="+1697162.0ns" >
      </FlowStats>
      <FlowStats  flowId="9" packets="22" bytes="2024" delayFromFirstProbeSum="+102071254.0ns" >
      </FlowStats>
      <FlowStats  flowId="10" packets="4" bytes="368" delayFromFirstProbeSum="+2269172130.0ns" >
      </FlowStats>
    </FlowProbe>
    <FlowProbe index="15">
    </FlowProbe>
    <FlowProbe index="16">
      <FlowStats  flowId="3" packets="29" bytes="2668" delayFromFirstProbeSum="+15564096.0ns" >
      </FlowStats>
      <FlowStats  flowId="10" packets="258" bytes="23736" delayFromFirstProbeSum="+14312901862.0ns" >
      </FlowStats>
    </FlowProbe>
    <FlowProbe index="17">
    </FlowProbe>
    <FlowProbe index="18">
      <FlowStats  flowId="1" packets="1" bytes="92" delayFromFirstProbeSum="+2132676.0ns" >
      </FlowStats>
      <FlowStats  flowId="3" packets="25" bytes="2300" delayFromFirstProbeSum="+125140668.0ns" >
      </FlowStats>
      <FlowStats  flowId="4" packets="22" bytes="2024" delayFromFirstProbeSum="+37393886.0ns" >
      </FlowStats>
      <FlowStats  flowId="5" packets="33" bytes="3036" delayFromFirstProbeSum="+9459292.0ns" >
      </FlowStats>
      <FlowStats  flowId="8" packets="360" bytes="33120" delayFromFirstProbeSum="+536501954.0ns" >
      </FlowStats>
      <FlowStats  flowId="9" packets="7" bytes="644" delayFromFirstProbeSum="+16505678.0ns" >
      </FlowStats>
      <FlowStats  flowId="10" packets="31" bytes="2852" delayFromFirstProbeSum="+9379147.0ns" >
      </FlowStats>
    </FlowProbe>
    <FlowProbe index="19">
    </FlowProbe>
    <FlowProbe index="20">
      <FlowStats  flowId="1" packets="7" bytes="644" delayFromFirstProbeSum="+11579075.0ns" >
      </FlowStats>
      <FlowStats  flowId="2" packets="7" bytes="644" delayFromFirstProbeSum="+11417754.0ns" >
      </FlowStats>
      <FlowStats  flowId="4" packets="16" bytes="1472" delayFromFirstProbeSum="+2267190485.0ns" >
      </FlowStats>
      <FlowStats  flowId="7" packets="397" bytes="36524" delayFromFirstProbeSum="+0.0ns" >
      </FlowStats>
      <FlowStats  flowId="9" packets="2" bytes="184" delayFromFirstProbeSum="+7347225.0ns" >
      </FlowStats>
      <FlowStats  flowId="10" packets="6" bytes="552" delayFromFirstProbeSum="+12224872.0ns" >
      </FlowStats>
    </FlowProbe>
    <FlowProbe index="21">
    </FlowProbe>
    <FlowProbe index="22">
      <FlowStats  flowId="3" packets="7" bytes="644" delayFromFirstProbeSum="+7294607.0ns" >
      </FlowStats>
      <FlowStats  flowId="4" packets="399" bytes="36708" delayFromFirstProbeSum="+0.0ns" >
      </FlowStats>
      <FlowStats  flowId="5" packets="7" bytes="644" delayFromFirstProbeSum="+3280998.0ns" >
      </FlowStats>
      <FlowStats  flowId="9" packets="18" bytes="1656" delayFromFirstProbeSum="+15672281.0ns" >
      </FlowStats>
      <FlowStats  flowId="10" packets="16" bytes="1472" delayFromFirstProbeSum="+15960485.0ns" >
      </FlowStats>
    </FlowProbe>
    <FlowProbe index="23">
    </FlowProbe>
    <FlowProbe index="24">
      <FlowStats  flowId="1" packets="1" bytes="92" delayFromFirstProbeSum="+8519724.0ns" >
      </FlowStats>
      <FlowStats  flowId="2" packets="9" bytes="828" delayFromFirstProbeSum="+3809608.0ns" >
      </FlowStats>
      <FlowStats  flowId="3" packets="1" bytes="92" delayFromFirstProbeSum="+6519572.0ns" >
      </FlowStats>
      <FlowStats  flowId="5" packets="398" bytes="36616" delayFromFirstProbeSum="+0.0ns" >
      </FlowStats>
      <FlowStats  flowId="8" packets="8" bytes="736" delayFromFirstProbeSum="+7420468.0ns" >
      </FlowStats>
      <FlowStats  flowId="9" packets="15" bytes="1380" delayFromFirstProbeSum="+21244291.0ns" >
      </FlowStats>
      <FlowStats  flowId="10" packets="7" bytes="644" delayFromFirstProbeSum="+18487038.0ns" >
      </FlowStats>
    </FlowProbe>
    <FlowProbe index="25">
    </FlowProbe>
    <FlowProbe index="26">
      <FlowStats  flowId="1" packets="365" bytes="33580" delayFromFirstProbeSum="+0.0ns" >
      </FlowStats>
      <FlowStats  flowId="6" packets="15" bytes="1380" delayFromFirstProbeSum="+14300621.0ns" >
      </FlowStats>
      <FlowStats  flowId="7" packets="8" bytes="736" delayFromFirstProbeSum="+10136720.0ns" >
      </FlowStats>
      <FlowStats  flowId="8" packets="1" bytes="92" delayFromFirstProbeSum="+2778281.0ns" >
      </FlowStats>
    </FlowProbe>
    <FlowProbe index="27">
    </FlowProbe>
    <FlowProbe index="28">
      <FlowStats  flowId="6" packets="397" bytes="36524" delayFromFirstProbeSum="+0.0ns" >
      </FlowStats>
      <FlowStats  flowId="7" packets="8" bytes="736" delayFromFirstProbeSum="+4662763.0ns" >
      </FlowStats>
    </FlowProbe>
    <FlowProbe index="29">
    </FlowProbe>
    <FlowProbe index="30">
      <FlowStats  flowId="2" packets="8" bytes="736" delayFromFirstProbeSum="+11622995.0ns" >
      </FlowStats>
      <FlowStats  flowId="3" packets="8" bytes="736" delayFromFirstProbeSum="+16500402.0ns" >
      </FlowStats>
      <FlowStats  flowId="4" packets="1" bytes="92" delayFromFirstProbeSum="+1599721.0ns" >
      </FlowStats>
      <FlowStats  flowId="5" packets="40" bytes="3680" delayFromFirstProbeSum="+62371056.0ns" >
      </FlowStats>
      <FlowStats  flowId="6" packets="1" bytes="92" delayFromFirstProbeSum="+6201480.0ns" >
      </FlowStats>
      <FlowStats  flowId="9" packets="396" bytes="36432" delayFromFirstProbeSum="+0.0ns" >
      </FlowStats>
      <FlowStats  flowId="10" packets="10" bytes="920" delayFromFirstProbeSum="+42784154.0ns" >
      </FlowStats>
    </FlowProbe>
    <FlowProbe index="31">
    </FlowProbe>
    <FlowProbe index="32">
      <FlowStats  flowId="3" packets="392" bytes="36064" delayFromFirstProbeSum="+0.0ns" >
      </FlowStats>
      <FlowStats  flowId="4" packets="14" bytes="1288" delayFromFirstProbeSum="+11430101.0ns" >
      </FlowStats>
      <FlowStats  flowId="5" packets="1" bytes="92" delayFromFirstProbeSum="+2709122.0ns" >
      </FlowStats>
      <FlowStats  flowId="8" packets="6" bytes="552" delayFromFirstProbeSum="+11471524.0ns" >
      </FlowStats>
      <FlowStats  flowId="9" packets="31" bytes="2852" delayFromFirstProbeSum="+12326000.0ns" >
      </FlowStats>
    </FlowProbe>
    <FlowProbe index="33">
    </FlowProbe>
    <FlowProbe index="34">
      <FlowStats  flowId="2" packets="399" bytes="36708" delayFromFirstProbeSum="+0.0ns" >
      </FlowStats>
      <FlowStats  flowId="3" packets="31" bytes="2852" delayFromFirstProbeSum="+68709719.0ns" >
      </FlowStats>
      <FlowStats  flowId="4" packets="8" bytes="736" delayFromFirstProbeSum="+12684562.0ns" >
      </FlowStats>
      <FlowStats  flowId="5" packets="8" bytes="736" delayFromFirstProbeSum="+8495099.0ns" >
      </FlowStats>
      <FlowStats  flowId="7" packets="2" bytes="184" delayFromFirstProbeSum="+5045810.0ns" >
      </FlowStats>
      <FlowStats  flowId="8" packets="15" bytes="1380" delayFromFirstProbeSum="+8549051.0ns" >
      </FlowStats>
      <FlowStats  flowId="9" packets="16" bytes="1472" delayFromFirstProbeSum="+18124081.0ns" >
      </FlowStats>
      <FlowStats  flowId="10" packets="3" bytes="276" delayFromFirstProbeSum="+13541031.0ns" >
      </FlowStats>
    </FlowProbe>
    <FlowProbe index="35">
    </FlowProbe>
    <FlowProbe index="36">
      <FlowStats  flowId="1" packets="32" bytes="2944" delayFromFirstProbeSum="+14971488.0ns" >
      </FlowStats>
      <FlowStats  flowId="2" packets="15" bytes="1380" delayFromFirstProbeSum="+14535454.0ns" >
      </FlowStats>
      <FlowStats  flowId="4" packets="18" bytes="1656" delayFromFirstProbeSum="+14991539.0ns" >
      </FlowStats>
      <FlowStats  flowId="6" packets="15" bytes="1380" delayFromFirstProbeSum="+6991978.0ns" >
      </FlowStats>
      <FlowStats  flowId="8" packets="14" bytes="1288" delayFromFirstProbeSum="+5474171.0ns" >
      </FlowStats>
      <FlowStats  flowId="9" packets="23" bytes="2116" delayFromFirstProbeSum="+21841445.0ns" >
      </FlowStats>
      <FlowStats  flowId="10" packets="327" bytes="30084" delayFromFirstProbeSum="+0.0ns" >
      </FlowStats>
    </FlowProbe>
    <FlowProbe index="37">
    </FlowProbe>
    <FlowProbe index="38">
      <FlowStats  flowId="1" packets="1" bytes="92" delayFromFirstProbeSum="+9978800.0ns" >
      </FlowStats>
      <FlowStats  flowId="4" packets="5" bytes="460" delayFromFirstProbeSum="+3907156.0ns" >
      </FlowStats>
      <FlowStats  flowId="6" packets="1" bytes="92" delayFromFirstProbeSum="+1002210323.0ns" >
      </FlowStats>
      <FlowStats  flowId="7" packets="17" bytes="1564" delayFromFirstProbeSum="+18879347.0ns" >
      </FlowStats>
      <FlowStats  flowId="8" packets="396" bytes="36432" delayFromFirstProbeSum="+0.0ns" >
      </FlowStats>
      <FlowStats  flowId="10" packets="5" bytes="460" delayFromFirstProbeSum="+10710634.0ns" >
      </FlowStats>
    </FlowProbe>
    <FlowProbe index="39">
    </FlowProbe>
    <FlowProbe index="40">
    </FlowProbe>
    <FlowProbe index="41">
    </FlowProbe>
    <FlowProbe index="42">
      <FlowStats  flowId="1" packets="15" bytes="1380" delayFromFirstProbeSum="+6650621.0ns" >
      </FlowStats>
      <FlowStats  flowId="2" packets="6" bytes="552" delayFromFirstProbeSum="+8674264.0ns" >
      </FlowStats>
      <FlowStats  flowId="6" packets="13" bytes="1196" delayFromFirstProbeSum="+37106838.0ns" >
      </FlowStats>
      <FlowStats  flowId="9" packets="14" bytes="1288" delayFromFirstProbeSum="+5516988.0ns" >
      </FlowStats>
    </FlowProbe>
    <FlowProbe index="43">
    </FlowProbe>
    <FlowProbe index="44">
      <FlowStats  flowId="1" packets="7" bytes="644" delayFromFirstProbeSum="+11376729.0ns" >
      </FlowStats>
      <FlowStats  flowId="3" packets="1" bytes="92" delayFromFirstProbeSum="+17298707.0ns" >
      </FlowStats>
      <FlowStats  flowId="6" packets="40" bytes="3680" delayFromFirstProbeSum="+13579886.0ns" >
      </FlowStats>
      <FlowStats  flowId="7" packets="26" bytes="2392" delayFromFirstProbeSum="+150312722.0ns" >
      </FlowStats>
    </FlowProbe>
    <FlowProbe index="45">
    </FlowProbe>
    <FlowProbe index="46">
      <FlowStats  flowId="1" packets="31" bytes="2852" delayFromFirstProbeSum="+15494343.0ns" >
      </FlowStats>
      <FlowStats  flowId="2" packets="9" bytes="828" delayFromFirstProbeSum="+13708236.0ns" >
      </FlowStats>
      <FlowStats  flowId="8" packets="1" bytes="92" delayFromFirstProbeSum="+9478470.0ns" >
      </FlowStats>
      <FlowStats  flowId="10" packets="16" bytes="1472" delayFromFirstProbeSum="+29393434.0ns" >
      </FlowStats>
    </FlowProbe>
    <FlowProbe index="47">
    </FlowProbe>
    <FlowProbe index="48">
      <FlowStats  flowId="3" packets="4" bytes="368" delayFromFirstProbeSum="+65892739.0ns" >
      </FlowStats>
      <FlowStats  flowId="4" packets="2" bytes="184" delayFromFirstProbeSum="+73781608.0ns" >
      </FlowStats>
    </FlowProbe>
    <FlowProbe index="49">
    </FlowProbe>
    <FlowProbe index="50">
      <FlowStats  flowId="6" packets="9" bytes="828" delayFromFirstProbeSum="+5988257.0ns" >
      </FlowStats>
      <FlowStats  flowId="7" packets="23" bytes="2116" delayFromFirstProbeSum="+18305187.0ns" >
      </FlowStats>
      <FlowStats  flowId="10" packets="7" bytes="644" delayFromFirstProbeSum="+9026223.0ns" >
      </FlowStats>
    </FlowProbe>
    <FlowProbe index="51">
    </FlowProbe>
    <FlowProbe index="52">
      <FlowStats  flowId="3" packets="6" bytes="552" delayFromFirstProbeSum="+15529539.0ns" >
      </FlowStats>
      <FlowStats  flowId="4" packets="15" bytes="1380" delayFromFirstProbeSum="+66708471.0ns" >
      </FlowStats>
      <FlowStats  flowId="6" packets="16" bytes="1472" delayFromFirstProbeSum="+14179262.0ns" >
      </FlowStats>
    </FlowProbe>
    <FlowProbe index="53">
    </FlowProbe>
    <FlowProbe index="54">
      <FlowStats  flowId="3" packets="28" bytes="2576" delayFromFirstProbeSum="+15360491.0ns" >
      </FlowStats>
      <FlowStats  flowId="4" packets="15" bytes="1380" delayFromFirstProbeSum="+16076804.0ns" >
      </FlowStats>
      <FlowStats  flowId="9" packets="15" bytes="1380" delayFromFirstProbeSum="+8047466.0ns" >
      </FlowStats>
    </FlowProbe>
    <FlowProbe index="55">
    </FlowProbe>
    <FlowProbe index="56">
      <FlowStats  flowId="1" packets="1" bytes="92" delayFromFirstProbeSum="+8919535.0ns" >
      </FlowStats>
      <FlowStats  flowId="2" packets="17" bytes="1564" delayFromFirstProbeSum="+8180002.0ns" >
      </FlowStats>
      <FlowStats  flowId="3" packets="58" bytes="5336" delayFromFirstProbeSum="+5396485517.0ns" >
      </FlowStats>
      <FlowStats  flowId="4" packets="56" bytes="5152" delayFromFirstProbeSum="+2345474930.0ns" >
      </FlowStats>
      <FlowStats  flowId="6" packets="14" bytes="1288" delayFromFirstProbeSum="+12815522.0ns" >
      </FlowStats>
      <FlowStats  flowId="8" packets="48" bytes="4416" delayFromFirstProbeSum="+73284995.0ns" >
      </FlowStats>
      <FlowStats  flowId="9" packets="23" bytes="2116" delayFromFirstProbeSum="+30092290.0ns" >
      </FlowStats>
      <FlowStats  flowId="10" packets="8" bytes="736" delayFromFirstProbeSum="+8394976.0ns" >
      </FlowStats>
    </FlowProbe>
    <FlowProbe index="57">
    </FlowProbe>
    <FlowProbe index="58">
      <FlowStats  flowId="3" packets="1" bytes="92" delayFromFirstProbeSum="+17238348.0ns" >
      </FlowStats>
      <FlowStats  flowId="6" packets="42" bytes="3864" delayFromFirstProbeSum="+21746474.0ns" >
      </FlowStats>
      <FlowStats  flowId="9" packets="14" bytes="1288" delayFromFirstProbeSum="+61212034.0ns" >
      </FlowStats>
      <FlowStats  flowId="10" packets="9" bytes="828" delayFromFirstProbeSum="+18455779.0ns" >
      </FlowStats>
    </FlowProbe>
    <FlowProbe index="59">
    </FlowProbe>
    <FlowProbe index="60">
      <FlowStats  flowId="1" packets="14" bytes="1288" delayFromFirstProbeSum="+18164940.0ns" >
      </FlowStats>
      <FlowStats  flowId="2" packets="15" bytes="1380" delayFromFirstProbeSum="+24098044.0ns" >
      </FlowStats>
      <FlowStats  flowId="3" packets="24" bytes="2208" delayFromFirstProbeSum="+13094013.0ns" >
      </FlowStats>
      <FlowStats  flowId="4" packets="8" bytes="736" delayFromFirstProbeSum="+8626830.0ns" >
      </FlowStats>
      <FlowStats  flowId="6" packets="3" bytes="276" delayFromFirstProbeSum="+8532604.0ns" >
      </FlowStats>
      <FlowStats  flowId="9" packets="8" bytes="736" delayFromFirstProbeSum="+22097453.0ns" >
      </FlowStats>
      <FlowStats  flowId="10" packets="1" bytes="92" delayFromFirstProbeSum="+4399421.0ns" >
      </FlowStats>
    </FlowProbe>
    <FlowProbe index="61">
    </FlowProbe>
    <FlowProbe index="62">
      <FlowStats  flowId="1" packets="7" bytes="644" delayFromFirstProbeSum="+11597723.0ns" >
      </FlowStats>
      <FlowStats  flowId="4" packets="13" bytes="1196" delayFromFirstProbeSum="+24580180.0ns" >
      </FlowStats>
      <FlowStats  flowId="6" packets="8" bytes="736" delayFromFirstProbeSum="+7687363.0ns" >
      </FlowStats>
      <FlowStats  flowId="8" packets="9" bytes="828" delayFromFirstProbeSum="+10599287.0ns" >
      </FlowStats>
      <FlowStats  flowId="9" packets="14" bytes="1288" delayFromFirstProbeSum="+9506857.0ns" >
      </FlowStats>
      <FlowStats  flowId="10" packets="7" bytes="644" delayFromFirstProbeSum="+30358289.0ns" >
      </FlowStats>
    </FlowProbe>
    <FlowProbe index="63">
    </FlowProbe>
    <FlowProbe index="64">
      <FlowStats  flowId="1" packets="12" bytes="1104" delayFromFirstProbeSum="+34560006.0ns" >
      </FlowStats>
      <FlowStats  flowId="2" packets="17" bytes="1564" delayFromFirstProbeSum="+14217531.0ns" >
      </FlowStats>
      <FlowStats  flowId="3" packets="50" bytes="4600" delayFromFirstProbeSum="+26342372.0ns" >
      </FlowStats>
      <FlowStats  flowId="4" packets="48" bytes="4416" delayFromFirstProbeSum="+74564918.0ns" >
      </FlowStats>
      <FlowStats  flowId="6" packets="25" bytes="2300" delayFromFirstProbeSum="+12464257.0ns" >
      </FlowStats>
      <FlowStats  flowId="9" packets="22" bytes="2024" delayFromFirstProbeSum="+81052940.0ns" >
      </FlowStats>
      <FlowStats  flowId="10" packets="11" bytes="1012" delayFromFirstProbeSum="+2399624591.0ns" >
      </FlowStats>
    </FlowProbe>
    <FlowProbe index="65">
    </FlowProbe>
    <FlowProbe index="66">
      <FlowStats  flowId="1" packets="7" bytes="644" delayFromFirstProbeSum="+6040291.0ns" >
      </FlowStats>
      <FlowStats  flowId="4" packets="8" bytes="736" delayFromFirstProbeSum="+20219280.0ns" >
      </FlowStats>
      <FlowStats  flowId="6" packets="38" bytes="3496" delayFromFirstProbeSum="+17466852.0ns" >
      </FlowStats>
      <FlowStats  flowId="8" packets="1" bytes="92" delayFromFirstProbeSum="+9159439.0ns" >
      </FlowStats>
      <FlowStats  flowId="9" packets="12" bytes="1104" delayFromFirstProbeSum="+27315766.0ns" >
      </FlowStats>
    </FlowProbe>
    <FlowProbe index="67">
    </FlowProbe>
    <FlowProbe index="68">
      <FlowStats  flowId="4" packets="15" bytes="1380" delayFromFirstProbeSum="+11564105.0ns" >
      </FlowStats>
      <FlowStats  flowId="5" packets="24" bytes="2208" delayFromFirstProbeSum="+11888431.0ns" >
      </FlowStats>
      <FlowStats  flowId="8" packets="22" bytes="2024" delayFromFirstProbeSum="+10264341.0ns" >
      </FlowStats>
      <FlowStats  flowId="9" packets="9" bytes="828" delayFromFirstProbeSum="+13112370.0ns" >
      </FlowStats>
      <FlowStats  flowId="10" packets="3" bytes="276" delayFromFirstProbeSum="+8291207365.0ns" >
      </FlowStats>
    </FlowProbe>
    <FlowProbe index="69">
    </FlowProbe>
    <FlowProbe index="70">
    </FlowProbe>
    <FlowProbe index="71">
    </FlowProbe>
    <FlowProbe index="72">
      <FlowStats  flowId="1" packets="1" bytes="92" delayFromFirstProbeSum="+2499862.0ns" >
      </FlowStats>
      <FlowStats  flowId="2" packets="9" bytes="828" delayFromFirstProbeSum="+9604706.0ns" >
      </FlowStats>
      <FlowStats  flowId="3" packets="16" bytes="1472" delayFromFirstProbeSum="+28882491.0ns" >
      </FlowStats>
      <FlowStats  flowId="4" packets="33" bytes="3036" delayFromFirstProbeSum="+31338558.0ns" >
      </FlowStats>
      <FlowStats  flowId="6" packets="8" bytes="736" delayFromFirstProbeSum="+13219948.0ns" >
      </FlowStats>
      <FlowStats  flowId="7" packets="6" bytes="552" delayFromFirstProbeSum="+10670586.0ns" >
      </FlowStats>
      <FlowStats  flowId="8" packets="7" bytes="644" delayFromFirstProbeSum="+8838618.0ns" >
      </FlowStats>
      <FlowStats  flowId="9" packets="64" bytes="5888" delayFromFirstProbeSum="+110862971.0ns" >
      </FlowStats>
      <FlowStats  flowId="10" packets="7" bytes="644" delayFromFirstProbeSum="+17343914.0ns" >
      </FlowStats>
    </FlowProbe>
    <FlowProbe index="73">
    </FlowProbe>
    <FlowProbe index="74">
      <FlowStats  flowId="1" packets="15" bytes="1380" delayFromFirstProbeSum="+33914629.0ns" >
      </FlowStats>
      <FlowStats  flowId="3" packets="51" bytes="4692" delayFromFirstProbeSum="+35104684.0ns" >
      </FlowStats>
      <FlowStats  flowId="4" packets="12" bytes="1104" delayFromFirstProbeSum="+27217930.0ns" >
      </FlowStats>
      <FlowStats  flowId="5" packets="16" bytes="1472" delayFromFirstProbeSum="+78796094.0ns" >
      </FlowStats>
      <FlowStats  flowId="9" packets="9" bytes="828" delayFromFirstProbeSum="+24566530.0ns" >
      </FlowStats>
      <FlowStats  flowId="10" packets="15" bytes="1380" delayFromFirstProbeSum="+43235557.0ns" >
      </FlowStats>
    </FlowProbe>
    <FlowProbe index="75">
    </FlowProbe>
    <FlowProbe index="76">
      <FlowStats  flowId="2" packets="6" bytes="552" delayFromFirstProbeSum="+9393128.0ns" >
      </FlowStats>
      <FlowStats  flowId="9" packets="9" bytes="828" delayFromFirstProbeSum="+63812583.0ns" >
      </FlowStats>
    </FlowProbe>
    <FlowProbe index="77">
    </FlowProbe>
    <FlowProbe index="78">
    </FlowProbe>
    <FlowProbe index="79">
    </FlowProbe>
  </FlowProbes>
</FlowMonitor>
