<?xml version="1.0" ?>
<FlowMonitor>
  <FlowStats>
    <Flow flowId="1" timeFirstTxPacket="+100220527457.0ns" timeFirstRxPacket="+100223010181.0ns" timeLastTxPacket="+199970527457.0ns" timeLastRxPacket="+199970813930.0ns" delaySum="+5521106859.0ns" jitterSum="+4116058181.0ns" lastDelay="+286473.0ns" txBytes="73508" rxBytes="73508" txPackets="799" rxPackets="799" lostPackets="0" timesForwarded="0">
      <delayHistogram nBins="439" >
        <bin index="0" start="0" width="0.001" count="766" />
        <bin index="1" start="0.001" width="0.001" count="3" />
        <bin index="2" start="0.002" width="0.001" count="1" />
        <bin index="7" start="0.007" width="0.001" count="1" />
        <bin index="12" start="0.012" width="0.001" count="2" />
        <bin index="24" start="0.024" width="0.001" count="1" />
        <bin index="31" start="0.031" width="0.001" count="1" />
        <bin index="34" start="0.034" width="0.001" count="1" />
        <bin index="59" start="0.059" width="0.001" count="1" />
        <bin index="86" start="0.086" width="0.001" count="1" />
        <bin index="96" start="0.096" width="0.001" count="2" />
        <bin index="112" start="0.112" width="0.001" count="1" />
        <bin index="119" start="0.119" width="0.001" count="1" />
        <bin index="158" start="0.158" width="0.001" count="1" />
        <bin index="178" start="0.178" width="0.001" count="1" />
        <bin index="188" start="0.188" width="0.001" count="1" />
        <bin index="191" start="0.191" width="0.001" count="1" />
        <bin index="206" start="0.206" width="0.001" count="2" />
        <bin index="217" start="0.217" width="0.001" count="1" />
        <bin index="220" start="0.22" width="0.001" count="1" />
        <bin index="235" start="0.235" width="0.001" count="1" />
        <bin index="240" start="0.24" width="0.001" count="1" />
        <bin index="289" start="0.289" width="0.001" count="1" />
        <bin index="335" start="0.335" width="0.001" count="1" />
        <bin index="338" start="0.338" width="0.001" count="1" />
        <bin index="352" start="0.352" width="0.001" count="1" />
        <bin index="377" start="0.377" width="0.001" count="1" />
        <bin index="422" start="0.422" width="0.001" count="1" />
        <bin index="438" start="0.438" width="0.001" count="1" />
      </delayHistogram>
      <jitterHistogram nBins="439" >
        <bin index="0" start="0" width="0.001" count="761" />
        <bin index="2" start="0.002" width="0.001" count="2" />
        <bin index="6" start="0.006" width="0.001" count="1" />
        <bin index="10" start="0.01" width="0.001" count="1" />
        <bin index="12" start="0.012" width="0.001" count="2" />
        <bin index="14" start="0.014" width="0.001" count="1" />
        <bin index="17" start="0.017" width="0.001" count="1" />
        <bin index="24" start="0.024" width="0.001" count="1" />
        <bin index="31" start="0.031" width="0.001" count="1" />
        <bin index="45" start="0.045" width="0.001" count="1" />
        <bin index="59" start="0.059" width="0.001" count="1" />
        <bin index="81" start="0.081" width="0.001" count="1" />
        <bin index="86" start="0.086" width="0.001" count="3" />
        <bin index="87" start="0.087" width="0.001" count="1" />
        <bin index="94" start="0.094" width="0.001" count="1" />
        <bin index="95" start="0.095" width="0.001" count="2" />
        <bin index="102" start="0.102" width="0.001" count="1" />
        <bin index="111" start="0.111" width="0.001" count="1" />
        <bin index="112" start="0.112" width="0.001" count="1" />
        <bin index="117" start="0.117" width="0.001" count="1" />
        <bin index="118" start="0.118" width="0.001" count="3" />
        <bin index="121" start="0.121" width="0.001" count="1" />
        <bin index="122" start="0.122" width="0.001" count="1" />
        <bin index="124" start="0.124" width="0.001" count="1" />
        <bin index="159" start="0.159" width="0.001" count="1" />
        <bin index="199" start="0.199" width="0.001" count="1" />
        <bin index="207" start="0.207" width="0.001" count="1" />
        <bin index="227" start="0.227" width="0.001" count="1" />
        <bin index="338" start="0.338" width="0.001" count="1" />
        <bin index="422" start="0.422" width="0.001" count="1" />
        <bin index="438" start="0.438" width="0.001" count="1" />
      </jitterHistogram>
      <packetSizeHistogram nBins="5" >
        <bin index="4" start="80" width="20" count="799" />
      </packetSizeHistogram>
      <flowInterruptionsHistogram nBins="3" >
        <bin index="2" start="0.5" width="0.25" count="2" />
      </flowInterruptionsHistogram>
    </Flow>
    <Flow flowId="2" timeFirstTxPacket="+100404588904.0ns" timeFirstRxPacket="+100414752534.0ns" timeLastTxPacket="+199904588904.0ns" timeLastRxPacket="+199904875596.0ns" delaySum="+5065476756.0ns" jitterSum="+5557955036.0ns" lastDelay="+286692.0ns" txBytes="73324" rxBytes="73324" txPackets="797" rxPackets="797" lostPackets="0" timesForwarded="1">
      <delayHistogram nBins="1010" >
        <bin index="0" start="0" width="0.001" count="766" />
        <bin index="1" start="0.001" width="0.001" count="2" />
        <bin index="2" start="0.002" width="0.001" count="2" />
        <bin index="4" start="0.004" width="0.001" count="1" />
        <bin index="10" start="0.01" width="0.001" count="1" />
        <bin index="24" start="0.024" width="0.001" count="1" />
        <bin index="29" start="0.029" width="0.001" count="1" />
        <bin index="41" start="0.041" width="0.001" count="1" />
        <bin index="52" start="0.052" width="0.001" count="1" />
        <bin index="62" start="0.062" width="0.001" count="1" />
        <bin index="86" start="0.086" width="0.001" count="1" />
        <bin index="91" start="0.091" width="0.001" count="1" />
        <bin index="94" start="0.094" width="0.001" count="1" />
        <bin index="97" start="0.097" width="0.001" count="1" />
        <bin index="111" start="0.111" width="0.001" count="1" />
        <bin index="145" start="0.145" width="0.001" count="1" />
        <bin index="151" start="0.151" width="0.001" count="1" />
        <bin index="157" start="0.157" width="0.001" count="1" />
        <bin index="163" start="0.163" width="0.001" count="1" />
        <bin index="176" start="0.176" width="0.001" count="1" />
        <bin index="185" start="0.185" width="0.001" count="1" />
        <bin index="202" start="0.202" width="0.001" count="1" />
        <bin index="230" start="0.23" width="0.001" count="1" />
        <bin index="232" start="0.232" width="0.001" count="1" />
        <bin index="249" start="0.249" width="0.001" count="1" />
        <bin index="261" start="0.261" width="0.001" count="1" />
        <bin index="279" start="0.279" width="0.001" count="1" />
        <bin index="294" start="0.294" width="0.001" count="1" />
        <bin index="390" start="0.39" width="0.001" count="1" />
        <bin index="1009" start="1.009" width="0.001" count="1" />
      </delayHistogram>
      <jitterHistogram nBins="1010" >
        <bin index="0" start="0" width="0.001" count="757" />
        <bin index="1" start="0.001" width="0.001" count="3" />
        <bin index="2" start="0.002" width="0.001" count="1" />
        <bin index="4" start="0.004" width="0.001" count="1" />
        <bin index="9" start="0.009" width="0.001" count="1" />
        <bin index="24" start="0.024" width="0.001" count="1" />
        <bin index="28" start="0.028" width="0.001" count="1" />
        <bin index="30" start="0.03" width="0.001" count="1" />
        <bin index="41" start="0.041" width="0.001" count="1" />
        <bin index="44" start="0.044" width="0.001" count="1" />
        <bin index="52" start="0.052" width="0.001" count="1" />
        <bin index="56" start="0.056" width="0.001" count="1" />
        <bin index="60" start="0.06" width="0.001" count="1" />
        <bin index="64" start="0.064" width="0.001" count="1" />
        <bin index="86" start="0.086" width="0.001" count="2" />
        <bin index="91" start="0.091" width="0.001" count="1" />
        <bin index="92" start="0.092" width="0.001" count="1" />
        <bin index="93" start="0.093" width="0.001" count="1" />
        <bin index="94" start="0.094" width="0.001" count="1" />
        <bin index="95" start="0.095" width="0.001" count="1" />
        <bin index="105" start="0.105" width="0.001" count="1" />
        <bin index="109" start="0.109" width="0.001" count="1" />
        <bin index="117" start="0.117" width="0.001" count="1" />
        <bin index="118" start="0.118" width="0.001" count="1" />
        <bin index="121" start="0.121" width="0.001" count="2" />
        <bin index="123" start="0.123" width="0.001" count="2" />
        <bin index="137" start="0.137" width="0.001" count="1" />
        <bin index="150" start="0.15" width="0.001" count="1" />
        <bin index="157" start="0.157" width="0.001" count="2" />
        <bin index="261" start="0.261" width="0.001" count="1" />
        <bin index="279" start="0.279" width="0.001" count="1" />
        <bin index="389" start="0.389" width="0.001" count="1" />
        <bin index="1008" start="1.008" width="0.001" count="1" />
        <bin index="1009" start="1.009" width="0.001" count="1" />
      </jitterHistogram>
      <packetSizeHistogram nBins="5" >
        <bin index="4" start="80" width="20" count="797" />
      </packetSizeHistogram>
      <flowInterruptionsHistogram nBins="3" >
        <bin index="2" start="0.5" width="0.25" count="1" />
      </flowInterruptionsHistogram>
    </Flow>
    <Flow flowId="3" timeFirstTxPacket="+100422508704.0ns" timeFirstRxPacket="+100433609748.0ns" timeLastTxPacket="+199922508704.0ns" timeLastRxPacket="+199922796236.0ns" delaySum="+5112423715.0ns" jitterSum="+4116718652.0ns" lastDelay="+287532.0ns" txBytes="73324" rxBytes="73324" txPackets="797" rxPackets="797" lostPackets="0" timesForwarded="0">
      <delayHistogram nBins="428" >
        <bin index="0" start="0" width="0.001" count="770" />
        <bin index="1" start="0.001" width="0.001" count="1" />
        <bin index="3" start="0.003" width="0.001" count="1" />
        <bin index="11" start="0.011" width="0.001" count="1" />
        <bin index="29" start="0.029" width="0.001" count="1" />
        <bin index="66" start="0.066" width="0.001" count="1" />
        <bin index="73" start="0.073" width="0.001" count="1" />
        <bin index="76" start="0.076" width="0.001" count="1" />
        <bin index="92" start="0.092" width="0.001" count="1" />
        <bin index="104" start="0.104" width="0.001" count="1" />
        <bin index="108" start="0.108" width="0.001" count="1" />
        <bin index="116" start="0.116" width="0.001" count="1" />
        <bin index="148" start="0.148" width="0.001" count="1" />
        <bin index="165" start="0.165" width="0.001" count="1" />
        <bin index="175" start="0.175" width="0.001" count="1" />
        <bin index="189" start="0.189" width="0.001" count="1" />
        <bin index="190" start="0.19" width="0.001" count="2" />
        <bin index="214" start="0.214" width="0.001" count="2" />
        <bin index="226" start="0.226" width="0.001" count="1" />
        <bin index="239" start="0.239" width="0.001" count="1" />
        <bin index="312" start="0.312" width="0.001" count="1" />
        <bin index="335" start="0.335" width="0.001" count="1" />
        <bin index="356" start="0.356" width="0.001" count="1" />
        <bin index="398" start="0.398" width="0.001" count="1" />
        <bin index="421" start="0.421" width="0.001" count="1" />
        <bin index="427" start="0.427" width="0.001" count="1" />
      </delayHistogram>
      <jitterHistogram nBins="427" >
        <bin index="0" start="0" width="0.001" count="762" />
        <bin index="1" start="0.001" width="0.001" count="1" />
        <bin index="2" start="0.002" width="0.001" count="1" />
        <bin index="10" start="0.01" width="0.001" count="1" />
        <bin index="25" start="0.025" width="0.001" count="1" />
        <bin index="27" start="0.027" width="0.001" count="1" />
        <bin index="41" start="0.041" width="0.001" count="1" />
        <bin index="60" start="0.06" width="0.001" count="1" />
        <bin index="66" start="0.066" width="0.001" count="2" />
        <bin index="70" start="0.07" width="0.001" count="1" />
        <bin index="72" start="0.072" width="0.001" count="1" />
        <bin index="73" start="0.073" width="0.001" count="1" />
        <bin index="85" start="0.085" width="0.001" count="1" />
        <bin index="86" start="0.086" width="0.001" count="1" />
        <bin index="92" start="0.092" width="0.001" count="1" />
        <bin index="102" start="0.102" width="0.001" count="1" />
        <bin index="104" start="0.104" width="0.001" count="1" />
        <bin index="108" start="0.108" width="0.001" count="1" />
        <bin index="112" start="0.112" width="0.001" count="1" />
        <bin index="115" start="0.115" width="0.001" count="1" />
        <bin index="117" start="0.117" width="0.001" count="1" />
        <bin index="119" start="0.119" width="0.001" count="1" />
        <bin index="121" start="0.121" width="0.001" count="4" />
        <bin index="123" start="0.123" width="0.001" count="1" />
        <bin index="124" start="0.124" width="0.001" count="1" />
        <bin index="165" start="0.165" width="0.001" count="1" />
        <bin index="189" start="0.189" width="0.001" count="1" />
        <bin index="214" start="0.214" width="0.001" count="1" />
        <bin index="398" start="0.398" width="0.001" count="1" />
        <bin index="421" start="0.421" width="0.001" count="1" />
        <bin index="426" start="0.426" width="0.001" count="1" />
      </jitterHistogram>
      <packetSizeHistogram nBins="5" >
        <bin index="4" start="80" width="20" count="797" />
      </packetSizeHistogram>
      <flowInterruptionsHistogram nBins="3" >
        <bin index="2" start="0.5" width="0.25" count="3" />
      </flowInterruptionsHistogram>
    </Flow>
    <Flow flowId="4" timeFirstTxPacket="+100454044915.0ns" timeFirstRxPacket="+100463327441.0ns" timeLastTxPacket="+199954044915.0ns" timeLastRxPacket="+199954333276.0ns" delaySum="+6197562571.0ns" jitterSum="+5236023267.0ns" lastDelay="+288361.0ns" txBytes="73324" rxBytes="73232" txPackets="797" rxPackets="796" lostPackets="1" timesForwarded="1">
      <delayHistogram nBins="514" >
        <bin index="0" start="0" width="0.001" count="765" />
        <bin index="7" start="0.007" width="0.001" count="1" />
        <bin index="9" start="0.009" width="0.001" count="1" />
        <bin index="10" start="0.01" width="0.001" count="1" />
        <bin index="13" start="0.013" width="0.001" count="1" />
        <bin index="23" start="0.023" width="0.001" count="2" />
        <bin index="26" start="0.026" width="0.001" count="1" />
        <bin index="65" start="0.065" width="0.001" count="1" />
        <bin index="70" start="0.07" width="0.001" count="1" />
        <bin index="82" start="0.082" width="0.001" count="1" />
        <bin index="87" start="0.087" width="0.001" count="1" />
        <bin index="136" start="0.136" width="0.001" count="1" />
        <bin index="139" start="0.139" width="0.001" count="1" />
        <bin index="146" start="0.146" width="0.001" count="1" />
        <bin index="166" start="0.166" width="0.001" count="1" />
        <bin index="184" start="0.184" width="0.001" count="1" />
        <bin index="190" start="0.19" width="0.001" count="1" />
        <bin index="193" start="0.193" width="0.001" count="1" />
        <bin index="210" start="0.21" width="0.001" count="1" />
        <bin index="258" start="0.258" width="0.001" count="1" />
        <bin index="261" start="0.261" width="0.001" count="1" />
        <bin index="284" start="0.284" width="0.001" count="1" />
        <bin index="317" start="0.317" width="0.001" count="1" />
        <bin index="326" start="0.326" width="0.001" count="1" />
        <bin index="328" start="0.328" width="0.001" count="1" />
        <bin index="331" start="0.331" width="0.001" count="1" />
        <bin index="374" start="0.374" width="0.001" count="1" />
        <bin index="376" start="0.376" width="0.001" count="1" />
        <bin index="385" start="0.385" width="0.001" count="1" />
        <bin index="431" start="0.431" width="0.001" count="1" />
        <bin index="513" start="0.513" width="0.001" count="1" />
      </delayHistogram>
      <jitterHistogram nBins="514" >
        <bin index="0" start="0" width="0.001" count="757" />
        <bin index="7" start="0.007" width="0.001" count="1" />
        <bin index="8" start="0.008" width="0.001" count="1" />
        <bin index="9" start="0.009" width="0.001" count="1" />
        <bin index="13" start="0.013" width="0.001" count="1" />
        <bin index="23" start="0.023" width="0.001" count="1" />
        <bin index="24" start="0.024" width="0.001" count="1" />
        <bin index="26" start="0.026" width="0.001" count="1" />
        <bin index="59" start="0.059" width="0.001" count="1" />
        <bin index="65" start="0.065" width="0.001" count="1" />
        <bin index="69" start="0.069" width="0.001" count="1" />
        <bin index="73" start="0.073" width="0.001" count="1" />
        <bin index="74" start="0.074" width="0.001" count="1" />
        <bin index="82" start="0.082" width="0.001" count="1" />
        <bin index="87" start="0.087" width="0.001" count="1" />
        <bin index="90" start="0.09" width="0.001" count="1" />
        <bin index="99" start="0.099" width="0.001" count="1" />
        <bin index="108" start="0.108" width="0.001" count="1" />
        <bin index="113" start="0.113" width="0.001" count="2" />
        <bin index="114" start="0.114" width="0.001" count="1" />
        <bin index="115" start="0.115" width="0.001" count="1" />
        <bin index="116" start="0.116" width="0.001" count="2" />
        <bin index="118" start="0.118" width="0.001" count="1" />
        <bin index="122" start="0.122" width="0.001" count="2" />
        <bin index="123" start="0.123" width="0.001" count="3" />
        <bin index="124" start="0.124" width="0.001" count="1" />
        <bin index="156" start="0.156" width="0.001" count="1" />
        <bin index="304" start="0.304" width="0.001" count="1" />
        <bin index="327" start="0.327" width="0.001" count="1" />
        <bin index="331" start="0.331" width="0.001" count="1" />
        <bin index="373" start="0.373" width="0.001" count="1" />
        <bin index="375" start="0.375" width="0.001" count="1" />
        <bin index="385" start="0.385" width="0.001" count="1" />
        <bin index="513" start="0.513" width="0.001" count="1" />
      </jitterHistogram>
      <packetSizeHistogram nBins="5" >
        <bin index="4" start="80" width="20" count="796" />
      </packetSizeHistogram>
      <flowInterruptionsHistogram nBins="3" >
        <bin index="2" start="0.5" width="0.25" count="3" />
      </flowInterruptionsHistogram>
    </Flow>
    <Flow flowId="5" timeFirstTxPacket="+100459054896.0ns" timeFirstRxPacket="+100468553408.0ns" timeLastTxPacket="+199959054896.0ns" timeLastRxPacket="+199959342274.0ns" delaySum="+4488722695.0ns" jitterSum="+3613431866.0ns" lastDelay="+287378.0ns" txBytes="73324" rxBytes="73324" txPackets="797" rxPackets="797" lostPackets="0" timesForwarded="0">
      <delayHistogram nBins="436" >
        <bin index="0" start="0" width="0.001" count="765" />
        <bin index="1" start="0.001" width="0.001" count="1" />
        <bin index="3" start="0.003" width="0.001" count="2" />
        <bin index="4" start="0.004" width="0.001" count="1" />
        <bin index="8" start="0.008" width="0.001" count="1" />
        <bin index="9" start="0.009" width="0.001" count="2" />
        <bin index="10" start="0.01" width="0.001" count="1" />
        <bin index="28" start="0.028" width="0.001" count="1" />
        <bin index="63" start="0.063" width="0.001" count="1" />
        <bin index="68" start="0.068" width="0.001" count="1" />
        <bin index="82" start="0.082" width="0.001" count="1" />
        <bin index="96" start="0.096" width="0.001" count="1" />
        <bin index="102" start="0.102" width="0.001" count="1" />
        <bin index="103" start="0.103" width="0.001" count="1" />
        <bin index="107" start="0.107" width="0.001" count="1" />
        <bin index="113" start="0.113" width="0.001" count="1" />
        <bin index="144" start="0.144" width="0.001" count="1" />
        <bin index="146" start="0.146" width="0.001" count="1" />
        <bin index="150" start="0.15" width="0.001" count="1" />
        <bin index="154" start="0.154" width="0.001" count="1" />
        <bin index="166" start="0.166" width="0.001" count="1" />
        <bin index="168" start="0.168" width="0.001" count="1" />
        <bin index="189" start="0.189" width="0.001" count="1" />
        <bin index="206" start="0.206" width="0.001" count="1" />
        <bin index="213" start="0.213" width="0.001" count="1" />
        <bin index="225" start="0.225" width="0.001" count="1" />
        <bin index="259" start="0.259" width="0.001" count="1" />
        <bin index="298" start="0.298" width="0.001" count="1" />
        <bin index="319" start="0.319" width="0.001" count="1" />
        <bin index="371" start="0.371" width="0.001" count="1" />
        <bin index="435" start="0.435" width="0.001" count="1" />
      </delayHistogram>
      <jitterHistogram nBins="435" >
        <bin index="0" start="0" width="0.001" count="757" />
        <bin index="1" start="0.001" width="0.001" count="1" />
        <bin index="3" start="0.003" width="0.001" count="2" />
        <bin index="4" start="0.004" width="0.001" count="1" />
        <bin index="8" start="0.008" width="0.001" count="1" />
        <bin index="9" start="0.009" width="0.001" count="2" />
        <bin index="10" start="0.01" width="0.001" count="1" />
        <bin index="12" start="0.012" width="0.001" count="1" />
        <bin index="28" start="0.028" width="0.001" count="1" />
        <bin index="45" start="0.045" width="0.001" count="1" />
        <bin index="59" start="0.059" width="0.001" count="1" />
        <bin index="63" start="0.063" width="0.001" count="1" />
        <bin index="65" start="0.065" width="0.001" count="1" />
        <bin index="68" start="0.068" width="0.001" count="1" />
        <bin index="75" start="0.075" width="0.001" count="1" />
        <bin index="82" start="0.082" width="0.001" count="1" />
        <bin index="85" start="0.085" width="0.001" count="1" />
        <bin index="90" start="0.09" width="0.001" count="1" />
        <bin index="93" start="0.093" width="0.001" count="1" />
        <bin index="94" start="0.094" width="0.001" count="1" />
        <bin index="99" start="0.099" width="0.001" count="1" />
        <bin index="107" start="0.107" width="0.001" count="1" />
        <bin index="112" start="0.112" width="0.001" count="1" />
        <bin index="113" start="0.113" width="0.001" count="3" />
        <bin index="116" start="0.116" width="0.001" count="1" />
        <bin index="117" start="0.117" width="0.001" count="1" />
        <bin index="120" start="0.12" width="0.001" count="1" />
        <bin index="122" start="0.122" width="0.001" count="1" />
        <bin index="123" start="0.123" width="0.001" count="1" />
        <bin index="143" start="0.143" width="0.001" count="1" />
        <bin index="147" start="0.147" width="0.001" count="1" />
        <bin index="157" start="0.157" width="0.001" count="2" />
        <bin index="191" start="0.191" width="0.001" count="1" />
        <bin index="206" start="0.206" width="0.001" count="1" />
        <bin index="434" start="0.434" width="0.001" count="1" />
      </jitterHistogram>
      <packetSizeHistogram nBins="5" >
        <bin index="4" start="80" width="20" count="797" />
      </packetSizeHistogram>
      <flowInterruptionsHistogram nBins="3" >
        <bin index="2" start="0.5" width="0.25" count="1" />
      </flowInterruptionsHistogram>
    </Flow>
    <Flow flowId="6" timeFirstTxPacket="+100471832416.0ns" timeFirstRxPacket="+100480892576.0ns" timeLastTxPacket="+199971832416.0ns" timeLastRxPacket="+199972119139.0ns" delaySum="+3748525828.0ns" jitterSum="+3053380025.0ns" lastDelay="+286723.0ns" txBytes="73324" rxBytes="73324" txPackets="797" rxPackets="797" lostPackets="0" timesForwarded="0">
      <delayHistogram nBins="410" >
        <bin index="0" start="0" width="0.001" count="766" />
        <bin index="2" start="0.002" width="0.001" count="1" />
        <bin index="4" start="0.004" width="0.001" count="1" />
        <bin index="8" start="0.008" width="0.001" count="1" />
        <bin index="9" start="0.009" width="0.001" count="3" />
        <bin index="19" start="0.019" width="0.001" count="1" />
        <bin index="35" start="0.035" width="0.001" count="1" />
        <bin index="44" start="0.044" width="0.001" count="1" />
        <bin index="47" start="0.047" width="0.001" count="1" />
        <bin index="48" start="0.048" width="0.001" count="1" />
        <bin index="53" start="0.053" width="0.001" count="1" />
        <bin index="65" start="0.065" width="0.001" count="1" />
        <bin index="68" start="0.068" width="0.001" count="1" />
        <bin index="79" start="0.079" width="0.001" count="1" />
        <bin index="92" start="0.092" width="0.001" count="1" />
        <bin index="100" start="0.1" width="0.001" count="1" />
        <bin index="132" start="0.132" width="0.001" count="1" />
        <bin index="143" start="0.143" width="0.001" count="1" />
        <bin index="156" start="0.156" width="0.001" count="1" />
        <bin index="157" start="0.157" width="0.001" count="1" />
        <bin index="161" start="0.161" width="0.001" count="1" />
        <bin index="162" start="0.162" width="0.001" count="2" />
        <bin index="168" start="0.168" width="0.001" count="1" />
        <bin index="170" start="0.17" width="0.001" count="1" />
        <bin index="198" start="0.198" width="0.001" count="1" />
        <bin index="215" start="0.215" width="0.001" count="1" />
        <bin index="252" start="0.252" width="0.001" count="1" />
        <bin index="337" start="0.337" width="0.001" count="1" />
        <bin index="409" start="0.409" width="0.001" count="1" />
      </delayHistogram>
      <jitterHistogram nBins="409" >
        <bin index="0" start="0" width="0.001" count="758" />
        <bin index="2" start="0.002" width="0.001" count="1" />
        <bin index="8" start="0.008" width="0.001" count="2" />
        <bin index="9" start="0.009" width="0.001" count="2" />
        <bin index="11" start="0.011" width="0.001" count="1" />
        <bin index="13" start="0.013" width="0.001" count="1" />
        <bin index="15" start="0.015" width="0.001" count="1" />
        <bin index="19" start="0.019" width="0.001" count="1" />
        <bin index="27" start="0.027" width="0.001" count="1" />
        <bin index="29" start="0.029" width="0.001" count="1" />
        <bin index="35" start="0.035" width="0.001" count="1" />
        <bin index="44" start="0.044" width="0.001" count="1" />
        <bin index="45" start="0.045" width="0.001" count="1" />
        <bin index="46" start="0.046" width="0.001" count="1" />
        <bin index="53" start="0.053" width="0.001" count="1" />
        <bin index="61" start="0.061" width="0.001" count="1" />
        <bin index="65" start="0.065" width="0.001" count="1" />
        <bin index="68" start="0.068" width="0.001" count="1" />
        <bin index="72" start="0.072" width="0.001" count="1" />
        <bin index="79" start="0.079" width="0.001" count="1" />
        <bin index="85" start="0.085" width="0.001" count="1" />
        <bin index="88" start="0.088" width="0.001" count="1" />
        <bin index="89" start="0.089" width="0.001" count="1" />
        <bin index="92" start="0.092" width="0.001" count="1" />
        <bin index="96" start="0.096" width="0.001" count="1" />
        <bin index="108" start="0.108" width="0.001" count="1" />
        <bin index="117" start="0.117" width="0.001" count="1" />
        <bin index="118" start="0.118" width="0.001" count="1" />
        <bin index="122" start="0.122" width="0.001" count="2" />
        <bin index="125" start="0.125" width="0.001" count="1" />
        <bin index="132" start="0.132" width="0.001" count="1" />
        <bin index="133" start="0.133" width="0.001" count="1" />
        <bin index="153" start="0.153" width="0.001" count="1" />
        <bin index="159" start="0.159" width="0.001" count="1" />
        <bin index="172" start="0.172" width="0.001" count="1" />
        <bin index="408" start="0.408" width="0.001" count="1" />
      </jitterHistogram>
      <packetSizeHistogram nBins="5" >
        <bin index="4" start="80" width="20" count="797" />
      </packetSizeHistogram>
      <flowInterruptionsHistogram nBins="3" >
        <bin index="2" start="0.5" width="0.25" count="1" />
      </flowInterruptionsHistogram>
    </Flow>
    <Flow flowId="7" timeFirstTxPacket="+100642345429.0ns" timeFirstRxPacket="+100646867211.0ns" timeLastTxPacket="+199892345429.0ns" timeLastRxPacket="+199892631857.0ns" delaySum="+4252675026.0ns" jitterSum="+4225986138.0ns" lastDelay="+286428.0ns" txBytes="73140" rxBytes="73140" txPackets="795" rxPackets="795" lostPackets="0" timesForwarded="1">
      <delayHistogram nBins="425" >
        <bin index="0" start="0" width="0.001" count="767" />
        <bin index="1" start="0.001" width="0.001" count="1" />
        <bin index="2" start="0.002" width="0.001" count="1" />
        <bin index="4" start="0.004" width="0.001" count="1" />
        <bin index="8" start="0.008" width="0.001" count="1" />
        <bin index="16" start="0.016" width="0.001" count="1" />
        <bin index="40" start="0.04" width="0.001" count="1" />
        <bin index="47" start="0.047" width="0.001" count="1" />
        <bin index="48" start="0.048" width="0.001" count="1" />
        <bin index="61" start="0.061" width="0.001" count="1" />
        <bin index="85" start="0.085" width="0.001" count="1" />
        <bin index="102" start="0.102" width="0.001" count="1" />
        <bin index="108" start="0.108" width="0.001" count="1" />
        <bin index="114" start="0.114" width="0.001" count="1" />
        <bin index="117" start="0.117" width="0.001" count="2" />
        <bin index="122" start="0.122" width="0.001" count="1" />
        <bin index="163" start="0.163" width="0.001" count="1" />
        <bin index="183" start="0.183" width="0.001" count="1" />
        <bin index="185" start="0.185" width="0.001" count="2" />
        <bin index="209" start="0.209" width="0.001" count="1" />
        <bin index="225" start="0.225" width="0.001" count="1" />
        <bin index="233" start="0.233" width="0.001" count="1" />
        <bin index="253" start="0.253" width="0.001" count="1" />
        <bin index="288" start="0.288" width="0.001" count="1" />
        <bin index="304" start="0.304" width="0.001" count="1" />
        <bin index="375" start="0.375" width="0.001" count="1" />
        <bin index="424" start="0.424" width="0.001" count="1" />
      </delayHistogram>
      <jitterHistogram nBins="424" >
        <bin index="0" start="0" width="0.001" count="759" />
        <bin index="1" start="0.001" width="0.001" count="2" />
        <bin index="4" start="0.004" width="0.001" count="1" />
        <bin index="7" start="0.007" width="0.001" count="1" />
        <bin index="16" start="0.016" width="0.001" count="1" />
        <bin index="47" start="0.047" width="0.001" count="1" />
        <bin index="48" start="0.048" width="0.001" count="1" />
        <bin index="60" start="0.06" width="0.001" count="1" />
        <bin index="62" start="0.062" width="0.001" count="1" />
        <bin index="63" start="0.063" width="0.001" count="1" />
        <bin index="66" start="0.066" width="0.001" count="1" />
        <bin index="70" start="0.07" width="0.001" count="1" />
        <bin index="82" start="0.082" width="0.001" count="1" />
        <bin index="85" start="0.085" width="0.001" count="1" />
        <bin index="89" start="0.089" width="0.001" count="1" />
        <bin index="94" start="0.094" width="0.001" count="1" />
        <bin index="101" start="0.101" width="0.001" count="1" />
        <bin index="106" start="0.106" width="0.001" count="1" />
        <bin index="111" start="0.111" width="0.001" count="1" />
        <bin index="114" start="0.114" width="0.001" count="1" />
        <bin index="116" start="0.116" width="0.001" count="2" />
        <bin index="117" start="0.117" width="0.001" count="1" />
        <bin index="119" start="0.119" width="0.001" count="2" />
        <bin index="122" start="0.122" width="0.001" count="1" />
        <bin index="123" start="0.123" width="0.001" count="1" />
        <bin index="124" start="0.124" width="0.001" count="1" />
        <bin index="166" start="0.166" width="0.001" count="1" />
        <bin index="185" start="0.185" width="0.001" count="1" />
        <bin index="205" start="0.205" width="0.001" count="1" />
        <bin index="288" start="0.288" width="0.001" count="1" />
        <bin index="374" start="0.374" width="0.001" count="1" />
        <bin index="383" start="0.383" width="0.001" count="1" />
        <bin index="423" start="0.423" width="0.001" count="1" />
      </jitterHistogram>
      <packetSizeHistogram nBins="5" >
        <bin index="4" start="80" width="20" count="795" />
      </packetSizeHistogram>
      <flowInterruptionsHistogram nBins="0" >
      </flowInterruptionsHistogram>
    </Flow>
    <Flow flowId="8" timeFirstTxPacket="+100759855346.0ns" timeFirstRxPacket="+100770096074.0ns" timeLastTxPacket="+199884855346.0ns" timeLastRxPacket="+199885142118.0ns" delaySum="+5373426990.0ns" jitterSum="+4123458012.0ns" lastDelay="+286772.0ns" txBytes="73048" rxBytes="73048" txPackets="794" rxPackets="794" lostPackets="0" timesForwarded="0">
      <delayHistogram nBins="380" >
        <bin index="0" start="0" width="0.001" count="764" />
        <bin index="1" start="0.001" width="0.001" count="2" />
        <bin index="10" start="0.01" width="0.001" count="1" />
        <bin index="24" start="0.024" width="0.001" count="1" />
        <bin index="34" start="0.034" width="0.001" count="1" />
        <bin index="36" start="0.036" width="0.001" count="1" />
        <bin index="38" start="0.038" width="0.001" count="1" />
        <bin index="80" start="0.08" width="0.001" count="1" />
        <bin index="81" start="0.081" width="0.001" count="1" />
        <bin index="86" start="0.086" width="0.001" count="1" />
        <bin index="111" start="0.111" width="0.001" count="1" />
        <bin index="124" start="0.124" width="0.001" count="1" />
        <bin index="129" start="0.129" width="0.001" count="1" />
        <bin index="141" start="0.141" width="0.001" count="1" />
        <bin index="158" start="0.158" width="0.001" count="2" />
        <bin index="167" start="0.167" width="0.001" count="1" />
        <bin index="202" start="0.202" width="0.001" count="1" />
        <bin index="208" start="0.208" width="0.001" count="1" />
        <bin index="238" start="0.238" width="0.001" count="1" />
        <bin index="257" start="0.257" width="0.001" count="2" />
        <bin index="281" start="0.281" width="0.001" count="1" />
        <bin index="288" start="0.288" width="0.001" count="1" />
        <bin index="289" start="0.289" width="0.001" count="1" />
        <bin index="319" start="0.319" width="0.001" count="1" />
        <bin index="332" start="0.332" width="0.001" count="1" />
        <bin index="348" start="0.348" width="0.001" count="1" />
        <bin index="361" start="0.361" width="0.001" count="1" />
        <bin index="379" start="0.379" width="0.001" count="1" />
      </delayHistogram>
      <jitterHistogram nBins="380" >
        <bin index="0" start="0" width="0.001" count="757" />
        <bin index="1" start="0.001" width="0.001" count="1" />
        <bin index="9" start="0.009" width="0.001" count="1" />
        <bin index="12" start="0.012" width="0.001" count="1" />
        <bin index="24" start="0.024" width="0.001" count="1" />
        <bin index="31" start="0.031" width="0.001" count="1" />
        <bin index="32" start="0.032" width="0.001" count="1" />
        <bin index="34" start="0.034" width="0.001" count="1" />
        <bin index="36" start="0.036" width="0.001" count="1" />
        <bin index="38" start="0.038" width="0.001" count="1" />
        <bin index="78" start="0.078" width="0.001" count="1" />
        <bin index="80" start="0.08" width="0.001" count="2" />
        <bin index="85" start="0.085" width="0.001" count="1" />
        <bin index="86" start="0.086" width="0.001" count="1" />
        <bin index="87" start="0.087" width="0.001" count="1" />
        <bin index="91" start="0.091" width="0.001" count="1" />
        <bin index="99" start="0.099" width="0.001" count="1" />
        <bin index="108" start="0.108" width="0.001" count="1" />
        <bin index="111" start="0.111" width="0.001" count="2" />
        <bin index="114" start="0.114" width="0.001" count="1" />
        <bin index="115" start="0.115" width="0.001" count="1" />
        <bin index="117" start="0.117" width="0.001" count="1" />
        <bin index="121" start="0.121" width="0.001" count="3" />
        <bin index="122" start="0.122" width="0.001" count="1" />
        <bin index="124" start="0.124" width="0.001" count="2" />
        <bin index="129" start="0.129" width="0.001" count="2" />
        <bin index="176" start="0.176" width="0.001" count="1" />
        <bin index="289" start="0.289" width="0.001" count="1" />
        <bin index="332" start="0.332" width="0.001" count="1" />
        <bin index="361" start="0.361" width="0.001" count="1" />
        <bin index="379" start="0.379" width="0.001" count="1" />
      </jitterHistogram>
      <packetSizeHistogram nBins="5" >
        <bin index="4" start="80" width="20" count="794" />
      </packetSizeHistogram>
      <flowInterruptionsHistogram nBins="3" >
        <bin index="2" start="0.5" width="0.25" count="1" />
      </flowInterruptionsHistogram>
    </Flow>
    <Flow flowId="9" timeFirstTxPacket="+100895734582.0ns" timeFirstRxPacket="+100900294498.0ns" timeLastTxPacket="+199895734582.0ns" timeLastRxPacket="+199896020993.0ns" delaySum="+4657409036.0ns" jitterSum="+3954361581.0ns" lastDelay="+286411.0ns" txBytes="72956" rxBytes="72956" txPackets="793" rxPackets="793" lostPackets="0" timesForwarded="0">
      <delayHistogram nBins="424" >
        <bin index="0" start="0" width="0.001" count="765" />
        <bin index="3" start="0.003" width="0.001" count="1" />
        <bin index="4" start="0.004" width="0.001" count="1" />
        <bin index="12" start="0.012" width="0.001" count="1" />
        <bin index="14" start="0.014" width="0.001" count="1" />
        <bin index="31" start="0.031" width="0.001" count="1" />
        <bin index="39" start="0.039" width="0.001" count="1" />
        <bin index="44" start="0.044" width="0.001" count="1" />
        <bin index="64" start="0.064" width="0.001" count="1" />
        <bin index="79" start="0.079" width="0.001" count="1" />
        <bin index="100" start="0.1" width="0.001" count="1" />
        <bin index="118" start="0.118" width="0.001" count="1" />
        <bin index="124" start="0.124" width="0.001" count="1" />
        <bin index="129" start="0.129" width="0.001" count="1" />
        <bin index="135" start="0.135" width="0.001" count="1" />
        <bin index="151" start="0.151" width="0.001" count="1" />
        <bin index="163" start="0.163" width="0.001" count="1" />
        <bin index="165" start="0.165" width="0.001" count="1" />
        <bin index="184" start="0.184" width="0.001" count="1" />
        <bin index="202" start="0.202" width="0.001" count="1" />
        <bin index="220" start="0.22" width="0.001" count="1" />
        <bin index="221" start="0.221" width="0.001" count="1" />
        <bin index="267" start="0.267" width="0.001" count="1" />
        <bin index="271" start="0.271" width="0.001" count="1" />
        <bin index="280" start="0.28" width="0.001" count="1" />
        <bin index="310" start="0.31" width="0.001" count="1" />
        <bin index="321" start="0.321" width="0.001" count="1" />
        <bin index="348" start="0.348" width="0.001" count="1" />
        <bin index="423" start="0.423" width="0.001" count="1" />
      </delayHistogram>
      <jitterHistogram nBins="424" >
        <bin index="0" start="0" width="0.001" count="757" />
        <bin index="3" start="0.003" width="0.001" count="1" />
        <bin index="4" start="0.004" width="0.001" count="1" />
        <bin index="12" start="0.012" width="0.001" count="1" />
        <bin index="14" start="0.014" width="0.001" count="1" />
        <bin index="31" start="0.031" width="0.001" count="1" />
        <bin index="38" start="0.038" width="0.001" count="2" />
        <bin index="44" start="0.044" width="0.001" count="1" />
        <bin index="63" start="0.063" width="0.001" count="1" />
        <bin index="68" start="0.068" width="0.001" count="1" />
        <bin index="78" start="0.078" width="0.001" count="1" />
        <bin index="83" start="0.083" width="0.001" count="1" />
        <bin index="86" start="0.086" width="0.001" count="1" />
        <bin index="90" start="0.09" width="0.001" count="1" />
        <bin index="97" start="0.097" width="0.001" count="1" />
        <bin index="101" start="0.101" width="0.001" count="1" />
        <bin index="102" start="0.102" width="0.001" count="1" />
        <bin index="103" start="0.103" width="0.001" count="1" />
        <bin index="116" start="0.116" width="0.001" count="1" />
        <bin index="117" start="0.117" width="0.001" count="2" />
        <bin index="119" start="0.119" width="0.001" count="2" />
        <bin index="120" start="0.12" width="0.001" count="2" />
        <bin index="123" start="0.123" width="0.001" count="1" />
        <bin index="124" start="0.124" width="0.001" count="2" />
        <bin index="134" start="0.134" width="0.001" count="1" />
        <bin index="143" start="0.143" width="0.001" count="1" />
        <bin index="155" start="0.155" width="0.001" count="1" />
        <bin index="169" start="0.169" width="0.001" count="1" />
        <bin index="310" start="0.31" width="0.001" count="1" />
        <bin index="348" start="0.348" width="0.001" count="1" />
        <bin index="423" start="0.423" width="0.001" count="1" />
      </jitterHistogram>
      <packetSizeHistogram nBins="5" >
        <bin index="4" start="80" width="20" count="793" />
      </packetSizeHistogram>
      <flowInterruptionsHistogram nBins="3" >
        <bin index="2" start="0.5" width="0.25" count="1" />
      </flowInterruptionsHistogram>
    </Flow>
    <Flow flowId="10" timeFirstTxPacket="+101049626889.0ns" timeFirstRxPacket="+101052345497.0ns" timeLastTxPacket="+199924626889.0ns" timeLastRxPacket="+199924913914.0ns" delaySum="+3545011234.0ns" jitterSum="+3073806603.0ns" lastDelay="+287025.0ns" txBytes="72864" rxBytes="72864" txPackets="792" rxPackets="792" lostPackets="0" timesForwarded="0">
      <delayHistogram nBins="278" >
        <bin index="0" start="0" width="0.001" count="763" />
        <bin index="1" start="0.001" width="0.001" count="2" />
        <bin index="2" start="0.002" width="0.001" count="3" />
        <bin index="5" start="0.005" width="0.001" count="1" />
        <bin index="12" start="0.012" width="0.001" count="1" />
        <bin index="26" start="0.026" width="0.001" count="1" />
        <bin index="37" start="0.037" width="0.001" count="1" />
        <bin index="74" start="0.074" width="0.001" count="1" />
        <bin index="78" start="0.078" width="0.001" count="1" />
        <bin index="93" start="0.093" width="0.001" count="1" />
        <bin index="96" start="0.096" width="0.001" count="1" />
        <bin index="110" start="0.11" width="0.001" count="1" />
        <bin index="121" start="0.121" width="0.001" count="1" />
        <bin index="127" start="0.127" width="0.001" count="1" />
        <bin index="130" start="0.13" width="0.001" count="1" />
        <bin index="137" start="0.137" width="0.001" count="1" />
        <bin index="147" start="0.147" width="0.001" count="1" />
        <bin index="155" start="0.155" width="0.001" count="1" />
        <bin index="186" start="0.186" width="0.001" count="1" />
        <bin index="192" start="0.192" width="0.001" count="1" />
        <bin index="193" start="0.193" width="0.001" count="1" />
        <bin index="197" start="0.197" width="0.001" count="1" />
        <bin index="199" start="0.199" width="0.001" count="1" />
        <bin index="227" start="0.227" width="0.001" count="1" />
        <bin index="237" start="0.237" width="0.001" count="1" />
        <bin index="249" start="0.249" width="0.001" count="1" />
        <bin index="277" start="0.277" width="0.001" count="1" />
      </delayHistogram>
      <jitterHistogram nBins="277" >
        <bin index="0" start="0" width="0.001" count="756" />
        <bin index="1" start="0.001" width="0.001" count="1" />
        <bin index="2" start="0.002" width="0.001" count="3" />
        <bin index="5" start="0.005" width="0.001" count="1" />
        <bin index="6" start="0.006" width="0.001" count="1" />
        <bin index="11" start="0.011" width="0.001" count="1" />
        <bin index="25" start="0.025" width="0.001" count="1" />
        <bin index="37" start="0.037" width="0.001" count="2" />
        <bin index="40" start="0.04" width="0.001" count="1" />
        <bin index="51" start="0.051" width="0.001" count="1" />
        <bin index="71" start="0.071" width="0.001" count="1" />
        <bin index="78" start="0.078" width="0.001" count="1" />
        <bin index="90" start="0.09" width="0.001" count="1" />
        <bin index="93" start="0.093" width="0.001" count="1" />
        <bin index="99" start="0.099" width="0.001" count="1" />
        <bin index="100" start="0.1" width="0.001" count="1" />
        <bin index="101" start="0.101" width="0.001" count="1" />
        <bin index="104" start="0.104" width="0.001" count="1" />
        <bin index="109" start="0.109" width="0.001" count="1" />
        <bin index="112" start="0.112" width="0.001" count="1" />
        <bin index="114" start="0.114" width="0.001" count="1" />
        <bin index="115" start="0.115" width="0.001" count="2" />
        <bin index="116" start="0.116" width="0.001" count="1" />
        <bin index="118" start="0.118" width="0.001" count="2" />
        <bin index="119" start="0.119" width="0.001" count="1" />
        <bin index="121" start="0.121" width="0.001" count="1" />
        <bin index="129" start="0.129" width="0.001" count="1" />
        <bin index="155" start="0.155" width="0.001" count="1" />
        <bin index="186" start="0.186" width="0.001" count="1" />
        <bin index="198" start="0.198" width="0.001" count="1" />
        <bin index="276" start="0.276" width="0.001" count="1" />
      </jitterHistogram>
      <packetSizeHistogram nBins="5" >
        <bin index="4" start="80" width="20" count="792" />
      </packetSizeHistogram>
      <flowInterruptionsHistogram nBins="0" >
      </flowInterruptionsHistogram>
    </Flow>
  </FlowStats>
  <Ipv4FlowClassifier>
    <Flow flowId="2" sourceAddress="10.1.1.11" destinationAddress="10.1.1.1" protocol="17" sourcePort="49153" destinationPort="9">
      <Dscp value="0x0" packets="797" />
    </Flow>
    <Flow flowId="7" sourceAddress="10.1.1.12" destinationAddress="10.1.1.2" protocol="17" sourcePort="49153" destinationPort="9">
      <Dscp value="0x0" packets="795" />
    </Flow>
    <Flow flowId="4" sourceAddress="10.1.1.13" destinationAddress="10.1.1.3" protocol="17" sourcePort="49153" destinationPort="9">
      <Dscp value="0x0" packets="797" />
    </Flow>
    <Flow flowId="3" sourceAddress="10.1.1.14" destinationAddress="10.1.1.4" protocol="17" sourcePort="49153" destinationPort="9">
      <Dscp value="0x0" packets="797" />
    </Flow>
    <Flow flowId="1" sourceAddress="10.1.1.15" destinationAddress="10.1.1.5" protocol="17" sourcePort="49153" destinationPort="9">
      <Dscp value="0x0" packets="799" />
    </Flow>
    <Flow flowId="9" sourceAddress="10.1.1.16" destinationAddress="10.1.1.6" protocol="17" sourcePort="49153" destinationPort="9">
      <Dscp value="0x0" packets="793" />
    </Flow>
    <Flow flowId="8" sourceAddress="10.1.1.17" destinationAddress="10.1.1.7" protocol="17" sourcePort="49153" destinationPort="9">
      <Dscp value="0x0" packets="794" />
    </Flow>
    <Flow flowId="10" sourceAddress="10.1.1.18" destinationAddress="10.1.1.8" protocol="17" sourcePort="49153" destinationPort="9">
      <Dscp value="0x0" packets="792" />
    </Flow>
    <Flow flowId="6" sourceAddress="10.1.1.19" destinationAddress="10.1.1.9" protocol="17" sourcePort="49153" destinationPort="9">
      <Dscp value="0x0" packets="797" />
    </Flow>
    <Flow flowId="5" sourceAddress="10.1.1.20" destinationAddress="10.1.1.10" protocol="17" sourcePort="49153" destinationPort="9">
      <Dscp value="0x0" packets="797" />
    </Flow>
  </Ipv4FlowClassifier>
  <Ipv6FlowClassifier>
  </Ipv6FlowClassifier>
  <FlowProbes>
    <FlowProbe index="0">
      <FlowStats  flowId="2" packets="797" bytes="73324" delayFromFirstProbeSum="+5065476756.0ns" >
      </FlowStats>
    </FlowProbe>
    <FlowProbe index="1">
    </FlowProbe>
    <FlowProbe index="2">
      <FlowStats  flowId="7" packets="795" bytes="73140" delayFromFirstProbeSum="+4252675026.0ns" >
      </FlowStats>
    </FlowProbe>
    <FlowProbe index="3">
    </FlowProbe>
    <FlowProbe index="4">
      <FlowStats  flowId="4" packets="796" bytes="73232" delayFromFirstProbeSum="+6197562571.0ns" >
      </FlowStats>
    </FlowProbe>
    <FlowProbe index="5">
    </FlowProbe>
    <FlowProbe index="6">
      <FlowStats  flowId="3" packets="797" bytes="73324" delayFromFirstProbeSum="+5112423715.0ns" >
      </FlowStats>
    </FlowProbe>
    <FlowProbe index="7">
    </FlowProbe>
    <FlowProbe index="8">
      <FlowStats  flowId="1" packets="799" bytes="73508" delayFromFirstProbeSum="+5521106859.0ns" >
      </FlowStats>
      <FlowStats  flowId="4" packets="1" bytes="92" delayFromFirstProbeSum="+323824735.0ns" >
      </FlowStats>
    </FlowProbe>
    <FlowProbe index="9">
    </FlowProbe>
    <FlowProbe index="10">
      <FlowStats  flowId="9" packets="793" bytes="72956" delayFromFirstProbeSum="+4657409036.0ns" >
      </FlowStats>
    </FlowProbe>
    <FlowProbe index="11">
    </FlowProbe>
    <FlowProbe index="12">
      <FlowStats  flowId="8" packets="794" bytes="73048" delayFromFirstProbeSum="+5373426990.0ns" >
      </FlowStats>
    </FlowProbe>
    <FlowProbe index="13">
    </FlowProbe>
    <FlowProbe index="14">
      <FlowStats  flowId="10" packets="792" bytes="72864" delayFromFirstProbeSum="+3545011234.0ns" >
      </FlowStats>
    </FlowProbe>
    <FlowProbe index="15">
    </FlowProbe>
    <FlowProbe index="16">
      <FlowStats  flowId="6" packets="797" bytes="73324" delayFromFirstProbeSum="+3748525828.0ns" >
      </FlowStats>
    </FlowProbe>
    <FlowProbe index="17">
    </FlowProbe>
    <FlowProbe index="18">
      <FlowStats  flowId="5" packets="797" bytes="73324" delayFromFirstProbeSum="+4488722695.0ns" >
      </FlowStats>
    </FlowProbe>
    <FlowProbe index="19">
    </FlowProbe>
    <FlowProbe index="20">
      <FlowStats  flowId="2" packets="797" bytes="73324" delayFromFirstProbeSum="+0.0ns" >
      </FlowStats>
    </FlowProbe>
    <FlowProbe index="21">
    </FlowProbe>
    <FlowProbe index="22">
      <FlowStats  flowId="7" packets="795" bytes="73140" delayFromFirstProbeSum="+0.0ns" >
      </FlowStats>
    </FlowProbe>
    <FlowProbe index="23">
    </FlowProbe>
    <FlowProbe index="24">
      <FlowStats  flowId="4" packets="797" bytes="73324" delayFromFirstProbeSum="+0.0ns" >
      </FlowStats>
    </FlowProbe>
    <FlowProbe index="25">
    </FlowProbe>
    <FlowProbe index="26">
      <FlowStats  flowId="3" packets="797" bytes="73324" delayFromFirstProbeSum="+0.0ns" >
      </FlowStats>
    </FlowProbe>
    <FlowProbe index="27">
    </FlowProbe>
    <FlowProbe index="28">
      <FlowStats  flowId="1" packets="799" bytes="73508" delayFromFirstProbeSum="+0.0ns" >
      </FlowStats>
    </FlowProbe>
    <FlowProbe index="29">
    </FlowProbe>
    <FlowProbe index="30">
      <FlowStats  flowId="9" packets="793" bytes="72956" delayFromFirstProbeSum="+0.0ns" >
      </FlowStats>
    </FlowProbe>
    <FlowProbe index="31">
    </FlowProbe>
    <FlowProbe index="32">
      <FlowStats  flowId="8" packets="794" bytes="73048" delayFromFirstProbeSum="+0.0ns" >
      </FlowStats>
    </FlowProbe>
    <FlowProbe index="33">
    </FlowProbe>
    <FlowProbe index="34">
      <FlowStats  flowId="2" packets="1" bytes="92" delayFromFirstProbeSum="+1002430443.0ns" >
      </FlowStats>
      <FlowStats  flowId="10" packets="792" bytes="72864" delayFromFirstProbeSum="+0.0ns" >
      </FlowStats>
    </FlowProbe>
    <FlowProbe index="35">
    </FlowProbe>
    <FlowProbe index="36">
      <FlowStats  flowId="6" packets="797" bytes="73324" delayFromFirstProbeSum="+0.0ns" >
      </FlowStats>
    </FlowProbe>
    <FlowProbe index="37">
    </FlowProbe>
    <FlowProbe index="38">
      <FlowStats  flowId="5" packets="797" bytes="73324" delayFromFirstProbeSum="+0.0ns" >
      </FlowStats>
    </FlowProbe>
    <FlowProbe index="39">
    </FlowProbe>
    <FlowProbe index="40">
    </FlowProbe>
    <FlowProbe index="41">
    </FlowProbe>
    <FlowProbe index="42">
    </FlowProbe>
    <FlowProbe index="43">
    </FlowProbe>
    <FlowProbe index="44">
    </FlowProbe>
    <FlowProbe index="45">
    </FlowProbe>
    <FlowProbe index="46">
    </FlowProbe>
    <FlowProbe index="47">
    </FlowProbe>
    <FlowProbe index="48">
    </FlowProbe>
    <FlowProbe index="49">
    </FlowProbe>
    <FlowProbe index="50">
    </FlowProbe>
    <FlowProbe index="51">
    </FlowProbe>
    <FlowProbe index="52">
    </FlowProbe>
    <FlowProbe index="53">
    </FlowProbe>
    <FlowProbe index="54">
    </FlowProbe>
    <FlowProbe index="55">
    </FlowProbe>
    <FlowProbe index="56">
    </FlowProbe>
    <FlowProbe index="57">
    </FlowProbe>
    <FlowProbe index="58">
    </FlowProbe>
    <FlowProbe index="59">
    </FlowProbe>
    <FlowProbe index="60">
    </FlowProbe>
    <FlowProbe index="61">
    </FlowProbe>
    <FlowProbe index="62">
    </FlowProbe>
    <FlowProbe index="63">
    </FlowProbe>
    <FlowProbe index="64">
    </FlowProbe>
    <FlowProbe index="65">
    </FlowProbe>
    <FlowProbe index="66">
      <FlowStats  flowId="7" packets="1" bytes="92" delayFromFirstProbeSum="+412123305.0ns" >
      </FlowStats>
    </FlowProbe>
    <FlowProbe index="67">
    </FlowProbe>
    <FlowProbe index="68">
    </FlowProbe>
    <FlowProbe index="69">
    </FlowProbe>
    <FlowProbe index="70">
    </FlowProbe>
    <FlowProbe index="71">
    </FlowProbe>
    <FlowProbe index="72">
    </FlowProbe>
    <FlowProbe index="73">
    </FlowProbe>
    <FlowProbe index="74">
    </FlowProbe>
    <FlowProbe index="75">
    </FlowProbe>
    <FlowProbe index="76">
    </FlowProbe>
    <FlowProbe index="77">
    </FlowProbe>
    <FlowProbe index="78">
    </FlowProbe>
    <FlowProbe index="79">
    </FlowProbe>
    <FlowProbe index="80">
    </FlowProbe>
    <FlowProbe index="81">
    </FlowProbe>
    <FlowProbe index="82">
    </FlowProbe>
    <FlowProbe index="83">
    </FlowProbe>
    <FlowProbe index="84">
    </FlowProbe>
    <FlowProbe index="85">
    </FlowProbe>
    <FlowProbe index="86">
    </FlowProbe>
    <FlowProbe index="87">
    </FlowProbe>
    <FlowProbe index="88">
    </FlowProbe>
    <FlowProbe index="89">
    </FlowProbe>
    <FlowProbe index="90">
    </FlowProbe>
    <FlowProbe index="91">
    </FlowProbe>
    <FlowProbe index="92">
    </FlowProbe>
    <FlowProbe index="93">
    </FlowProbe>
    <FlowProbe index="94">
    </FlowProbe>
    <FlowProbe index="95">
    </FlowProbe>
    <FlowProbe index="96">
    </FlowProbe>
    <FlowProbe index="97">
    </FlowProbe>
    <FlowProbe index="98">
    </FlowProbe>
    <FlowProbe index="99">
    </FlowProbe>
  </FlowProbes>
</FlowMonitor>
