<?xml version="1.0" ?>
<FlowMonitor>
  <FlowStats>
    <Flow flowId="1" timeFirstTxPacket="+100345527457.0ns" timeFirstRxPacket="+105607302369.0ns" timeLastTxPacket="+199845527457.0ns" timeLastRxPacket="+165732515024.0ns" delaySum="+3673186723.0ns" jitterSum="+3798412065.0ns" lastDelay="+386987567.0ns" txBytes="36708" rxBytes="21712" txPackets="399" rxPackets="236" lostPackets="123" timesForwarded="236">
      <delayHistogram nBins="611" >
        <bin index="0" start="0" width="0.001" count="48" />
        <bin index="1" start="0.001" width="0.001" count="136" />
        <bin index="2" start="0.002" width="0.001" count="10" />
        <bin index="3" start="0.003" width="0.001" count="14" />
        <bin index="4" start="0.004" width="0.001" count="5" />
        <bin index="5" start="0.005" width="0.001" count="5" />
        <bin index="6" start="0.006" width="0.001" count="1" />
        <bin index="7" start="0.007" width="0.001" count="2" />
        <bin index="8" start="0.008" width="0.001" count="1" />
        <bin index="9" start="0.009" width="0.001" count="1" />
        <bin index="12" start="0.012" width="0.001" count="1" />
        <bin index="21" start="0.021" width="0.001" count="1" />
        <bin index="26" start="0.026" width="0.001" count="1" />
        <bin index="62" start="0.062" width="0.001" count="1" />
        <bin index="119" start="0.119" width="0.001" count="1" />
        <bin index="174" start="0.174" width="0.001" count="1" />
        <bin index="261" start="0.261" width="0.001" count="1" />
        <bin index="311" start="0.311" width="0.001" count="1" />
        <bin index="366" start="0.366" width="0.001" count="1" />
        <bin index="386" start="0.386" width="0.001" count="1" />
        <bin index="423" start="0.423" width="0.001" count="1" />
        <bin index="521" start="0.521" width="0.001" count="1" />
        <bin index="610" start="0.61" width="0.001" count="1" />
      </delayHistogram>
      <jitterHistogram nBins="610" >
        <bin index="0" start="0" width="0.001" count="170" />
        <bin index="1" start="0.001" width="0.001" count="18" />
        <bin index="2" start="0.002" width="0.001" count="10" />
        <bin index="3" start="0.003" width="0.001" count="9" />
        <bin index="4" start="0.004" width="0.001" count="4" />
        <bin index="5" start="0.005" width="0.001" count="4" />
        <bin index="6" start="0.006" width="0.001" count="1" />
        <bin index="8" start="0.008" width="0.001" count="1" />
        <bin index="11" start="0.011" width="0.001" count="1" />
        <bin index="17" start="0.017" width="0.001" count="1" />
        <bin index="20" start="0.02" width="0.001" count="1" />
        <bin index="23" start="0.023" width="0.001" count="1" />
        <bin index="25" start="0.025" width="0.001" count="1" />
        <bin index="61" start="0.061" width="0.001" count="1" />
        <bin index="118" start="0.118" width="0.001" count="1" />
        <bin index="155" start="0.155" width="0.001" count="1" />
        <bin index="172" start="0.172" width="0.001" count="1" />
        <bin index="187" start="0.187" width="0.001" count="1" />
        <bin index="246" start="0.246" width="0.001" count="1" />
        <bin index="249" start="0.249" width="0.001" count="3" />
        <bin index="310" start="0.31" width="0.001" count="1" />
        <bin index="384" start="0.384" width="0.001" count="1" />
        <bin index="520" start="0.52" width="0.001" count="1" />
        <bin index="609" start="0.609" width="0.001" count="1" />
      </jitterHistogram>
      <packetSizeHistogram nBins="5" >
        <bin index="4" start="80" width="20" count="236" />
      </packetSizeHistogram>
      <flowInterruptionsHistogram nBins="6" >
        <bin index="3" start="0.75" width="0.25" count="3" />
        <bin index="5" start="1.25" width="0.25" count="1" />
      </flowInterruptionsHistogram>
    </Flow>
    <Flow flowId="2" timeFirstTxPacket="+100529588904.0ns" timeFirstRxPacket="+100549749606.0ns" timeLastTxPacket="+199779588904.0ns" timeLastRxPacket="+199779875597.0ns" delaySum="+9547124431.0ns" jitterSum="+8823834809.0ns" lastDelay="+286693.0ns" txBytes="36616" rxBytes="35880" txPackets="398" rxPackets="390" lostPackets="8" timesForwarded="77">
      <delayHistogram nBins="2003" >
        <bin index="0" start="0" width="0.001" count="312" />
        <bin index="1" start="0.001" width="0.001" count="58" />
        <bin index="2" start="0.002" width="0.001" count="2" />
        <bin index="3" start="0.003" width="0.001" count="1" />
        <bin index="18" start="0.018" width="0.001" count="1" />
        <bin index="20" start="0.02" width="0.001" count="1" />
        <bin index="82" start="0.082" width="0.001" count="1" />
        <bin index="97" start="0.097" width="0.001" count="1" />
        <bin index="104" start="0.104" width="0.001" count="1" />
        <bin index="118" start="0.118" width="0.001" count="1" />
        <bin index="178" start="0.178" width="0.001" count="1" />
        <bin index="252" start="0.252" width="0.001" count="1" />
        <bin index="284" start="0.284" width="0.001" count="1" />
        <bin index="328" start="0.328" width="0.001" count="1" />
        <bin index="331" start="0.331" width="0.001" count="1" />
        <bin index="513" start="0.513" width="0.001" count="1" />
        <bin index="762" start="0.762" width="0.001" count="1" />
        <bin index="1011" start="1.011" width="0.001" count="1" />
        <bin index="1505" start="1.505" width="0.001" count="1" />
        <bin index="1753" start="1.753" width="0.001" count="1" />
        <bin index="2002" start="2.002" width="0.001" count="1" />
      </delayHistogram>
      <jitterHistogram nBins="2002" >
        <bin index="0" start="0" width="0.001" count="358" />
        <bin index="1" start="0.001" width="0.001" count="5" />
        <bin index="3" start="0.003" width="0.001" count="2" />
        <bin index="17" start="0.017" width="0.001" count="1" />
        <bin index="18" start="0.018" width="0.001" count="1" />
        <bin index="81" start="0.081" width="0.001" count="1" />
        <bin index="97" start="0.097" width="0.001" count="1" />
        <bin index="104" start="0.104" width="0.001" count="1" />
        <bin index="118" start="0.118" width="0.001" count="1" />
        <bin index="159" start="0.159" width="0.001" count="1" />
        <bin index="169" start="0.169" width="0.001" count="1" />
        <bin index="177" start="0.177" width="0.001" count="1" />
        <bin index="180" start="0.18" width="0.001" count="1" />
        <bin index="212" start="0.212" width="0.001" count="1" />
        <bin index="231" start="0.231" width="0.001" count="1" />
        <bin index="248" start="0.248" width="0.001" count="2" />
        <bin index="249" start="0.249" width="0.001" count="2" />
        <bin index="251" start="0.251" width="0.001" count="1" />
        <bin index="284" start="0.284" width="0.001" count="1" />
        <bin index="328" start="0.328" width="0.001" count="1" />
        <bin index="331" start="0.331" width="0.001" count="1" />
        <bin index="511" start="0.511" width="0.001" count="1" />
        <bin index="1010" start="1.01" width="0.001" count="1" />
        <bin index="1504" start="1.504" width="0.001" count="1" />
        <bin index="2001" start="2.001" width="0.001" count="1" />
      </jitterHistogram>
      <packetSizeHistogram nBins="5" >
        <bin index="4" start="80" width="20" count="390" />
      </packetSizeHistogram>
      <flowInterruptionsHistogram nBins="10" >
        <bin index="2" start="0.5" width="0.25" count="4" />
        <bin index="5" start="1.25" width="0.25" count="1" />
        <bin index="9" start="2.25" width="0.25" count="1" />
      </flowInterruptionsHistogram>
    </Flow>
    <Flow flowId="3" timeFirstTxPacket="+100547508704.0ns" timeFirstRxPacket="+100557829748.0ns" timeLastTxPacket="+199797508704.0ns" timeLastRxPacket="+199797796219.0ns" delaySum="+5277200124.0ns" jitterSum="+5589762475.0ns" lastDelay="+287515.0ns" txBytes="36616" rxBytes="30084" txPackets="398" rxPackets="327" lostPackets="71" timesForwarded="41">
      <delayHistogram nBins="1306" >
        <bin index="0" start="0" width="0.001" count="282" />
        <bin index="1" start="0.001" width="0.001" count="21" />
        <bin index="3" start="0.003" width="0.001" count="2" />
        <bin index="4" start="0.004" width="0.001" count="1" />
        <bin index="9" start="0.009" width="0.001" count="2" />
        <bin index="10" start="0.01" width="0.001" count="2" />
        <bin index="11" start="0.011" width="0.001" count="1" />
        <bin index="13" start="0.013" width="0.001" count="1" />
        <bin index="23" start="0.023" width="0.001" count="1" />
        <bin index="41" start="0.041" width="0.001" count="1" />
        <bin index="68" start="0.068" width="0.001" count="1" />
        <bin index="80" start="0.08" width="0.001" count="1" />
        <bin index="99" start="0.099" width="0.001" count="1" />
        <bin index="154" start="0.154" width="0.001" count="1" />
        <bin index="165" start="0.165" width="0.001" count="1" />
        <bin index="183" start="0.183" width="0.001" count="1" />
        <bin index="245" start="0.245" width="0.001" count="1" />
        <bin index="258" start="0.258" width="0.001" count="1" />
        <bin index="276" start="0.276" width="0.001" count="1" />
        <bin index="320" start="0.32" width="0.001" count="1" />
        <bin index="807" start="0.807" width="0.001" count="1" />
        <bin index="1056" start="1.056" width="0.001" count="1" />
        <bin index="1305" start="1.305" width="0.001" count="1" />
      </delayHistogram>
      <jitterHistogram nBins="1306" >
        <bin index="0" start="0" width="0.001" count="290" />
        <bin index="1" start="0.001" width="0.001" count="2" />
        <bin index="2" start="0.002" width="0.001" count="1" />
        <bin index="3" start="0.003" width="0.001" count="3" />
        <bin index="6" start="0.006" width="0.001" count="1" />
        <bin index="7" start="0.007" width="0.001" count="1" />
        <bin index="8" start="0.008" width="0.001" count="2" />
        <bin index="9" start="0.009" width="0.001" count="1" />
        <bin index="10" start="0.01" width="0.001" count="2" />
        <bin index="12" start="0.012" width="0.001" count="1" />
        <bin index="22" start="0.022" width="0.001" count="1" />
        <bin index="40" start="0.04" width="0.001" count="1" />
        <bin index="67" start="0.067" width="0.001" count="1" />
        <bin index="79" start="0.079" width="0.001" count="1" />
        <bin index="90" start="0.09" width="0.001" count="1" />
        <bin index="98" start="0.098" width="0.001" count="1" />
        <bin index="153" start="0.153" width="0.001" count="1" />
        <bin index="164" start="0.164" width="0.001" count="2" />
        <bin index="170" start="0.17" width="0.001" count="1" />
        <bin index="183" start="0.183" width="0.001" count="1" />
        <bin index="190" start="0.19" width="0.001" count="1" />
        <bin index="196" start="0.196" width="0.001" count="1" />
        <bin index="203" start="0.203" width="0.001" count="1" />
        <bin index="221" start="0.221" width="0.001" count="1" />
        <bin index="248" start="0.248" width="0.001" count="1" />
        <bin index="249" start="0.249" width="0.001" count="1" />
        <bin index="258" start="0.258" width="0.001" count="1" />
        <bin index="276" start="0.276" width="0.001" count="1" />
        <bin index="319" start="0.319" width="0.001" count="1" />
        <bin index="784" start="0.784" width="0.001" count="1" />
        <bin index="1305" start="1.305" width="0.001" count="1" />
      </jitterHistogram>
      <packetSizeHistogram nBins="5" >
        <bin index="4" start="80" width="20" count="327" />
      </packetSizeHistogram>
      <flowInterruptionsHistogram nBins="58" >
        <bin index="2" start="0.5" width="0.25" count="4" />
        <bin index="3" start="0.75" width="0.25" count="1" />
        <bin index="12" start="3" width="0.25" count="1" />
        <bin index="57" start="14.25" width="0.25" count="1" />
      </flowInterruptionsHistogram>
    </Flow>
    <Flow flowId="4" timeFirstTxPacket="+100579044915.0ns" timeFirstRxPacket="+100608284333.0ns" timeLastTxPacket="+199829044915.0ns" timeLastRxPacket="+199831078342.0ns" delaySum="+11721335362.0ns" jitterSum="+10818738463.0ns" lastDelay="+2033427.0ns" txBytes="36616" rxBytes="26036" txPackets="398" rxPackets="283" lostPackets="112" timesForwarded="245">
      <delayHistogram nBins="1046" >
        <bin index="0" start="0" width="0.001" count="48" />
        <bin index="1" start="0.001" width="0.001" count="138" />
        <bin index="2" start="0.002" width="0.001" count="27" />
        <bin index="3" start="0.003" width="0.001" count="11" />
        <bin index="4" start="0.004" width="0.001" count="6" />
        <bin index="5" start="0.005" width="0.001" count="6" />
        <bin index="6" start="0.006" width="0.001" count="2" />
        <bin index="7" start="0.007" width="0.001" count="4" />
        <bin index="8" start="0.008" width="0.001" count="3" />
        <bin index="9" start="0.009" width="0.001" count="1" />
        <bin index="10" start="0.01" width="0.001" count="3" />
        <bin index="12" start="0.012" width="0.001" count="2" />
        <bin index="14" start="0.014" width="0.001" count="3" />
        <bin index="16" start="0.016" width="0.001" count="1" />
        <bin index="17" start="0.017" width="0.001" count="1" />
        <bin index="19" start="0.019" width="0.001" count="1" />
        <bin index="20" start="0.02" width="0.001" count="1" />
        <bin index="24" start="0.024" width="0.001" count="1" />
        <bin index="27" start="0.027" width="0.001" count="1" />
        <bin index="28" start="0.028" width="0.001" count="1" />
        <bin index="29" start="0.029" width="0.001" count="1" />
        <bin index="31" start="0.031" width="0.001" count="1" />
        <bin index="34" start="0.034" width="0.001" count="1" />
        <bin index="47" start="0.047" width="0.001" count="1" />
        <bin index="52" start="0.052" width="0.001" count="1" />
        <bin index="193" start="0.193" width="0.001" count="1" />
        <bin index="199" start="0.199" width="0.001" count="1" />
        <bin index="249" start="0.249" width="0.001" count="1" />
        <bin index="326" start="0.326" width="0.001" count="1" />
        <bin index="509" start="0.509" width="0.001" count="1" />
        <bin index="513" start="0.513" width="0.001" count="1" />
        <bin index="536" start="0.536" width="0.001" count="1" />
        <bin index="543" start="0.543" width="0.001" count="1" />
        <bin index="547" start="0.547" width="0.001" count="1" />
        <bin index="759" start="0.759" width="0.001" count="1" />
        <bin index="762" start="0.762" width="0.001" count="1" />
        <bin index="779" start="0.779" width="0.001" count="1" />
        <bin index="796" start="0.796" width="0.001" count="1" />
        <bin index="1008" start="1.008" width="0.001" count="1" />
        <bin index="1012" start="1.012" width="0.001" count="1" />
        <bin index="1028" start="1.028" width="0.001" count="1" />
        <bin index="1045" start="1.045" width="0.001" count="1" />
      </delayHistogram>
      <jitterHistogram nBins="1042" >
        <bin index="0" start="0" width="0.001" count="154" />
        <bin index="1" start="0.001" width="0.001" count="31" />
        <bin index="2" start="0.002" width="0.001" count="13" />
        <bin index="3" start="0.003" width="0.001" count="14" />
        <bin index="4" start="0.004" width="0.001" count="3" />
        <bin index="5" start="0.005" width="0.001" count="4" />
        <bin index="6" start="0.006" width="0.001" count="3" />
        <bin index="7" start="0.007" width="0.001" count="3" />
        <bin index="8" start="0.008" width="0.001" count="5" />
        <bin index="9" start="0.009" width="0.001" count="3" />
        <bin index="10" start="0.01" width="0.001" count="1" />
        <bin index="11" start="0.011" width="0.001" count="1" />
        <bin index="12" start="0.012" width="0.001" count="1" />
        <bin index="13" start="0.013" width="0.001" count="4" />
        <bin index="14" start="0.014" width="0.001" count="2" />
        <bin index="16" start="0.016" width="0.001" count="3" />
        <bin index="17" start="0.017" width="0.001" count="1" />
        <bin index="20" start="0.02" width="0.001" count="1" />
        <bin index="21" start="0.021" width="0.001" count="1" />
        <bin index="26" start="0.026" width="0.001" count="3" />
        <bin index="27" start="0.027" width="0.001" count="1" />
        <bin index="28" start="0.028" width="0.001" count="1" />
        <bin index="30" start="0.03" width="0.001" count="1" />
        <bin index="31" start="0.031" width="0.001" count="2" />
        <bin index="37" start="0.037" width="0.001" count="1" />
        <bin index="46" start="0.046" width="0.001" count="1" />
        <bin index="185" start="0.185" width="0.001" count="1" />
        <bin index="192" start="0.192" width="0.001" count="2" />
        <bin index="194" start="0.194" width="0.001" count="1" />
        <bin index="242" start="0.242" width="0.001" count="1" />
        <bin index="247" start="0.247" width="0.001" count="1" />
        <bin index="248" start="0.248" width="0.001" count="1" />
        <bin index="249" start="0.249" width="0.001" count="6" />
        <bin index="325" start="0.325" width="0.001" count="1" />
        <bin index="496" start="0.496" width="0.001" count="1" />
        <bin index="508" start="0.508" width="0.001" count="1" />
        <bin index="512" start="0.512" width="0.001" count="1" />
        <bin index="533" start="0.533" width="0.001" count="2" />
        <bin index="546" start="0.546" width="0.001" count="1" />
        <bin index="701" start="0.701" width="0.001" count="1" />
        <bin index="762" start="0.762" width="0.001" count="1" />
        <bin index="1002" start="1.002" width="0.001" count="1" />
        <bin index="1041" start="1.041" width="0.001" count="1" />
      </jitterHistogram>
      <packetSizeHistogram nBins="5" >
        <bin index="4" start="80" width="20" count="283" />
      </packetSizeHistogram>
      <flowInterruptionsHistogram nBins="26" >
        <bin index="2" start="0.5" width="0.25" count="8" />
        <bin index="3" start="0.75" width="0.25" count="2" />
        <bin index="4" start="1" width="0.25" count="3" />
        <bin index="5" start="1.25" width="0.25" count="2" />
        <bin index="6" start="1.5" width="0.25" count="1" />
        <bin index="7" start="1.75" width="0.25" count="4" />
        <bin index="16" start="4" width="0.25" count="2" />
        <bin index="25" start="6.25" width="0.25" count="1" />
      </flowInterruptionsHistogram>
    </Flow>
    <Flow flowId="5" timeFirstTxPacket="+100584054896.0ns" timeFirstRxPacket="+100594313411.0ns" timeLastTxPacket="+199834054896.0ns" timeLastRxPacket="+199834342266.0ns" delaySum="+3450135883.0ns" jitterSum="+4099982279.0ns" lastDelay="+287370.0ns" txBytes="36616" rxBytes="36616" txPackets="398" rxPackets="398" lostPackets="0" timesForwarded="0">
      <delayHistogram nBins="580" >
        <bin index="0" start="0" width="0.001" count="362" />
        <bin index="1" start="0.001" width="0.001" count="17" />
        <bin index="4" start="0.004" width="0.001" count="1" />
        <bin index="10" start="0.01" width="0.001" count="1" />
        <bin index="18" start="0.018" width="0.001" count="1" />
        <bin index="29" start="0.029" width="0.001" count="1" />
        <bin index="38" start="0.038" width="0.001" count="1" />
        <bin index="41" start="0.041" width="0.001" count="1" />
        <bin index="45" start="0.045" width="0.001" count="1" />
        <bin index="87" start="0.087" width="0.001" count="1" />
        <bin index="127" start="0.127" width="0.001" count="1" />
        <bin index="128" start="0.128" width="0.001" count="1" />
        <bin index="154" start="0.154" width="0.001" count="1" />
        <bin index="206" start="0.206" width="0.001" count="1" />
        <bin index="210" start="0.21" width="0.001" count="1" />
        <bin index="254" start="0.254" width="0.001" count="1" />
        <bin index="290" start="0.29" width="0.001" count="1" />
        <bin index="309" start="0.309" width="0.001" count="1" />
        <bin index="369" start="0.369" width="0.001" count="1" />
        <bin index="412" start="0.412" width="0.001" count="1" />
        <bin index="579" start="0.579" width="0.001" count="1" />
      </delayHistogram>
      <jitterHistogram nBins="580" >
        <bin index="0" start="0" width="0.001" count="367" />
        <bin index="1" start="0.001" width="0.001" count="4" />
        <bin index="4" start="0.004" width="0.001" count="1" />
        <bin index="9" start="0.009" width="0.001" count="1" />
        <bin index="17" start="0.017" width="0.001" count="1" />
        <bin index="29" start="0.029" width="0.001" count="1" />
        <bin index="38" start="0.038" width="0.001" count="1" />
        <bin index="41" start="0.041" width="0.001" count="1" />
        <bin index="44" start="0.044" width="0.001" count="1" />
        <bin index="45" start="0.045" width="0.001" count="1" />
        <bin index="86" start="0.086" width="0.001" count="1" />
        <bin index="103" start="0.103" width="0.001" count="1" />
        <bin index="109" start="0.109" width="0.001" count="1" />
        <bin index="115" start="0.115" width="0.001" count="1" />
        <bin index="123" start="0.123" width="0.001" count="1" />
        <bin index="126" start="0.126" width="0.001" count="1" />
        <bin index="153" start="0.153" width="0.001" count="1" />
        <bin index="177" start="0.177" width="0.001" count="1" />
        <bin index="206" start="0.206" width="0.001" count="1" />
        <bin index="210" start="0.21" width="0.001" count="2" />
        <bin index="213" start="0.213" width="0.001" count="1" />
        <bin index="221" start="0.221" width="0.001" count="1" />
        <bin index="242" start="0.242" width="0.001" count="1" />
        <bin index="245" start="0.245" width="0.001" count="1" />
        <bin index="290" start="0.29" width="0.001" count="1" />
        <bin index="412" start="0.412" width="0.001" count="1" />
        <bin index="579" start="0.579" width="0.001" count="1" />
      </jitterHistogram>
      <packetSizeHistogram nBins="5" >
        <bin index="4" start="80" width="20" count="398" />
      </packetSizeHistogram>
      <flowInterruptionsHistogram nBins="4" >
        <bin index="2" start="0.5" width="0.25" count="2" />
        <bin index="3" start="0.75" width="0.25" count="1" />
      </flowInterruptionsHistogram>
    </Flow>
    <Flow flowId="6" timeFirstTxPacket="+100596832416.0ns" timeFirstRxPacket="+100605532608.0ns" timeLastTxPacket="+199846832416.0ns" timeLastRxPacket="+199847119132.0ns" delaySum="+3598782814.0ns" jitterSum="+5490007508.0ns" lastDelay="+286716.0ns" txBytes="36616" rxBytes="36524" txPackets="398" rxPackets="397" lostPackets="1" timesForwarded="1">
      <delayHistogram nBins="1009" >
        <bin index="0" start="0" width="0.001" count="309" />
        <bin index="1" start="0.001" width="0.001" count="52" />
        <bin index="2" start="0.002" width="0.001" count="11" />
        <bin index="3" start="0.003" width="0.001" count="6" />
        <bin index="4" start="0.004" width="0.001" count="1" />
        <bin index="5" start="0.005" width="0.001" count="1" />
        <bin index="8" start="0.008" width="0.001" count="2" />
        <bin index="11" start="0.011" width="0.001" count="1" />
        <bin index="22" start="0.022" width="0.001" count="1" />
        <bin index="34" start="0.034" width="0.001" count="1" />
        <bin index="65" start="0.065" width="0.001" count="1" />
        <bin index="106" start="0.106" width="0.001" count="1" />
        <bin index="114" start="0.114" width="0.001" count="1" />
        <bin index="173" start="0.173" width="0.001" count="1" />
        <bin index="174" start="0.174" width="0.001" count="1" />
        <bin index="206" start="0.206" width="0.001" count="1" />
        <bin index="243" start="0.243" width="0.001" count="1" />
        <bin index="262" start="0.262" width="0.001" count="1" />
        <bin index="266" start="0.266" width="0.001" count="1" />
        <bin index="289" start="0.289" width="0.001" count="1" />
        <bin index="350" start="0.35" width="0.001" count="1" />
        <bin index="1008" start="1.008" width="0.001" count="1" />
      </delayHistogram>
      <jitterHistogram nBins="1006" >
        <bin index="0" start="0" width="0.001" count="323" />
        <bin index="1" start="0.001" width="0.001" count="32" />
        <bin index="2" start="0.002" width="0.001" count="12" />
        <bin index="3" start="0.003" width="0.001" count="2" />
        <bin index="4" start="0.004" width="0.001" count="2" />
        <bin index="7" start="0.007" width="0.001" count="1" />
        <bin index="8" start="0.008" width="0.001" count="1" />
        <bin index="11" start="0.011" width="0.001" count="1" />
        <bin index="21" start="0.021" width="0.001" count="1" />
        <bin index="23" start="0.023" width="0.001" count="1" />
        <bin index="33" start="0.033" width="0.001" count="2" />
        <bin index="65" start="0.065" width="0.001" count="1" />
        <bin index="79" start="0.079" width="0.001" count="1" />
        <bin index="105" start="0.105" width="0.001" count="1" />
        <bin index="112" start="0.112" width="0.001" count="1" />
        <bin index="168" start="0.168" width="0.001" count="1" />
        <bin index="170" start="0.17" width="0.001" count="1" />
        <bin index="173" start="0.173" width="0.001" count="1" />
        <bin index="198" start="0.198" width="0.001" count="1" />
        <bin index="223" start="0.223" width="0.001" count="1" />
        <bin index="231" start="0.231" width="0.001" count="1" />
        <bin index="240" start="0.24" width="0.001" count="1" />
        <bin index="244" start="0.244" width="0.001" count="1" />
        <bin index="262" start="0.262" width="0.001" count="1" />
        <bin index="265" start="0.265" width="0.001" count="1" />
        <bin index="288" start="0.288" width="0.001" count="1" />
        <bin index="349" start="0.349" width="0.001" count="1" />
        <bin index="1004" start="1.004" width="0.001" count="1" />
        <bin index="1005" start="1.005" width="0.001" count="1" />
      </jitterHistogram>
      <packetSizeHistogram nBins="5" >
        <bin index="4" start="80" width="20" count="397" />
      </packetSizeHistogram>
      <flowInterruptionsHistogram nBins="4" >
        <bin index="2" start="0.5" width="0.25" count="2" />
        <bin index="3" start="0.75" width="0.25" count="2" />
      </flowInterruptionsHistogram>
    </Flow>
    <Flow flowId="7" timeFirstTxPacket="+100767345429.0ns" timeFirstRxPacket="+100779984202.0ns" timeLastTxPacket="+199767345429.0ns" timeLastRxPacket="+199767631857.0ns" delaySum="+2406178507.0ns" jitterSum="+3526036073.0ns" lastDelay="+286428.0ns" txBytes="36524" rxBytes="36524" txPackets="397" rxPackets="397" lostPackets="0" timesForwarded="18">
      <delayHistogram nBins="394" >
        <bin index="0" start="0" width="0.001" count="370" />
        <bin index="1" start="0.001" width="0.001" count="11" />
        <bin index="2" start="0.002" width="0.001" count="1" />
        <bin index="12" start="0.012" width="0.001" count="2" />
        <bin index="22" start="0.022" width="0.001" count="1" />
        <bin index="39" start="0.039" width="0.001" count="1" />
        <bin index="72" start="0.072" width="0.001" count="1" />
        <bin index="77" start="0.077" width="0.001" count="1" />
        <bin index="100" start="0.1" width="0.001" count="1" />
        <bin index="160" start="0.16" width="0.001" count="1" />
        <bin index="184" start="0.184" width="0.001" count="1" />
        <bin index="196" start="0.196" width="0.001" count="2" />
        <bin index="214" start="0.214" width="0.001" count="1" />
        <bin index="270" start="0.27" width="0.001" count="1" />
        <bin index="326" start="0.326" width="0.001" count="1" />
        <bin index="393" start="0.393" width="0.001" count="1" />
      </delayHistogram>
      <jitterHistogram nBins="394" >
        <bin index="0" start="0" width="0.001" count="373" />
        <bin index="2" start="0.002" width="0.001" count="1" />
        <bin index="11" start="0.011" width="0.001" count="1" />
        <bin index="12" start="0.012" width="0.001" count="1" />
        <bin index="22" start="0.022" width="0.001" count="1" />
        <bin index="39" start="0.039" width="0.001" count="1" />
        <bin index="71" start="0.071" width="0.001" count="1" />
        <bin index="77" start="0.077" width="0.001" count="1" />
        <bin index="100" start="0.1" width="0.001" count="1" />
        <bin index="124" start="0.124" width="0.001" count="1" />
        <bin index="147" start="0.147" width="0.001" count="1" />
        <bin index="159" start="0.159" width="0.001" count="1" />
        <bin index="169" start="0.169" width="0.001" count="1" />
        <bin index="174" start="0.174" width="0.001" count="2" />
        <bin index="181" start="0.181" width="0.001" count="1" />
        <bin index="196" start="0.196" width="0.001" count="2" />
        <bin index="208" start="0.208" width="0.001" count="1" />
        <bin index="214" start="0.214" width="0.001" count="1" />
        <bin index="249" start="0.249" width="0.001" count="1" />
        <bin index="270" start="0.27" width="0.001" count="1" />
        <bin index="325" start="0.325" width="0.001" count="1" />
        <bin index="393" start="0.393" width="0.001" count="1" />
      </jitterHistogram>
      <packetSizeHistogram nBins="5" >
        <bin index="4" start="80" width="20" count="397" />
      </packetSizeHistogram>
      <flowInterruptionsHistogram nBins="3" >
        <bin index="2" start="0.5" width="0.25" count="3" />
      </flowInterruptionsHistogram>
    </Flow>
    <Flow flowId="8" timeFirstTxPacket="+100884855346.0ns" timeFirstRxPacket="+100895296060.0ns" timeLastTxPacket="+199884855346.0ns" timeLastRxPacket="+199885142118.0ns" delaySum="+3547531318.0ns" jitterSum="+3992851112.0ns" lastDelay="+286772.0ns" txBytes="36524" rxBytes="35328" txPackets="397" rxPackets="384" lostPackets="13" timesForwarded="0">
      <delayHistogram nBins="501" >
        <bin index="0" start="0" width="0.001" count="343" />
        <bin index="1" start="0.001" width="0.001" count="7" />
        <bin index="2" start="0.002" width="0.001" count="3" />
        <bin index="4" start="0.004" width="0.001" count="1" />
        <bin index="5" start="0.005" width="0.001" count="1" />
        <bin index="6" start="0.006" width="0.001" count="2" />
        <bin index="7" start="0.007" width="0.001" count="1" />
        <bin index="10" start="0.01" width="0.001" count="1" />
        <bin index="11" start="0.011" width="0.001" count="1" />
        <bin index="12" start="0.012" width="0.001" count="2" />
        <bin index="14" start="0.014" width="0.001" count="1" />
        <bin index="16" start="0.016" width="0.001" count="1" />
        <bin index="18" start="0.018" width="0.001" count="1" />
        <bin index="19" start="0.019" width="0.001" count="1" />
        <bin index="28" start="0.028" width="0.001" count="1" />
        <bin index="31" start="0.031" width="0.001" count="1" />
        <bin index="35" start="0.035" width="0.001" count="1" />
        <bin index="75" start="0.075" width="0.001" count="1" />
        <bin index="85" start="0.085" width="0.001" count="1" />
        <bin index="118" start="0.118" width="0.001" count="1" />
        <bin index="120" start="0.12" width="0.001" count="1" />
        <bin index="121" start="0.121" width="0.001" count="1" />
        <bin index="124" start="0.124" width="0.001" count="1" />
        <bin index="129" start="0.129" width="0.001" count="1" />
        <bin index="137" start="0.137" width="0.001" count="1" />
        <bin index="160" start="0.16" width="0.001" count="1" />
        <bin index="242" start="0.242" width="0.001" count="1" />
        <bin index="277" start="0.277" width="0.001" count="1" />
        <bin index="320" start="0.32" width="0.001" count="1" />
        <bin index="335" start="0.335" width="0.001" count="1" />
        <bin index="437" start="0.437" width="0.001" count="1" />
        <bin index="500" start="0.5" width="0.001" count="1" />
      </delayHistogram>
      <jitterHistogram nBins="500" >
        <bin index="0" start="0" width="0.001" count="330" />
        <bin index="1" start="0.001" width="0.001" count="6" />
        <bin index="2" start="0.002" width="0.001" count="3" />
        <bin index="3" start="0.003" width="0.001" count="1" />
        <bin index="4" start="0.004" width="0.001" count="4" />
        <bin index="5" start="0.005" width="0.001" count="1" />
        <bin index="6" start="0.006" width="0.001" count="3" />
        <bin index="7" start="0.007" width="0.001" count="2" />
        <bin index="10" start="0.01" width="0.001" count="4" />
        <bin index="11" start="0.011" width="0.001" count="1" />
        <bin index="14" start="0.014" width="0.001" count="1" />
        <bin index="16" start="0.016" width="0.001" count="1" />
        <bin index="17" start="0.017" width="0.001" count="2" />
        <bin index="18" start="0.018" width="0.001" count="1" />
        <bin index="26" start="0.026" width="0.001" count="1" />
        <bin index="29" start="0.029" width="0.001" count="1" />
        <bin index="34" start="0.034" width="0.001" count="1" />
        <bin index="35" start="0.035" width="0.001" count="1" />
        <bin index="58" start="0.058" width="0.001" count="1" />
        <bin index="74" start="0.074" width="0.001" count="1" />
        <bin index="82" start="0.082" width="0.001" count="1" />
        <bin index="85" start="0.085" width="0.001" count="1" />
        <bin index="95" start="0.095" width="0.001" count="1" />
        <bin index="116" start="0.116" width="0.001" count="1" />
        <bin index="118" start="0.118" width="0.001" count="1" />
        <bin index="119" start="0.119" width="0.001" count="1" />
        <bin index="123" start="0.123" width="0.001" count="1" />
        <bin index="137" start="0.137" width="0.001" count="1" />
        <bin index="147" start="0.147" width="0.001" count="1" />
        <bin index="179" start="0.179" width="0.001" count="1" />
        <bin index="242" start="0.242" width="0.001" count="2" />
        <bin index="245" start="0.245" width="0.001" count="1" />
        <bin index="312" start="0.312" width="0.001" count="1" />
        <bin index="335" start="0.335" width="0.001" count="1" />
        <bin index="435" start="0.435" width="0.001" count="1" />
        <bin index="499" start="0.499" width="0.001" count="1" />
      </jitterHistogram>
      <packetSizeHistogram nBins="5" >
        <bin index="4" start="80" width="20" count="384" />
      </packetSizeHistogram>
      <flowInterruptionsHistogram nBins="10" >
        <bin index="2" start="0.5" width="0.25" count="3" />
        <bin index="9" start="2.25" width="0.25" count="1" />
      </flowInterruptionsHistogram>
    </Flow>
    <Flow flowId="9" timeFirstTxPacket="+101020734582.0ns" timeFirstRxPacket="+101025194513.0ns" timeLastTxPacket="+199770734582.0ns" timeLastRxPacket="+199771020991.0ns" delaySum="+1802881080.0ns" jitterSum="+2739684402.0ns" lastDelay="+286409.0ns" txBytes="36432" rxBytes="35696" txPackets="396" rxPackets="388" lostPackets="8" timesForwarded="0">
      <delayHistogram nBins="251" >
        <bin index="0" start="0" width="0.001" count="349" />
        <bin index="1" start="0.001" width="0.001" count="13" />
        <bin index="2" start="0.002" width="0.001" count="4" />
        <bin index="3" start="0.003" width="0.001" count="4" />
        <bin index="4" start="0.004" width="0.001" count="3" />
        <bin index="6" start="0.006" width="0.001" count="1" />
        <bin index="12" start="0.012" width="0.001" count="1" />
        <bin index="18" start="0.018" width="0.001" count="1" />
        <bin index="20" start="0.02" width="0.001" count="2" />
        <bin index="58" start="0.058" width="0.001" count="1" />
        <bin index="74" start="0.074" width="0.001" count="1" />
        <bin index="118" start="0.118" width="0.001" count="1" />
        <bin index="164" start="0.164" width="0.001" count="1" />
        <bin index="167" start="0.167" width="0.001" count="1" />
        <bin index="171" start="0.171" width="0.001" count="1" />
        <bin index="176" start="0.176" width="0.001" count="1" />
        <bin index="189" start="0.189" width="0.001" count="1" />
        <bin index="198" start="0.198" width="0.001" count="1" />
        <bin index="250" start="0.25" width="0.001" count="1" />
      </delayHistogram>
      <jitterHistogram nBins="251" >
        <bin index="0" start="0" width="0.001" count="333" />
        <bin index="1" start="0.001" width="0.001" count="21" />
        <bin index="2" start="0.002" width="0.001" count="2" />
        <bin index="3" start="0.003" width="0.001" count="7" />
        <bin index="4" start="0.004" width="0.001" count="1" />
        <bin index="5" start="0.005" width="0.001" count="1" />
        <bin index="11" start="0.011" width="0.001" count="1" />
        <bin index="16" start="0.016" width="0.001" count="1" />
        <bin index="18" start="0.018" width="0.001" count="1" />
        <bin index="20" start="0.02" width="0.001" count="2" />
        <bin index="58" start="0.058" width="0.001" count="1" />
        <bin index="73" start="0.073" width="0.001" count="1" />
        <bin index="112" start="0.112" width="0.001" count="1" />
        <bin index="115" start="0.115" width="0.001" count="1" />
        <bin index="117" start="0.117" width="0.001" count="1" />
        <bin index="132" start="0.132" width="0.001" count="1" />
        <bin index="151" start="0.151" width="0.001" count="1" />
        <bin index="157" start="0.157" width="0.001" count="1" />
        <bin index="161" start="0.161" width="0.001" count="1" />
        <bin index="163" start="0.163" width="0.001" count="1" />
        <bin index="167" start="0.167" width="0.001" count="1" />
        <bin index="170" start="0.17" width="0.001" count="1" />
        <bin index="175" start="0.175" width="0.001" count="1" />
        <bin index="177" start="0.177" width="0.001" count="1" />
        <bin index="189" start="0.189" width="0.001" count="1" />
        <bin index="196" start="0.196" width="0.001" count="1" />
        <bin index="250" start="0.25" width="0.001" count="1" />
      </jitterHistogram>
      <packetSizeHistogram nBins="5" >
        <bin index="4" start="80" width="20" count="388" />
      </packetSizeHistogram>
      <flowInterruptionsHistogram nBins="4" >
        <bin index="2" start="0.5" width="0.25" count="3" />
        <bin index="3" start="0.75" width="0.25" count="2" />
      </flowInterruptionsHistogram>
    </Flow>
    <Flow flowId="10" timeFirstTxPacket="+101174626889.0ns" timeFirstRxPacket="+101176765503.0ns" timeLastTxPacket="+199924626889.0ns" timeLastRxPacket="+199924913914.0ns" delaySum="+2633218957.0ns" jitterSum="+2897611493.0ns" lastDelay="+287025.0ns" txBytes="36432" rxBytes="36432" txPackets="396" rxPackets="396" lostPackets="0" timesForwarded="0">
      <delayHistogram nBins="508" >
        <bin index="0" start="0" width="0.001" count="375" />
        <bin index="2" start="0.002" width="0.001" count="2" />
        <bin index="5" start="0.005" width="0.001" count="1" />
        <bin index="8" start="0.008" width="0.001" count="1" />
        <bin index="11" start="0.011" width="0.001" count="1" />
        <bin index="18" start="0.018" width="0.001" count="1" />
        <bin index="35" start="0.035" width="0.001" count="1" />
        <bin index="40" start="0.04" width="0.001" count="1" />
        <bin index="45" start="0.045" width="0.001" count="1" />
        <bin index="72" start="0.072" width="0.001" count="1" />
        <bin index="91" start="0.091" width="0.001" count="1" />
        <bin index="102" start="0.102" width="0.001" count="1" />
        <bin index="104" start="0.104" width="0.001" count="1" />
        <bin index="113" start="0.113" width="0.001" count="1" />
        <bin index="119" start="0.119" width="0.001" count="1" />
        <bin index="198" start="0.198" width="0.001" count="1" />
        <bin index="212" start="0.212" width="0.001" count="1" />
        <bin index="228" start="0.228" width="0.001" count="1" />
        <bin index="285" start="0.285" width="0.001" count="1" />
        <bin index="319" start="0.319" width="0.001" count="1" />
        <bin index="507" start="0.507" width="0.001" count="1" />
      </delayHistogram>
      <jitterHistogram nBins="508" >
        <bin index="0" start="0" width="0.001" count="367" />
        <bin index="1" start="0.001" width="0.001" count="2" />
        <bin index="2" start="0.002" width="0.001" count="1" />
        <bin index="5" start="0.005" width="0.001" count="1" />
        <bin index="8" start="0.008" width="0.001" count="1" />
        <bin index="10" start="0.01" width="0.001" count="1" />
        <bin index="14" start="0.014" width="0.001" count="1" />
        <bin index="17" start="0.017" width="0.001" count="1" />
        <bin index="27" start="0.027" width="0.001" count="2" />
        <bin index="28" start="0.028" width="0.001" count="1" />
        <bin index="40" start="0.04" width="0.001" count="1" />
        <bin index="42" start="0.042" width="0.001" count="1" />
        <bin index="72" start="0.072" width="0.001" count="1" />
        <bin index="77" start="0.077" width="0.001" count="1" />
        <bin index="86" start="0.086" width="0.001" count="2" />
        <bin index="90" start="0.09" width="0.001" count="1" />
        <bin index="102" start="0.102" width="0.001" count="1" />
        <bin index="113" start="0.113" width="0.001" count="1" />
        <bin index="119" start="0.119" width="0.001" count="1" />
        <bin index="198" start="0.198" width="0.001" count="1" />
        <bin index="212" start="0.212" width="0.001" count="1" />
        <bin index="217" start="0.217" width="0.001" count="1" />
        <bin index="222" start="0.222" width="0.001" count="1" />
        <bin index="244" start="0.244" width="0.001" count="1" />
        <bin index="318" start="0.318" width="0.001" count="1" />
        <bin index="507" start="0.507" width="0.001" count="1" />
      </jitterHistogram>
      <packetSizeHistogram nBins="5" >
        <bin index="4" start="80" width="20" count="396" />
      </packetSizeHistogram>
      <flowInterruptionsHistogram nBins="4" >
        <bin index="2" start="0.5" width="0.25" count="1" />
        <bin index="3" start="0.75" width="0.25" count="1" />
      </flowInterruptionsHistogram>
    </Flow>
  </FlowStats>
  <Ipv4FlowClassifier>
    <Flow flowId="2" sourceAddress="10.1.1.11" destinationAddress="10.1.1.1" protocol="17" sourcePort="49153" destinationPort="9">
      <Dscp value="0x0" packets="398" />
    </Flow>
    <Flow flowId="7" sourceAddress="10.1.1.12" destinationAddress="10.1.1.2" protocol="17" sourcePort="49153" destinationPort="9">
      <Dscp value="0x0" packets="397" />
    </Flow>
    <Flow flowId="4" sourceAddress="10.1.1.13" destinationAddress="10.1.1.3" protocol="17" sourcePort="49153" destinationPort="9">
      <Dscp value="0x0" packets="398" />
    </Flow>
    <Flow flowId="3" sourceAddress="10.1.1.14" destinationAddress="10.1.1.4" protocol="17" sourcePort="49153" destinationPort="9">
      <Dscp value="0x0" packets="398" />
    </Flow>
    <Flow flowId="1" sourceAddress="10.1.1.15" destinationAddress="10.1.1.5" protocol="17" sourcePort="49153" destinationPort="9">
      <Dscp value="0x0" packets="399" />
    </Flow>
    <Flow flowId="9" sourceAddress="10.1.1.16" destinationAddress="10.1.1.6" protocol="17" sourcePort="49153" destinationPort="9">
      <Dscp value="0x0" packets="396" />
    </Flow>
    <Flow flowId="8" sourceAddress="10.1.1.17" destinationAddress="10.1.1.7" protocol="17" sourcePort="49153" destinationPort="9">
      <Dscp value="0x0" packets="397" />
    </Flow>
    <Flow flowId="10" sourceAddress="10.1.1.18" destinationAddress="10.1.1.8" protocol="17" sourcePort="49153" destinationPort="9">
      <Dscp value="0x0" packets="396" />
    </Flow>
    <Flow flowId="6" sourceAddress="10.1.1.19" destinationAddress="10.1.1.9" protocol="17" sourcePort="49153" destinationPort="9">
      <Dscp value="0x0" packets="398" />
    </Flow>
    <Flow flowId="5" sourceAddress="10.1.1.20" destinationAddress="10.1.1.10" protocol="17" sourcePort="49153" destinationPort="9">
      <Dscp value="0x0" packets="398" />
    </Flow>
  </Ipv4FlowClassifier>
  <Ipv6FlowClassifier>
  </Ipv6FlowClassifier>
  <FlowProbes>
    <FlowProbe index="0">
      <FlowStats  flowId="2" packets="390" bytes="35880" delayFromFirstProbeSum="+9547124431.0ns" >
      </FlowStats>
    </FlowProbe>
    <FlowProbe index="1">
    </FlowProbe>
    <FlowProbe index="2">
      <FlowStats  flowId="7" packets="397" bytes="36524" delayFromFirstProbeSum="+2406178507.0ns" >
      </FlowStats>
    </FlowProbe>
    <FlowProbe index="3">
    </FlowProbe>
    <FlowProbe index="4">
      <FlowStats  flowId="4" packets="283" bytes="26036" delayFromFirstProbeSum="+11721335362.0ns" >
      </FlowStats>
    </FlowProbe>
    <FlowProbe index="5">
    </FlowProbe>
    <FlowProbe index="6">
      <FlowStats  flowId="3" packets="327" bytes="30084" delayFromFirstProbeSum="+5277200124.0ns" >
      </FlowStats>
    </FlowProbe>
    <FlowProbe index="7">
    </FlowProbe>
    <FlowProbe index="8">
      <FlowStats  flowId="1" packets="236" bytes="21712" delayFromFirstProbeSum="+3673186723.0ns" >
      </FlowStats>
    </FlowProbe>
    <FlowProbe index="9">
    </FlowProbe>
    <FlowProbe index="10">
      <FlowStats  flowId="4" packets="18" bytes="1656" delayFromFirstProbeSum="+66173829.0ns" >
      </FlowStats>
      <FlowStats  flowId="9" packets="388" bytes="35696" delayFromFirstProbeSum="+1802881080.0ns" >
      </FlowStats>
    </FlowProbe>
    <FlowProbe index="11">
    </FlowProbe>
    <FlowProbe index="12">
      <FlowStats  flowId="8" packets="384" bytes="35328" delayFromFirstProbeSum="+3547531318.0ns" >
      </FlowStats>
    </FlowProbe>
    <FlowProbe index="13">
    </FlowProbe>
    <FlowProbe index="14">
      <FlowStats  flowId="10" packets="396" bytes="36432" delayFromFirstProbeSum="+2633218957.0ns" >
      </FlowStats>
    </FlowProbe>
    <FlowProbe index="15">
    </FlowProbe>
    <FlowProbe index="16">
      <FlowStats  flowId="1" packets="60" bytes="5520" delayFromFirstProbeSum="+305997290.0ns" >
      </FlowStats>
      <FlowStats  flowId="6" packets="397" bytes="36524" delayFromFirstProbeSum="+3598782814.0ns" >
      </FlowStats>
    </FlowProbe>
    <FlowProbe index="17">
    </FlowProbe>
    <FlowProbe index="18">
      <FlowStats  flowId="5" packets="398" bytes="36616" delayFromFirstProbeSum="+3450135883.0ns" >
      </FlowStats>
    </FlowProbe>
    <FlowProbe index="19">
    </FlowProbe>
    <FlowProbe index="20">
      <FlowStats  flowId="1" packets="59" bytes="5428" delayFromFirstProbeSum="+607488182.0ns" >
      </FlowStats>
      <FlowStats  flowId="2" packets="398" bytes="36616" delayFromFirstProbeSum="+0.0ns" >
      </FlowStats>
    </FlowProbe>
    <FlowProbe index="21">
    </FlowProbe>
    <FlowProbe index="22">
      <FlowStats  flowId="7" packets="397" bytes="36524" delayFromFirstProbeSum="+0.0ns" >
      </FlowStats>
    </FlowProbe>
    <FlowProbe index="23">
    </FlowProbe>
    <FlowProbe index="24">
      <FlowStats  flowId="4" packets="398" bytes="36616" delayFromFirstProbeSum="+0.0ns" >
      </FlowStats>
    </FlowProbe>
    <FlowProbe index="25">
    </FlowProbe>
    <FlowProbe index="26">
      <FlowStats  flowId="3" packets="398" bytes="36616" delayFromFirstProbeSum="+0.0ns" >
      </FlowStats>
    </FlowProbe>
    <FlowProbe index="27">
    </FlowProbe>
    <FlowProbe index="28">
      <FlowStats  flowId="1" packets="399" bytes="36708" delayFromFirstProbeSum="+0.0ns" >
      </FlowStats>
    </FlowProbe>
    <FlowProbe index="29">
    </FlowProbe>
    <FlowProbe index="30">
      <FlowStats  flowId="9" packets="396" bytes="36432" delayFromFirstProbeSum="+0.0ns" >
      </FlowStats>
    </FlowProbe>
    <FlowProbe index="31">
    </FlowProbe>
    <FlowProbe index="32">
      <FlowStats  flowId="8" packets="397" bytes="36524" delayFromFirstProbeSum="+0.0ns" >
      </FlowStats>
    </FlowProbe>
    <FlowProbe index="33">
    </FlowProbe>
    <FlowProbe index="34">
      <FlowStats  flowId="2" packets="58" bytes="5336" delayFromFirstProbeSum="+2285551606.0ns" >
      </FlowStats>
      <FlowStats  flowId="10" packets="396" bytes="36432" delayFromFirstProbeSum="+0.0ns" >
      </FlowStats>
    </FlowProbe>
    <FlowProbe index="35">
    </FlowProbe>
    <FlowProbe index="36">
      <FlowStats  flowId="6" packets="398" bytes="36616" delayFromFirstProbeSum="+0.0ns" >
      </FlowStats>
    </FlowProbe>
    <FlowProbe index="37">
    </FlowProbe>
    <FlowProbe index="38">
      <FlowStats  flowId="5" packets="398" bytes="36616" delayFromFirstProbeSum="+0.0ns" >
      </FlowStats>
    </FlowProbe>
    <FlowProbe index="39">
    </FlowProbe>
    <FlowProbe index="40">
      <FlowStats  flowId="1" packets="60" bytes="5520" delayFromFirstProbeSum="+1109975868.0ns" >
      </FlowStats>
    </FlowProbe>
    <FlowProbe index="41">
    </FlowProbe>
    <FlowProbe index="42">
    </FlowProbe>
    <FlowProbe index="43">
    </FlowProbe>
    <FlowProbe index="44">
    </FlowProbe>
    <FlowProbe index="45">
    </FlowProbe>
    <FlowProbe index="46">
      <FlowStats  flowId="4" packets="58" bytes="5336" delayFromFirstProbeSum="+2608799109.0ns" >
      </FlowStats>
    </FlowProbe>
    <FlowProbe index="47">
    </FlowProbe>
    <FlowProbe index="48">
      <FlowStats  flowId="6" packets="1" bytes="92" delayFromFirstProbeSum="+1003384154.0ns" >
      </FlowStats>
    </FlowProbe>
    <FlowProbe index="49">
    </FlowProbe>
    <FlowProbe index="50">
    </FlowProbe>
    <FlowProbe index="51">
    </FlowProbe>
    <FlowProbe index="52">
      <FlowStats  flowId="3" packets="43" bytes="3956" delayFromFirstProbeSum="+476413666.0ns" >
      </FlowStats>
      <FlowStats  flowId="4" packets="60" bytes="5520" delayFromFirstProbeSum="+290600401.0ns" >
      </FlowStats>
    </FlowProbe>
    <FlowProbe index="53">
    </FlowProbe>
    <FlowProbe index="54">
    </FlowProbe>
    <FlowProbe index="55">
    </FlowProbe>
    <FlowProbe index="56">
    </FlowProbe>
    <FlowProbe index="57">
    </FlowProbe>
    <FlowProbe index="58">
    </FlowProbe>
    <FlowProbe index="59">
    </FlowProbe>
    <FlowProbe index="60">
    </FlowProbe>
    <FlowProbe index="61">
    </FlowProbe>
    <FlowProbe index="62">
    </FlowProbe>
    <FlowProbe index="63">
    </FlowProbe>
    <FlowProbe index="64">
    </FlowProbe>
    <FlowProbe index="65">
    </FlowProbe>
    <FlowProbe index="66">
      <FlowStats  flowId="4" packets="58" bytes="5336" delayFromFirstProbeSum="+2463798282.0ns" >
      </FlowStats>
    </FlowProbe>
    <FlowProbe index="67">
    </FlowProbe>
    <FlowProbe index="68">
    </FlowProbe>
    <FlowProbe index="69">
    </FlowProbe>
    <FlowProbe index="70">
    </FlowProbe>
    <FlowProbe index="71">
    </FlowProbe>
    <FlowProbe index="72">
      <FlowStats  flowId="1" packets="1" bytes="92" delayFromFirstProbeSum="+378727564.0ns" >
      </FlowStats>
    </FlowProbe>
    <FlowProbe index="73">
    </FlowProbe>
    <FlowProbe index="74">
    </FlowProbe>
    <FlowProbe index="75">
    </FlowProbe>
    <FlowProbe index="76">
    </FlowProbe>
    <FlowProbe index="77">
    </FlowProbe>
    <FlowProbe index="78">
    </FlowProbe>
    <FlowProbe index="79">
    </FlowProbe>
    <FlowProbe index="80">
      <FlowStats  flowId="1" packets="60" bytes="5520" delayFromFirstProbeSum="+867616300.0ns" >
      </FlowStats>
    </FlowProbe>
    <FlowProbe index="81">
    </FlowProbe>
    <FlowProbe index="82">
    </FlowProbe>
    <FlowProbe index="83">
    </FlowProbe>
    <FlowProbe index="84">
    </FlowProbe>
    <FlowProbe index="85">
    </FlowProbe>
    <FlowProbe index="86">
    </FlowProbe>
    <FlowProbe index="87">
    </FlowProbe>
    <FlowProbe index="88">
    </FlowProbe>
    <FlowProbe index="89">
    </FlowProbe>
    <FlowProbe index="90">
    </FlowProbe>
    <FlowProbe index="91">
    </FlowProbe>
    <FlowProbe index="92">
      <FlowStats  flowId="2" packets="19" bytes="1748" delayFromFirstProbeSum="+15568799.0ns" >
      </FlowStats>
    </FlowProbe>
    <FlowProbe index="93">
    </FlowProbe>
    <FlowProbe index="94">
    </FlowProbe>
    <FlowProbe index="95">
    </FlowProbe>
    <FlowProbe index="96">
    </FlowProbe>
    <FlowProbe index="97">
    </FlowProbe>
    <FlowProbe index="98">
      <FlowStats  flowId="4" packets="60" bytes="5520" delayFromFirstProbeSum="+443468071.0ns" >
      </FlowStats>
      <FlowStats  flowId="7" packets="18" bytes="1656" delayFromFirstProbeSum="+9278846.0ns" >
      </FlowStats>
    </FlowProbe>
    <FlowProbe index="99">
    </FlowProbe>
  </FlowProbes>
</FlowMonitor>
