<?xml version="1.0" ?>
<FlowMonitor>
  <FlowStats>
    <Flow flowId="1" timeFirstTxPacket="+100220527457.0ns" timeFirstRxPacket="+100229387439.0ns" timeLastTxPacket="+199970527457.0ns" timeLastRxPacket="+199970813930.0ns" delaySum="+4181510443.0ns" jitterSum="+3238807669.0ns" lastDelay="+286473.0ns" txBytes="73508" rxBytes="72588" txPackets="799" rxPackets="789" lostPackets="4" timesForwarded="728">
      <delayHistogram nBins="1007" >
        <bin index="0" start="0" width="0.001" count="212" />
        <bin index="1" start="0.001" width="0.001" count="460" />
        <bin index="2" start="0.002" width="0.001" count="32" />
        <bin index="3" start="0.003" width="0.001" count="26" />
        <bin index="4" start="0.004" width="0.001" count="6" />
        <bin index="5" start="0.005" width="0.001" count="6" />
        <bin index="6" start="0.006" width="0.001" count="2" />
        <bin index="7" start="0.007" width="0.001" count="5" />
        <bin index="8" start="0.008" width="0.001" count="7" />
        <bin index="9" start="0.009" width="0.001" count="4" />
        <bin index="11" start="0.011" width="0.001" count="5" />
        <bin index="12" start="0.012" width="0.001" count="3" />
        <bin index="13" start="0.013" width="0.001" count="1" />
        <bin index="14" start="0.014" width="0.001" count="4" />
        <bin index="15" start="0.015" width="0.001" count="2" />
        <bin index="16" start="0.016" width="0.001" count="1" />
        <bin index="17" start="0.017" width="0.001" count="2" />
        <bin index="18" start="0.018" width="0.001" count="3" />
        <bin index="19" start="0.019" width="0.001" count="1" />
        <bin index="20" start="0.02" width="0.001" count="3" />
        <bin index="35" start="0.035" width="0.001" count="1" />
        <bin index="758" start="0.758" width="0.001" count="1" />
        <bin index="882" start="0.882" width="0.001" count="1" />
        <bin index="1006" start="1.006" width="0.001" count="1" />
      </delayHistogram>
      <jitterHistogram nBins="1006" >
        <bin index="0" start="0" width="0.001" count="606" />
        <bin index="1" start="0.001" width="0.001" count="58" />
        <bin index="2" start="0.002" width="0.001" count="30" />
        <bin index="3" start="0.003" width="0.001" count="10" />
        <bin index="4" start="0.004" width="0.001" count="9" />
        <bin index="5" start="0.005" width="0.001" count="6" />
        <bin index="6" start="0.006" width="0.001" count="6" />
        <bin index="7" start="0.007" width="0.001" count="7" />
        <bin index="8" start="0.008" width="0.001" count="5" />
        <bin index="9" start="0.009" width="0.001" count="4" />
        <bin index="10" start="0.01" width="0.001" count="7" />
        <bin index="11" start="0.011" width="0.001" count="5" />
        <bin index="12" start="0.012" width="0.001" count="2" />
        <bin index="13" start="0.013" width="0.001" count="6" />
        <bin index="14" start="0.014" width="0.001" count="4" />
        <bin index="15" start="0.015" width="0.001" count="5" />
        <bin index="16" start="0.016" width="0.001" count="1" />
        <bin index="17" start="0.017" width="0.001" count="5" />
        <bin index="18" start="0.018" width="0.001" count="2" />
        <bin index="19" start="0.019" width="0.001" count="4" />
        <bin index="34" start="0.034" width="0.001" count="2" />
        <bin index="123" start="0.123" width="0.001" count="1" />
        <bin index="124" start="0.124" width="0.001" count="1" />
        <bin index="757" start="0.757" width="0.001" count="1" />
        <bin index="1005" start="1.005" width="0.001" count="1" />
      </jitterHistogram>
      <packetSizeHistogram nBins="5" >
        <bin index="4" start="80" width="20" count="789" />
      </packetSizeHistogram>
      <flowInterruptionsHistogram nBins="5" >
        <bin index="2" start="0.5" width="0.25" count="1" />
        <bin index="4" start="1" width="0.25" count="1" />
      </flowInterruptionsHistogram>
    </Flow>
    <Flow flowId="2" timeFirstTxPacket="+100404588904.0ns" timeFirstRxPacket="+100424310625.0ns" timeLastTxPacket="+199904588904.0ns" timeLastRxPacket="+199904875596.0ns" delaySum="+1681728509.0ns" jitterSum="+2466971935.0ns" lastDelay="+286692.0ns" txBytes="73324" rxBytes="73324" txPackets="797" rxPackets="797" lostPackets="0" timesForwarded="225">
      <delayHistogram nBins="1009" >
        <bin index="0" start="0" width="0.001" count="622" />
        <bin index="1" start="0.001" width="0.001" count="145" />
        <bin index="2" start="0.002" width="0.001" count="7" />
        <bin index="4" start="0.004" width="0.001" count="4" />
        <bin index="6" start="0.006" width="0.001" count="1" />
        <bin index="8" start="0.008" width="0.001" count="4" />
        <bin index="10" start="0.01" width="0.001" count="2" />
        <bin index="11" start="0.011" width="0.001" count="2" />
        <bin index="12" start="0.012" width="0.001" count="1" />
        <bin index="13" start="0.013" width="0.001" count="1" />
        <bin index="14" start="0.014" width="0.001" count="1" />
        <bin index="16" start="0.016" width="0.001" count="1" />
        <bin index="19" start="0.019" width="0.001" count="1" />
        <bin index="20" start="0.02" width="0.001" count="4" />
        <bin index="1008" start="1.008" width="0.001" count="1" />
      </delayHistogram>
      <jitterHistogram nBins="1008" >
        <bin index="0" start="0" width="0.001" count="752" />
        <bin index="1" start="0.001" width="0.001" count="6" />
        <bin index="2" start="0.002" width="0.001" count="1" />
        <bin index="3" start="0.003" width="0.001" count="3" />
        <bin index="4" start="0.004" width="0.001" count="1" />
        <bin index="5" start="0.005" width="0.001" count="2" />
        <bin index="6" start="0.006" width="0.001" count="2" />
        <bin index="7" start="0.007" width="0.001" count="4" />
        <bin index="9" start="0.009" width="0.001" count="3" />
        <bin index="10" start="0.01" width="0.001" count="5" />
        <bin index="11" start="0.011" width="0.001" count="2" />
        <bin index="12" start="0.012" width="0.001" count="3" />
        <bin index="13" start="0.013" width="0.001" count="1" />
        <bin index="15" start="0.015" width="0.001" count="1" />
        <bin index="16" start="0.016" width="0.001" count="1" />
        <bin index="18" start="0.018" width="0.001" count="3" />
        <bin index="19" start="0.019" width="0.001" count="4" />
        <bin index="1007" start="1.007" width="0.001" count="2" />
      </jitterHistogram>
      <packetSizeHistogram nBins="5" >
        <bin index="4" start="80" width="20" count="797" />
      </packetSizeHistogram>
      <flowInterruptionsHistogram nBins="0" >
      </flowInterruptionsHistogram>
    </Flow>
    <Flow flowId="3" timeFirstTxPacket="+100422508704.0ns" timeFirstRxPacket="+100433229748.0ns" timeLastTxPacket="+199922508704.0ns" timeLastRxPacket="+199922796236.0ns" delaySum="+3632449791.0ns" jitterSum="+2798652274.0ns" lastDelay="+287532.0ns" txBytes="73324" rxBytes="69736" txPackets="797" rxPackets="758" lostPackets="39" timesForwarded="209">
      <delayHistogram nBins="1008" >
        <bin index="0" start="0" width="0.001" count="593" />
        <bin index="1" start="0.001" width="0.001" count="90" />
        <bin index="2" start="0.002" width="0.001" count="20" />
        <bin index="3" start="0.003" width="0.001" count="8" />
        <bin index="4" start="0.004" width="0.001" count="5" />
        <bin index="5" start="0.005" width="0.001" count="4" />
        <bin index="6" start="0.006" width="0.001" count="3" />
        <bin index="7" start="0.007" width="0.001" count="1" />
        <bin index="8" start="0.008" width="0.001" count="3" />
        <bin index="9" start="0.009" width="0.001" count="2" />
        <bin index="10" start="0.01" width="0.001" count="1" />
        <bin index="11" start="0.011" width="0.001" count="3" />
        <bin index="12" start="0.012" width="0.001" count="3" />
        <bin index="13" start="0.013" width="0.001" count="1" />
        <bin index="14" start="0.014" width="0.001" count="1" />
        <bin index="15" start="0.015" width="0.001" count="4" />
        <bin index="16" start="0.016" width="0.001" count="1" />
        <bin index="17" start="0.017" width="0.001" count="3" />
        <bin index="18" start="0.018" width="0.001" count="3" />
        <bin index="20" start="0.02" width="0.001" count="1" />
        <bin index="21" start="0.021" width="0.001" count="2" />
        <bin index="23" start="0.023" width="0.001" count="1" />
        <bin index="35" start="0.035" width="0.001" count="1" />
        <bin index="57" start="0.057" width="0.001" count="1" />
        <bin index="759" start="0.759" width="0.001" count="1" />
        <bin index="883" start="0.883" width="0.001" count="1" />
        <bin index="1007" start="1.007" width="0.001" count="1" />
      </delayHistogram>
      <jitterHistogram nBins="951" >
        <bin index="0" start="0" width="0.001" count="663" />
        <bin index="1" start="0.001" width="0.001" count="21" />
        <bin index="2" start="0.002" width="0.001" count="7" />
        <bin index="3" start="0.003" width="0.001" count="6" />
        <bin index="4" start="0.004" width="0.001" count="4" />
        <bin index="5" start="0.005" width="0.001" count="4" />
        <bin index="6" start="0.006" width="0.001" count="1" />
        <bin index="7" start="0.007" width="0.001" count="3" />
        <bin index="8" start="0.008" width="0.001" count="4" />
        <bin index="9" start="0.009" width="0.001" count="2" />
        <bin index="10" start="0.01" width="0.001" count="5" />
        <bin index="11" start="0.011" width="0.001" count="5" />
        <bin index="12" start="0.012" width="0.001" count="5" />
        <bin index="13" start="0.013" width="0.001" count="3" />
        <bin index="14" start="0.014" width="0.001" count="2" />
        <bin index="15" start="0.015" width="0.001" count="3" />
        <bin index="16" start="0.016" width="0.001" count="5" />
        <bin index="17" start="0.017" width="0.001" count="2" />
        <bin index="18" start="0.018" width="0.001" count="2" />
        <bin index="19" start="0.019" width="0.001" count="1" />
        <bin index="20" start="0.02" width="0.001" count="2" />
        <bin index="21" start="0.021" width="0.001" count="1" />
        <bin index="30" start="0.03" width="0.001" count="1" />
        <bin index="56" start="0.056" width="0.001" count="1" />
        <bin index="123" start="0.123" width="0.001" count="1" />
        <bin index="124" start="0.124" width="0.001" count="1" />
        <bin index="751" start="0.751" width="0.001" count="1" />
        <bin index="950" start="0.95" width="0.001" count="1" />
      </jitterHistogram>
      <packetSizeHistogram nBins="5" >
        <bin index="4" start="80" width="20" count="758" />
      </packetSizeHistogram>
      <flowInterruptionsHistogram nBins="18" >
        <bin index="17" start="4.25" width="0.25" count="1" />
      </flowInterruptionsHistogram>
    </Flow>
    <Flow flowId="4" timeFirstTxPacket="+100454044915.0ns" timeFirstRxPacket="+100467126534.0ns" timeLastTxPacket="+199954044915.0ns" timeLastRxPacket="+199954982608.0ns" delaySum="+4352255722.0ns" jitterSum="+3501470438.0ns" lastDelay="+937693.0ns" txBytes="73324" rxBytes="72680" txPackets="797" rxPackets="790" lostPackets="7" timesForwarded="793">
      <delayHistogram nBins="1007" >
        <bin index="0" start="0" width="0.001" count="192" />
        <bin index="1" start="0.001" width="0.001" count="460" />
        <bin index="2" start="0.002" width="0.001" count="54" />
        <bin index="3" start="0.003" width="0.001" count="22" />
        <bin index="4" start="0.004" width="0.001" count="11" />
        <bin index="5" start="0.005" width="0.001" count="5" />
        <bin index="6" start="0.006" width="0.001" count="3" />
        <bin index="7" start="0.007" width="0.001" count="3" />
        <bin index="8" start="0.008" width="0.001" count="2" />
        <bin index="9" start="0.009" width="0.001" count="2" />
        <bin index="10" start="0.01" width="0.001" count="3" />
        <bin index="11" start="0.011" width="0.001" count="2" />
        <bin index="12" start="0.012" width="0.001" count="5" />
        <bin index="13" start="0.013" width="0.001" count="6" />
        <bin index="14" start="0.014" width="0.001" count="2" />
        <bin index="15" start="0.015" width="0.001" count="3" />
        <bin index="16" start="0.016" width="0.001" count="1" />
        <bin index="17" start="0.017" width="0.001" count="1" />
        <bin index="19" start="0.019" width="0.001" count="2" />
        <bin index="20" start="0.02" width="0.001" count="2" />
        <bin index="21" start="0.021" width="0.001" count="2" />
        <bin index="25" start="0.025" width="0.001" count="1" />
        <bin index="26" start="0.026" width="0.001" count="1" />
        <bin index="46" start="0.046" width="0.001" count="1" />
        <bin index="58" start="0.058" width="0.001" count="1" />
        <bin index="757" start="0.757" width="0.001" count="1" />
        <bin index="882" start="0.882" width="0.001" count="1" />
        <bin index="1006" start="1.006" width="0.001" count="1" />
      </delayHistogram>
      <jitterHistogram nBins="1006" >
        <bin index="0" start="0" width="0.001" count="566" />
        <bin index="1" start="0.001" width="0.001" count="90" />
        <bin index="2" start="0.002" width="0.001" count="29" />
        <bin index="3" start="0.003" width="0.001" count="15" />
        <bin index="4" start="0.004" width="0.001" count="10" />
        <bin index="5" start="0.005" width="0.001" count="6" />
        <bin index="6" start="0.006" width="0.001" count="4" />
        <bin index="7" start="0.007" width="0.001" count="3" />
        <bin index="8" start="0.008" width="0.001" count="6" />
        <bin index="9" start="0.009" width="0.001" count="8" />
        <bin index="10" start="0.01" width="0.001" count="3" />
        <bin index="11" start="0.011" width="0.001" count="7" />
        <bin index="12" start="0.012" width="0.001" count="9" />
        <bin index="13" start="0.013" width="0.001" count="5" />
        <bin index="14" start="0.014" width="0.001" count="3" />
        <bin index="15" start="0.015" width="0.001" count="3" />
        <bin index="16" start="0.016" width="0.001" count="2" />
        <bin index="18" start="0.018" width="0.001" count="3" />
        <bin index="19" start="0.019" width="0.001" count="3" />
        <bin index="20" start="0.02" width="0.001" count="2" />
        <bin index="22" start="0.022" width="0.001" count="1" />
        <bin index="24" start="0.024" width="0.001" count="1" />
        <bin index="25" start="0.025" width="0.001" count="2" />
        <bin index="37" start="0.037" width="0.001" count="1" />
        <bin index="41" start="0.041" width="0.001" count="1" />
        <bin index="44" start="0.044" width="0.001" count="1" />
        <bin index="54" start="0.054" width="0.001" count="1" />
        <bin index="124" start="0.124" width="0.001" count="2" />
        <bin index="756" start="0.756" width="0.001" count="1" />
        <bin index="1005" start="1.005" width="0.001" count="1" />
      </jitterHistogram>
      <packetSizeHistogram nBins="5" >
        <bin index="4" start="80" width="20" count="790" />
      </packetSizeHistogram>
      <flowInterruptionsHistogram nBins="5" >
        <bin index="4" start="1" width="0.25" count="1" />
      </flowInterruptionsHistogram>
    </Flow>
    <Flow flowId="5" timeFirstTxPacket="+100459054896.0ns" timeFirstRxPacket="+100469168589.0ns" timeLastTxPacket="+199959054896.0ns" timeLastRxPacket="+199959342274.0ns" delaySum="+261876453.0ns" jitterSum="+56531093.0ns" lastDelay="+287378.0ns" txBytes="73324" rxBytes="73324" txPackets="797" rxPackets="797" lostPackets="0" timesForwarded="0">
      <delayHistogram nBins="11" >
        <bin index="0" start="0" width="0.001" count="783" />
        <bin index="1" start="0.001" width="0.001" count="11" />
        <bin index="2" start="0.002" width="0.001" count="1" />
        <bin index="3" start="0.003" width="0.001" count="1" />
        <bin index="10" start="0.01" width="0.001" count="1" />
      </delayHistogram>
      <jitterHistogram nBins="10" >
        <bin index="0" start="0" width="0.001" count="783" />
        <bin index="1" start="0.001" width="0.001" count="10" />
        <bin index="3" start="0.003" width="0.001" count="2" />
        <bin index="9" start="0.009" width="0.001" count="1" />
      </jitterHistogram>
      <packetSizeHistogram nBins="5" >
        <bin index="4" start="80" width="20" count="797" />
      </packetSizeHistogram>
      <flowInterruptionsHistogram nBins="0" >
      </flowInterruptionsHistogram>
    </Flow>
    <Flow flowId="6" timeFirstTxPacket="+100471832416.0ns" timeFirstRxPacket="+100480392576.0ns" timeLastTxPacket="+199971832416.0ns" timeLastRxPacket="+199972119139.0ns" delaySum="+759966690.0ns" jitterSum="+582409265.0ns" lastDelay="+286723.0ns" txBytes="73324" rxBytes="73324" txPackets="797" rxPackets="797" lostPackets="0" timesForwarded="65">
      <delayHistogram nBins="16" >
        <bin index="0" start="0" width="0.001" count="590" />
        <bin index="1" start="0.001" width="0.001" count="144" />
        <bin index="2" start="0.002" width="0.001" count="35" />
        <bin index="3" start="0.003" width="0.001" count="8" />
        <bin index="4" start="0.004" width="0.001" count="5" />
        <bin index="5" start="0.005" width="0.001" count="4" />
        <bin index="6" start="0.006" width="0.001" count="1" />
        <bin index="7" start="0.007" width="0.001" count="1" />
        <bin index="8" start="0.008" width="0.001" count="2" />
        <bin index="9" start="0.009" width="0.001" count="2" />
        <bin index="11" start="0.011" width="0.001" count="2" />
        <bin index="12" start="0.012" width="0.001" count="2" />
        <bin index="15" start="0.015" width="0.001" count="1" />
      </delayHistogram>
      <jitterHistogram nBins="15" >
        <bin index="0" start="0" width="0.001" count="681" />
        <bin index="1" start="0.001" width="0.001" count="64" />
        <bin index="2" start="0.002" width="0.001" count="20" />
        <bin index="3" start="0.003" width="0.001" count="8" />
        <bin index="4" start="0.004" width="0.001" count="5" />
        <bin index="5" start="0.005" width="0.001" count="2" />
        <bin index="6" start="0.006" width="0.001" count="2" />
        <bin index="7" start="0.007" width="0.001" count="1" />
        <bin index="8" start="0.008" width="0.001" count="5" />
        <bin index="9" start="0.009" width="0.001" count="1" />
        <bin index="10" start="0.01" width="0.001" count="4" />
        <bin index="11" start="0.011" width="0.001" count="1" />
        <bin index="14" start="0.014" width="0.001" count="2" />
      </jitterHistogram>
      <packetSizeHistogram nBins="5" >
        <bin index="4" start="80" width="20" count="797" />
      </packetSizeHistogram>
      <flowInterruptionsHistogram nBins="0" >
      </flowInterruptionsHistogram>
    </Flow>
    <Flow flowId="7" timeFirstTxPacket="+100642345429.0ns" timeFirstRxPacket="+100650984667.0ns" timeLastTxPacket="+199892345429.0ns" timeLastRxPacket="+199892631857.0ns" delaySum="+309155967.0ns" jitterSum="+80619902.0ns" lastDelay="+286428.0ns" txBytes="73140" rxBytes="73140" txPackets="795" rxPackets="795" lostPackets="0" timesForwarded="46">
      <delayHistogram nBins="16" >
        <bin index="0" start="0" width="0.001" count="751" />
        <bin index="1" start="0.001" width="0.001" count="40" />
        <bin index="2" start="0.002" width="0.001" count="1" />
        <bin index="8" start="0.008" width="0.001" count="1" />
        <bin index="10" start="0.01" width="0.001" count="1" />
        <bin index="15" start="0.015" width="0.001" count="1" />
      </delayHistogram>
      <jitterHistogram nBins="15" >
        <bin index="0" start="0" width="0.001" count="786" />
        <bin index="1" start="0.001" width="0.001" count="3" />
        <bin index="7" start="0.007" width="0.001" count="1" />
        <bin index="9" start="0.009" width="0.001" count="1" />
        <bin index="10" start="0.01" width="0.001" count="1" />
        <bin index="14" start="0.014" width="0.001" count="2" />
      </jitterHistogram>
      <packetSizeHistogram nBins="5" >
        <bin index="4" start="80" width="20" count="795" />
      </packetSizeHistogram>
      <flowInterruptionsHistogram nBins="0" >
      </flowInterruptionsHistogram>
    </Flow>
    <Flow flowId="8" timeFirstTxPacket="+100759855346.0ns" timeFirstRxPacket="+100770416073.0ns" timeLastTxPacket="+199884855346.0ns" timeLastRxPacket="+199885142118.0ns" delaySum="+575610533.0ns" jitterSum="+418019181.0ns" lastDelay="+286772.0ns" txBytes="73048" rxBytes="72772" txPackets="794" rxPackets="791" lostPackets="3" timesForwarded="83">
      <delayHistogram nBins="38" >
        <bin index="0" start="0" width="0.001" count="706" />
        <bin index="1" start="0.001" width="0.001" count="50" />
        <bin index="2" start="0.002" width="0.001" count="11" />
        <bin index="3" start="0.003" width="0.001" count="5" />
        <bin index="4" start="0.004" width="0.001" count="3" />
        <bin index="5" start="0.005" width="0.001" count="3" />
        <bin index="8" start="0.008" width="0.001" count="1" />
        <bin index="9" start="0.009" width="0.001" count="2" />
        <bin index="10" start="0.01" width="0.001" count="2" />
        <bin index="11" start="0.011" width="0.001" count="2" />
        <bin index="14" start="0.014" width="0.001" count="1" />
        <bin index="16" start="0.016" width="0.001" count="1" />
        <bin index="18" start="0.018" width="0.001" count="1" />
        <bin index="22" start="0.022" width="0.001" count="1" />
        <bin index="37" start="0.037" width="0.001" count="2" />
      </delayHistogram>
      <jitterHistogram nBins="38" >
        <bin index="0" start="0" width="0.001" count="739" />
        <bin index="1" start="0.001" width="0.001" count="15" />
        <bin index="2" start="0.002" width="0.001" count="5" />
        <bin index="3" start="0.003" width="0.001" count="6" />
        <bin index="4" start="0.004" width="0.001" count="6" />
        <bin index="6" start="0.006" width="0.001" count="2" />
        <bin index="7" start="0.007" width="0.001" count="2" />
        <bin index="8" start="0.008" width="0.001" count="1" />
        <bin index="9" start="0.009" width="0.001" count="1" />
        <bin index="10" start="0.01" width="0.001" count="3" />
        <bin index="11" start="0.011" width="0.001" count="1" />
        <bin index="12" start="0.012" width="0.001" count="1" />
        <bin index="14" start="0.014" width="0.001" count="1" />
        <bin index="15" start="0.015" width="0.001" count="1" />
        <bin index="17" start="0.017" width="0.001" count="2" />
        <bin index="35" start="0.035" width="0.001" count="1" />
        <bin index="37" start="0.037" width="0.001" count="3" />
      </jitterHistogram>
      <packetSizeHistogram nBins="5" >
        <bin index="4" start="80" width="20" count="791" />
      </packetSizeHistogram>
      <flowInterruptionsHistogram nBins="0" >
      </flowInterruptionsHistogram>
    </Flow>
    <Flow flowId="9" timeFirstTxPacket="+100895734582.0ns" timeFirstRxPacket="+100898354498.0ns" timeLastTxPacket="+199895734582.0ns" timeLastRxPacket="+199896020993.0ns" delaySum="+2482704877.0ns" jitterSum="+2322788349.0ns" lastDelay="+286411.0ns" txBytes="72956" rxBytes="72036" txPackets="793" rxPackets="783" lostPackets="10" timesForwarded="101">
      <delayHistogram nBins="1020" >
        <bin index="0" start="0" width="0.001" count="676" />
        <bin index="1" start="0.001" width="0.001" count="85" />
        <bin index="2" start="0.002" width="0.001" count="5" />
        <bin index="3" start="0.003" width="0.001" count="1" />
        <bin index="4" start="0.004" width="0.001" count="1" />
        <bin index="5" start="0.005" width="0.001" count="1" />
        <bin index="7" start="0.007" width="0.001" count="1" />
        <bin index="8" start="0.008" width="0.001" count="2" />
        <bin index="10" start="0.01" width="0.001" count="1" />
        <bin index="12" start="0.012" width="0.001" count="1" />
        <bin index="13" start="0.013" width="0.001" count="2" />
        <bin index="14" start="0.014" width="0.001" count="1" />
        <bin index="15" start="0.015" width="0.001" count="1" />
        <bin index="18" start="0.018" width="0.001" count="1" />
        <bin index="28" start="0.028" width="0.001" count="1" />
        <bin index="48" start="0.048" width="0.001" count="1" />
        <bin index="920" start="0.92" width="0.001" count="1" />
        <bin index="1019" start="1.019" width="0.001" count="1" />
      </delayHistogram>
      <jitterHistogram nBins="1018" >
        <bin index="0" start="0" width="0.001" count="738" />
        <bin index="1" start="0.001" width="0.001" count="18" />
        <bin index="2" start="0.002" width="0.001" count="2" />
        <bin index="3" start="0.003" width="0.001" count="2" />
        <bin index="4" start="0.004" width="0.001" count="1" />
        <bin index="5" start="0.005" width="0.001" count="1" />
        <bin index="7" start="0.007" width="0.001" count="4" />
        <bin index="8" start="0.008" width="0.001" count="1" />
        <bin index="9" start="0.009" width="0.001" count="2" />
        <bin index="11" start="0.011" width="0.001" count="1" />
        <bin index="12" start="0.012" width="0.001" count="2" />
        <bin index="14" start="0.014" width="0.001" count="3" />
        <bin index="17" start="0.017" width="0.001" count="2" />
        <bin index="19" start="0.019" width="0.001" count="1" />
        <bin index="34" start="0.034" width="0.001" count="1" />
        <bin index="98" start="0.098" width="0.001" count="1" />
        <bin index="892" start="0.892" width="0.001" count="1" />
        <bin index="1017" start="1.017" width="0.001" count="1" />
      </jitterHistogram>
      <packetSizeHistogram nBins="5" >
        <bin index="4" start="80" width="20" count="783" />
      </packetSizeHistogram>
      <flowInterruptionsHistogram nBins="5" >
        <bin index="4" start="1" width="0.25" count="1" />
      </flowInterruptionsHistogram>
    </Flow>
    <Flow flowId="10" timeFirstTxPacket="+101049626889.0ns" timeFirstRxPacket="+101052345497.0ns" timeLastTxPacket="+199924626889.0ns" timeLastRxPacket="+199924913914.0ns" delaySum="+275721096.0ns" jitterSum="+79128553.0ns" lastDelay="+287025.0ns" txBytes="72864" rxBytes="72864" txPackets="792" rxPackets="792" lostPackets="0" timesForwarded="0">
      <delayHistogram nBins="3" >
        <bin index="0" start="0" width="0.001" count="768" />
        <bin index="1" start="0.001" width="0.001" count="23" />
        <bin index="2" start="0.002" width="0.001" count="1" />
      </delayHistogram>
      <jitterHistogram nBins="3" >
        <bin index="0" start="0" width="0.001" count="770" />
        <bin index="1" start="0.001" width="0.001" count="20" />
        <bin index="2" start="0.002" width="0.001" count="1" />
      </jitterHistogram>
      <packetSizeHistogram nBins="5" >
        <bin index="4" start="80" width="20" count="792" />
      </packetSizeHistogram>
      <flowInterruptionsHistogram nBins="0" >
      </flowInterruptionsHistogram>
    </Flow>
  </FlowStats>
  <Ipv4FlowClassifier>
    <Flow flowId="2" sourceAddress="10.1.1.11" destinationAddress="10.1.1.1" protocol="17" sourcePort="49153" destinationPort="9">
      <Dscp value="0x0" packets="797" />
    </Flow>
    <Flow flowId="7" sourceAddress="10.1.1.12" destinationAddress="10.1.1.2" protocol="17" sourcePort="49153" destinationPort="9">
      <Dscp value="0x0" packets="795" />
    </Flow>
    <Flow flowId="4" sourceAddress="10.1.1.13" destinationAddress="10.1.1.3" protocol="17" sourcePort="49153" destinationPort="9">
      <Dscp value="0x0" packets="797" />
    </Flow>
    <Flow flowId="3" sourceAddress="10.1.1.14" destinationAddress="10.1.1.4" protocol="17" sourcePort="49153" destinationPort="9">
      <Dscp value="0x0" packets="797" />
    </Flow>
    <Flow flowId="1" sourceAddress="10.1.1.15" destinationAddress="10.1.1.5" protocol="17" sourcePort="49153" destinationPort="9">
      <Dscp value="0x0" packets="799" />
    </Flow>
    <Flow flowId="9" sourceAddress="10.1.1.16" destinationAddress="10.1.1.6" protocol="17" sourcePort="49153" destinationPort="9">
      <Dscp value="0x0" packets="793" />
    </Flow>
    <Flow flowId="8" sourceAddress="10.1.1.17" destinationAddress="10.1.1.7" protocol="17" sourcePort="49153" destinationPort="9">
      <Dscp value="0x0" packets="794" />
    </Flow>
    <Flow flowId="10" sourceAddress="10.1.1.18" destinationAddress="10.1.1.8" protocol="17" sourcePort="49153" destinationPort="9">
      <Dscp value="0x0" packets="792" />
    </Flow>
    <Flow flowId="6" sourceAddress="10.1.1.19" destinationAddress="10.1.1.9" protocol="17" sourcePort="49153" destinationPort="9">
      <Dscp value="0x0" packets="797" />
    </Flow>
    <Flow flowId="5" sourceAddress="10.1.1.20" destinationAddress="10.1.1.10" protocol="17" sourcePort="49153" destinationPort="9">
      <Dscp value="0x0" packets="797" />
    </Flow>
  </Ipv4FlowClassifier>
  <Ipv6FlowClassifier>
  </Ipv6FlowClassifier>
  <FlowProbes>
    <FlowProbe index="0">
      <FlowStats  flowId="1" packets="34" bytes="3128" delayFromFirstProbeSum="+18148687.0ns" >
      </FlowStats>
      <FlowStats  flowId="2" packets="797" bytes="73324" delayFromFirstProbeSum="+1681728509.0ns" >
      </FlowStats>
      <FlowStats  flowId="3" packets="12" bytes="1104" delayFromFirstProbeSum="+4636582.0ns" >
      </FlowStats>
    </FlowProbe>
    <FlowProbe index="1">
    </FlowProbe>
    <FlowProbe index="2">
      <FlowStats  flowId="1" packets="64" bytes="5888" delayFromFirstProbeSum="+29613707.0ns" >
      </FlowStats>
      <FlowStats  flowId="3" packets="14" bytes="1288" delayFromFirstProbeSum="+22508977.0ns" >
      </FlowStats>
      <FlowStats  flowId="4" packets="15" bytes="1380" delayFromFirstProbeSum="+14523832.0ns" >
      </FlowStats>
      <FlowStats  flowId="7" packets="795" bytes="73140" delayFromFirstProbeSum="+309155967.0ns" >
      </FlowStats>
    </FlowProbe>
    <FlowProbe index="3">
    </FlowProbe>
    <FlowProbe index="4">
      <FlowStats  flowId="4" packets="790" bytes="72680" delayFromFirstProbeSum="+4352255722.0ns" >
      </FlowStats>
      <FlowStats  flowId="9" packets="1" bytes="92" delayFromFirstProbeSum="+3334955.0ns" >
      </FlowStats>
    </FlowProbe>
    <FlowProbe index="5">
    </FlowProbe>
    <FlowProbe index="6">
      <FlowStats  flowId="1" packets="15" bytes="1380" delayFromFirstProbeSum="+16150938.0ns" >
      </FlowStats>
      <FlowStats  flowId="2" packets="17" bytes="1564" delayFromFirstProbeSum="+8379280.0ns" >
      </FlowStats>
      <FlowStats  flowId="3" packets="758" bytes="69736" delayFromFirstProbeSum="+3632449791.0ns" >
      </FlowStats>
      <FlowStats  flowId="4" packets="15" bytes="1380" delayFromFirstProbeSum="+13721361.0ns" >
      </FlowStats>
    </FlowProbe>
    <FlowProbe index="7">
    </FlowProbe>
    <FlowProbe index="8">
      <FlowStats  flowId="1" packets="789" bytes="72588" delayFromFirstProbeSum="+4181510443.0ns" >
      </FlowStats>
      <FlowStats  flowId="2" packets="1" bytes="92" delayFromFirstProbeSum="+1641818.0ns" >
      </FlowStats>
      <FlowStats  flowId="4" packets="17" bytes="1564" delayFromFirstProbeSum="+12408070.0ns" >
      </FlowStats>
      <FlowStats  flowId="8" packets="29" bytes="2668" delayFromFirstProbeSum="+20476105.0ns" >
      </FlowStats>
    </FlowProbe>
    <FlowProbe index="9">
    </FlowProbe>
    <FlowProbe index="10">
      <FlowStats  flowId="4" packets="1" bytes="92" delayFromFirstProbeSum="+4767553.0ns" >
      </FlowStats>
      <FlowStats  flowId="8" packets="17" bytes="1564" delayFromFirstProbeSum="+32422819.0ns" >
      </FlowStats>
      <FlowStats  flowId="9" packets="783" bytes="72036" delayFromFirstProbeSum="+2482704877.0ns" >
      </FlowStats>
    </FlowProbe>
    <FlowProbe index="11">
    </FlowProbe>
    <FlowProbe index="12">
      <FlowStats  flowId="1" packets="51" bytes="4692" delayFromFirstProbeSum="+18632440.0ns" >
      </FlowStats>
      <FlowStats  flowId="4" packets="52" bytes="4784" delayFromFirstProbeSum="+25089194.0ns" >
      </FlowStats>
      <FlowStats  flowId="8" packets="791" bytes="72772" delayFromFirstProbeSum="+575610533.0ns" >
      </FlowStats>
    </FlowProbe>
    <FlowProbe index="13">
    </FlowProbe>
    <FlowProbe index="14">
      <FlowStats  flowId="2" packets="1" bytes="92" delayFromFirstProbeSum="+8901041.0ns" >
      </FlowStats>
      <FlowStats  flowId="3" packets="15" bytes="1380" delayFromFirstProbeSum="+10271381.0ns" >
      </FlowStats>
      <FlowStats  flowId="4" packets="16" bytes="1472" delayFromFirstProbeSum="+14390605.0ns" >
      </FlowStats>
      <FlowStats  flowId="10" packets="792" bytes="72864" delayFromFirstProbeSum="+275721096.0ns" >
      </FlowStats>
    </FlowProbe>
    <FlowProbe index="15">
    </FlowProbe>
    <FlowProbe index="16">
      <FlowStats  flowId="1" packets="16" bytes="1472" delayFromFirstProbeSum="+14704736.0ns" >
      </FlowStats>
      <FlowStats  flowId="6" packets="797" bytes="73324" delayFromFirstProbeSum="+759966690.0ns" >
      </FlowStats>
    </FlowProbe>
    <FlowProbe index="17">
    </FlowProbe>
    <FlowProbe index="18">
      <FlowStats  flowId="1" packets="3" bytes="276" delayFromFirstProbeSum="+8411345.0ns" >
      </FlowStats>
      <FlowStats  flowId="2" packets="14" bytes="1288" delayFromFirstProbeSum="+15147269.0ns" >
      </FlowStats>
      <FlowStats  flowId="4" packets="61" bytes="5612" delayFromFirstProbeSum="+21327960.0ns" >
      </FlowStats>
      <FlowStats  flowId="5" packets="797" bytes="73324" delayFromFirstProbeSum="+261876453.0ns" >
      </FlowStats>
    </FlowProbe>
    <FlowProbe index="19">
    </FlowProbe>
    <FlowProbe index="20">
      <FlowStats  flowId="1" packets="15" bytes="1380" delayFromFirstProbeSum="+26080004.0ns" >
      </FlowStats>
      <FlowStats  flowId="2" packets="797" bytes="73324" delayFromFirstProbeSum="+0.0ns" >
      </FlowStats>
      <FlowStats  flowId="3" packets="1" bytes="92" delayFromFirstProbeSum="+10818563.0ns" >
      </FlowStats>
      <FlowStats  flowId="4" packets="15" bytes="1380" delayFromFirstProbeSum="+16286366.0ns" >
      </FlowStats>
      <FlowStats  flowId="6" packets="15" bytes="1380" delayFromFirstProbeSum="+13934689.0ns" >
      </FlowStats>
    </FlowProbe>
    <FlowProbe index="21">
    </FlowProbe>
    <FlowProbe index="22">
      <FlowStats  flowId="7" packets="795" bytes="73140" delayFromFirstProbeSum="+0.0ns" >
      </FlowStats>
    </FlowProbe>
    <FlowProbe index="23">
    </FlowProbe>
    <FlowProbe index="24">
      <FlowStats  flowId="1" packets="1" bytes="92" delayFromFirstProbeSum="+4637675.0ns" >
      </FlowStats>
      <FlowStats  flowId="4" packets="797" bytes="73324" delayFromFirstProbeSum="+0.0ns" >
      </FlowStats>
    </FlowProbe>
    <FlowProbe index="25">
    </FlowProbe>
    <FlowProbe index="26">
      <FlowStats  flowId="1" packets="77" bytes="7084" delayFromFirstProbeSum="+27812732.0ns" >
      </FlowStats>
      <FlowStats  flowId="3" packets="797" bytes="73324" delayFromFirstProbeSum="+0.0ns" >
      </FlowStats>
      <FlowStats  flowId="4" packets="47" bytes="4324" delayFromFirstProbeSum="+18861194.0ns" >
      </FlowStats>
      <FlowStats  flowId="8" packets="3" bytes="276" delayFromFirstProbeSum="+3951761.0ns" >
      </FlowStats>
    </FlowProbe>
    <FlowProbe index="27">
    </FlowProbe>
    <FlowProbe index="28">
      <FlowStats  flowId="1" packets="799" bytes="73508" delayFromFirstProbeSum="+0.0ns" >
      </FlowStats>
    </FlowProbe>
    <FlowProbe index="29">
    </FlowProbe>
    <FlowProbe index="30">
      <FlowStats  flowId="1" packets="18" bytes="1656" delayFromFirstProbeSum="+10260881.0ns" >
      </FlowStats>
      <FlowStats  flowId="4" packets="32" bytes="2944" delayFromFirstProbeSum="+12234730.0ns" >
      </FlowStats>
      <FlowStats  flowId="6" packets="15" bytes="1380" delayFromFirstProbeSum="+15239610.0ns" >
      </FlowStats>
      <FlowStats  flowId="7" packets="14" bytes="1288" delayFromFirstProbeSum="+8221995.0ns" >
      </FlowStats>
      <FlowStats  flowId="9" packets="793" bytes="72956" delayFromFirstProbeSum="+0.0ns" >
      </FlowStats>
    </FlowProbe>
    <FlowProbe index="31">
    </FlowProbe>
    <FlowProbe index="32">
      <FlowStats  flowId="1" packets="16" bytes="1472" delayFromFirstProbeSum="+5844276.0ns" >
      </FlowStats>
      <FlowStats  flowId="2" packets="3" bytes="276" delayFromFirstProbeSum="+5070611.0ns" >
      </FlowStats>
      <FlowStats  flowId="3" packets="2" bytes="184" delayFromFirstProbeSum="+11275475.0ns" >
      </FlowStats>
      <FlowStats  flowId="4" packets="3" bytes="276" delayFromFirstProbeSum="+6233726.0ns" >
      </FlowStats>
      <FlowStats  flowId="8" packets="794" bytes="73048" delayFromFirstProbeSum="+0.0ns" >
      </FlowStats>
    </FlowProbe>
    <FlowProbe index="33">
    </FlowProbe>
    <FlowProbe index="34">
      <FlowStats  flowId="1" packets="18" bytes="1656" delayFromFirstProbeSum="+27884245.0ns" >
      </FlowStats>
      <FlowStats  flowId="2" packets="1" bytes="92" delayFromFirstProbeSum="+1221674.0ns" >
      </FlowStats>
      <FlowStats  flowId="3" packets="20" bytes="1840" delayFromFirstProbeSum="+8216129.0ns" >
      </FlowStats>
      <FlowStats  flowId="4" packets="2" bytes="184" delayFromFirstProbeSum="+10448934.0ns" >
      </FlowStats>
      <FlowStats  flowId="9" packets="3" bytes="276" delayFromFirstProbeSum="+8491748.0ns" >
      </FlowStats>
      <FlowStats  flowId="10" packets="792" bytes="72864" delayFromFirstProbeSum="+0.0ns" >
      </FlowStats>
    </FlowProbe>
    <FlowProbe index="35">
    </FlowProbe>
    <FlowProbe index="36">
      <FlowStats  flowId="2" packets="1" bytes="92" delayFromFirstProbeSum="+9901452.0ns" >
      </FlowStats>
      <FlowStats  flowId="3" packets="16" bytes="1472" delayFromFirstProbeSum="+11746235.0ns" >
      </FlowStats>
      <FlowStats  flowId="4" packets="31" bytes="2852" delayFromFirstProbeSum="+30331619.0ns" >
      </FlowStats>
      <FlowStats  flowId="6" packets="797" bytes="73324" delayFromFirstProbeSum="+0.0ns" >
      </FlowStats>
      <FlowStats  flowId="9" packets="1" bytes="92" delayFromFirstProbeSum="+4840462.0ns" >
      </FlowStats>
    </FlowProbe>
    <FlowProbe index="37">
    </FlowProbe>
    <FlowProbe index="38">
      <FlowStats  flowId="1" packets="31" bytes="2852" delayFromFirstProbeSum="+51476206.0ns" >
      </FlowStats>
      <FlowStats  flowId="3" packets="13" bytes="1196" delayFromFirstProbeSum="+12788226.0ns" >
      </FlowStats>
      <FlowStats  flowId="4" packets="14" bytes="1288" delayFromFirstProbeSum="+13379737.0ns" >
      </FlowStats>
      <FlowStats  flowId="5" packets="797" bytes="73324" delayFromFirstProbeSum="+0.0ns" >
      </FlowStats>
      <FlowStats  flowId="6" packets="2" bytes="184" delayFromFirstProbeSum="+4126807.0ns" >
      </FlowStats>
      <FlowStats  flowId="9" packets="14" bytes="1288" delayFromFirstProbeSum="+14174845.0ns" >
      </FlowStats>
    </FlowProbe>
    <FlowProbe index="39">
    </FlowProbe>
    <FlowProbe index="40">
      <FlowStats  flowId="2" packets="15" bytes="1380" delayFromFirstProbeSum="+9483563.0ns" >
      </FlowStats>
      <FlowStats  flowId="3" packets="14" bytes="1288" delayFromFirstProbeSum="+77631988.0ns" >
      </FlowStats>
      <FlowStats  flowId="4" packets="64" bytes="5888" delayFromFirstProbeSum="+25873837.0ns" >
      </FlowStats>
    </FlowProbe>
    <FlowProbe index="41">
    </FlowProbe>
    <FlowProbe index="42">
      <FlowStats  flowId="1" packets="2" bytes="184" delayFromFirstProbeSum="+15379628.0ns" >
      </FlowStats>
      <FlowStats  flowId="2" packets="30" bytes="2760" delayFromFirstProbeSum="+18492052.0ns" >
      </FlowStats>
      <FlowStats  flowId="4" packets="29" bytes="2668" delayFromFirstProbeSum="+12378780.0ns" >
      </FlowStats>
      <FlowStats  flowId="9" packets="13" bytes="1196" delayFromFirstProbeSum="+5226513.0ns" >
      </FlowStats>
    </FlowProbe>
    <FlowProbe index="43">
    </FlowProbe>
    <FlowProbe index="44">
      <FlowStats  flowId="1" packets="26" bytes="2392" delayFromFirstProbeSum="+18869480.0ns" >
      </FlowStats>
      <FlowStats  flowId="3" packets="13" bytes="1196" delayFromFirstProbeSum="+13102617.0ns" >
      </FlowStats>
      <FlowStats  flowId="4" packets="79" bytes="7268" delayFromFirstProbeSum="+260383032.0ns" >
      </FlowStats>
      <FlowStats  flowId="9" packets="1" bytes="92" delayFromFirstProbeSum="+8424418.0ns" >
      </FlowStats>
    </FlowProbe>
    <FlowProbe index="45">
    </FlowProbe>
    <FlowProbe index="46">
      <FlowStats  flowId="1" packets="34" bytes="3128" delayFromFirstProbeSum="+42208824.0ns" >
      </FlowStats>
      <FlowStats  flowId="2" packets="14" bytes="1288" delayFromFirstProbeSum="+7642309.0ns" >
      </FlowStats>
      <FlowStats  flowId="3" packets="1" bytes="92" delayFromFirstProbeSum="+1579295.0ns" >
      </FlowStats>
      <FlowStats  flowId="4" packets="49" bytes="4508" delayFromFirstProbeSum="+40976726.0ns" >
      </FlowStats>
    </FlowProbe>
    <FlowProbe index="47">
    </FlowProbe>
    <FlowProbe index="48">
      <FlowStats  flowId="1" packets="1" bytes="92" delayFromFirstProbeSum="+6918717.0ns" >
      </FlowStats>
      <FlowStats  flowId="2" packets="1" bytes="92" delayFromFirstProbeSum="+5538227.0ns" >
      </FlowStats>
      <FlowStats  flowId="3" packets="13" bytes="1196" delayFromFirstProbeSum="+33292885.0ns" >
      </FlowStats>
    </FlowProbe>
    <FlowProbe index="49">
    </FlowProbe>
    <FlowProbe index="50">
      <FlowStats  flowId="1" packets="59" bytes="5428" delayFromFirstProbeSum="+18996244.0ns" >
      </FlowStats>
      <FlowStats  flowId="2" packets="16" bytes="1472" delayFromFirstProbeSum="+10649720.0ns" >
      </FlowStats>
      <FlowStats  flowId="3" packets="3" bytes="276" delayFromFirstProbeSum="+13541242.0ns" >
      </FlowStats>
      <FlowStats  flowId="4" packets="1" bytes="92" delayFromFirstProbeSum="+7973695.0ns" >
      </FlowStats>
      <FlowStats  flowId="6" packets="1" bytes="92" delayFromFirstProbeSum="+4279295.0ns" >
      </FlowStats>
      <FlowStats  flowId="9" packets="47" bytes="4324" delayFromFirstProbeSum="+19226940.0ns" >
      </FlowStats>
    </FlowProbe>
    <FlowProbe index="51">
    </FlowProbe>
    <FlowProbe index="52">
      <FlowStats  flowId="3" packets="13" bytes="1196" delayFromFirstProbeSum="+12106552.0ns" >
      </FlowStats>
      <FlowStats  flowId="4" packets="1" bytes="92" delayFromFirstProbeSum="+4639589.0ns" >
      </FlowStats>
      <FlowStats  flowId="8" packets="2" bytes="184" delayFromFirstProbeSum="+11721480.0ns" >
      </FlowStats>
    </FlowProbe>
    <FlowProbe index="53">
    </FlowProbe>
    <FlowProbe index="54">
      <FlowStats  flowId="1" packets="52" bytes="4784" delayFromFirstProbeSum="+17226782.0ns" >
      </FlowStats>
      <FlowStats  flowId="3" packets="14" bytes="1288" delayFromFirstProbeSum="+13412678.0ns" >
      </FlowStats>
      <FlowStats  flowId="4" packets="12" bytes="1104" delayFromFirstProbeSum="+7817907.0ns" >
      </FlowStats>
      <FlowStats  flowId="8" packets="16" bytes="1472" delayFromFirstProbeSum="+13536126.0ns" >
      </FlowStats>
    </FlowProbe>
    <FlowProbe index="55">
    </FlowProbe>
    <FlowProbe index="56">
      <FlowStats  flowId="1" packets="11" bytes="1012" delayFromFirstProbeSum="+2637104042.0ns" >
      </FlowStats>
    </FlowProbe>
    <FlowProbe index="57">
    </FlowProbe>
    <FlowProbe index="58">
      <FlowStats  flowId="3" packets="18" bytes="1656" delayFromFirstProbeSum="+2735933545.0ns" >
      </FlowStats>
    </FlowProbe>
    <FlowProbe index="59">
    </FlowProbe>
    <FlowProbe index="60">
      <FlowStats  flowId="1" packets="16" bytes="1472" delayFromFirstProbeSum="+7507210.0ns" >
      </FlowStats>
      <FlowStats  flowId="2" packets="2" bytes="184" delayFromFirstProbeSum="+10868598.0ns" >
      </FlowStats>
      <FlowStats  flowId="4" packets="33" bytes="3036" delayFromFirstProbeSum="+35482161.0ns" >
      </FlowStats>
    </FlowProbe>
    <FlowProbe index="61">
    </FlowProbe>
    <FlowProbe index="62">
      <FlowStats  flowId="1" packets="47" bytes="4324" delayFromFirstProbeSum="+23674494.0ns" >
      </FlowStats>
      <FlowStats  flowId="2" packets="13" bytes="1196" delayFromFirstProbeSum="+12279097.0ns" >
      </FlowStats>
      <FlowStats  flowId="3" packets="1" bytes="92" delayFromFirstProbeSum="+10198833.0ns" >
      </FlowStats>
      <FlowStats  flowId="4" packets="16" bytes="1472" delayFromFirstProbeSum="+14259972.0ns" >
      </FlowStats>
      <FlowStats  flowId="6" packets="1" bytes="92" delayFromFirstProbeSum="+7921035.0ns" >
      </FlowStats>
      <FlowStats  flowId="9" packets="17" bytes="1564" delayFromFirstProbeSum="+10088817.0ns" >
      </FlowStats>
    </FlowProbe>
    <FlowProbe index="63">
    </FlowProbe>
    <FlowProbe index="64">
      <FlowStats  flowId="1" packets="17" bytes="1564" delayFromFirstProbeSum="+6231677.0ns" >
      </FlowStats>
      <FlowStats  flowId="4" packets="26" bytes="2392" delayFromFirstProbeSum="+2642433719.0ns" >
      </FlowStats>
      <FlowStats  flowId="8" packets="1" bytes="92" delayFromFirstProbeSum="+2240822.0ns" >
      </FlowStats>
    </FlowProbe>
    <FlowProbe index="65">
    </FlowProbe>
    <FlowProbe index="66">
      <FlowStats  flowId="1" packets="29" bytes="2668" delayFromFirstProbeSum="+17880662.0ns" >
      </FlowStats>
      <FlowStats  flowId="3" packets="1" bytes="92" delayFromFirstProbeSum="+8899937.0ns" >
      </FlowStats>
      <FlowStats  flowId="4" packets="13" bytes="1196" delayFromFirstProbeSum="+18866989.0ns" >
      </FlowStats>
    </FlowProbe>
    <FlowProbe index="67">
    </FlowProbe>
    <FlowProbe index="68">
    </FlowProbe>
    <FlowProbe index="69">
    </FlowProbe>
    <FlowProbe index="70">
      <FlowStats  flowId="2" packets="4" bytes="368" delayFromFirstProbeSum="+4597287.0ns" >
      </FlowStats>
      <FlowStats  flowId="8" packets="14" bytes="1288" delayFromFirstProbeSum="+14676013.0ns" >
      </FlowStats>
    </FlowProbe>
    <FlowProbe index="71">
    </FlowProbe>
    <FlowProbe index="72">
      <FlowStats  flowId="1" packets="14" bytes="1288" delayFromFirstProbeSum="+29725139.0ns" >
      </FlowStats>
      <FlowStats  flowId="2" packets="32" bytes="2944" delayFromFirstProbeSum="+13566936.0ns" >
      </FlowStats>
      <FlowStats  flowId="3" packets="1" bytes="92" delayFromFirstProbeSum="+6520555.0ns" >
      </FlowStats>
      <FlowStats  flowId="4" packets="38" bytes="3496" delayFromFirstProbeSum="+49558213.0ns" >
      </FlowStats>
      <FlowStats  flowId="6" packets="31" bytes="2852" delayFromFirstProbeSum="+27763604.0ns" >
      </FlowStats>
    </FlowProbe>
    <FlowProbe index="73">
    </FlowProbe>
    <FlowProbe index="74">
      <FlowStats  flowId="1" packets="15" bytes="1380" delayFromFirstProbeSum="+7169681.0ns" >
      </FlowStats>
      <FlowStats  flowId="4" packets="14" bytes="1288" delayFromFirstProbeSum="+9699833.0ns" >
      </FlowStats>
    </FlowProbe>
    <FlowProbe index="75">
    </FlowProbe>
    <FlowProbe index="76">
    </FlowProbe>
    <FlowProbe index="77">
    </FlowProbe>
    <FlowProbe index="78">
    </FlowProbe>
    <FlowProbe index="79">
    </FlowProbe>
    <FlowProbe index="80">
      <FlowStats  flowId="1" packets="15" bytes="1380" delayFromFirstProbeSum="+14616471.0ns" >
      </FlowStats>
      <FlowStats  flowId="3" packets="17" bytes="1564" delayFromFirstProbeSum="+14840351.0ns" >
      </FlowStats>
      <FlowStats  flowId="4" packets="48" bytes="4416" delayFromFirstProbeSum="+23851166.0ns" >
      </FlowStats>
    </FlowProbe>
    <FlowProbe index="81">
    </FlowProbe>
    <FlowProbe index="82">
      <FlowStats  flowId="1" packets="1" bytes="92" delayFromFirstProbeSum="+4995895.0ns" >
      </FlowStats>
      <FlowStats  flowId="2" packets="29" bytes="2668" delayFromFirstProbeSum="+14047680.0ns" >
      </FlowStats>
      <FlowStats  flowId="3" packets="1" bytes="92" delayFromFirstProbeSum="+10919409.0ns" >
      </FlowStats>
      <FlowStats  flowId="4" packets="17" bytes="1564" delayFromFirstProbeSum="+8893070.0ns" >
      </FlowStats>
    </FlowProbe>
    <FlowProbe index="83">
    </FlowProbe>
    <FlowProbe index="84">
    </FlowProbe>
    <FlowProbe index="85">
    </FlowProbe>
    <FlowProbe index="86">
      <FlowStats  flowId="7" packets="32" bytes="2944" delayFromFirstProbeSum="+15047502.0ns" >
      </FlowStats>
      <FlowStats  flowId="9" packets="14" bytes="1288" delayFromFirstProbeSum="+10942150.0ns" >
      </FlowStats>
    </FlowProbe>
    <FlowProbe index="87">
    </FlowProbe>
    <FlowProbe index="88">
      <FlowStats  flowId="8" packets="1" bytes="92" delayFromFirstProbeSum="+12403492.0ns" >
      </FlowStats>
    </FlowProbe>
    <FlowProbe index="89">
    </FlowProbe>
    <FlowProbe index="90">
      <FlowStats  flowId="1" packets="1" bytes="92" delayFromFirstProbeSum="+6539115.0ns" >
      </FlowStats>
      <FlowStats  flowId="3" packets="1" bytes="92" delayFromFirstProbeSum="+1741047.0ns" >
      </FlowStats>
      <FlowStats  flowId="4" packets="17" bytes="1564" delayFromFirstProbeSum="+12121596.0ns" >
      </FlowStats>
    </FlowProbe>
    <FlowProbe index="91">
    </FlowProbe>
    <FlowProbe index="92">
      <FlowStats  flowId="1" packets="17" bytes="1564" delayFromFirstProbeSum="+10208092.0ns" >
      </FlowStats>
    </FlowProbe>
    <FlowProbe index="93">
    </FlowProbe>
    <FlowProbe index="94">
    </FlowProbe>
    <FlowProbe index="95">
    </FlowProbe>
    <FlowProbe index="96">
      <FlowStats  flowId="2" packets="2" bytes="184" delayFromFirstProbeSum="+3905434.0ns" >
      </FlowStats>
      <FlowStats  flowId="3" packets="3" bytes="276" delayFromFirstProbeSum="+10054885.0ns" >
      </FlowStats>
      <FlowStats  flowId="4" packets="15" bytes="1380" delayFromFirstProbeSum="+18449558.0ns" >
      </FlowStats>
    </FlowProbe>
    <FlowProbe index="97">
    </FlowProbe>
    <FlowProbe index="98">
      <FlowStats  flowId="1" packets="16" bytes="1472" delayFromFirstProbeSum="+15355753.0ns" >
      </FlowStats>
      <FlowStats  flowId="2" packets="29" bytes="2668" delayFromFirstProbeSum="+19756710.0ns" >
      </FlowStats>
      <FlowStats  flowId="3" packets="2" bytes="184" delayFromFirstProbeSum="+3224545.0ns" >
      </FlowStats>
    </FlowProbe>
    <FlowProbe index="99">
    </FlowProbe>
  </FlowProbes>
</FlowMonitor>
