<?xml version="1.0" ?>
<FlowMonitor>
  <FlowStats>
    <Flow flowId="1" timeFirstTxPacket="+100220527457.0ns" timeFirstRxPacket="+100223170181.0ns" timeLastTxPacket="+199970527457.0ns" timeLastRxPacket="+199970813930.0ns" delaySum="+6316497542.0ns" jitterSum="+5039843757.0ns" lastDelay="+286473.0ns" txBytes="73508" rxBytes="73508" txPackets="799" rxPackets="799" lostPackets="0" timesForwarded="0">
      <delayHistogram nBins="471" >
        <bin index="0" start="0" width="0.001" count="768" />
        <bin index="1" start="0.001" width="0.001" count="1" />
        <bin index="2" start="0.002" width="0.001" count="2" />
        <bin index="4" start="0.004" width="0.001" count="1" />
        <bin index="10" start="0.01" width="0.001" count="1" />
        <bin index="26" start="0.026" width="0.001" count="1" />
        <bin index="40" start="0.04" width="0.001" count="1" />
        <bin index="81" start="0.081" width="0.001" count="1" />
        <bin index="95" start="0.095" width="0.001" count="1" />
        <bin index="96" start="0.096" width="0.001" count="1" />
        <bin index="105" start="0.105" width="0.001" count="1" />
        <bin index="113" start="0.113" width="0.001" count="1" />
        <bin index="129" start="0.129" width="0.001" count="1" />
        <bin index="150" start="0.15" width="0.001" count="1" />
        <bin index="205" start="0.205" width="0.001" count="1" />
        <bin index="207" start="0.207" width="0.001" count="1" />
        <bin index="210" start="0.21" width="0.001" count="1" />
        <bin index="214" start="0.214" width="0.001" count="1" />
        <bin index="215" start="0.215" width="0.001" count="1" />
        <bin index="221" start="0.221" width="0.001" count="1" />
        <bin index="274" start="0.274" width="0.001" count="1" />
        <bin index="304" start="0.304" width="0.001" count="1" />
        <bin index="305" start="0.305" width="0.001" count="1" />
        <bin index="325" start="0.325" width="0.001" count="1" />
        <bin index="329" start="0.329" width="0.001" count="1" />
        <bin index="334" start="0.334" width="0.001" count="1" />
        <bin index="386" start="0.386" width="0.001" count="1" />
        <bin index="404" start="0.404" width="0.001" count="1" />
        <bin index="411" start="0.411" width="0.001" count="1" />
        <bin index="412" start="0.412" width="0.001" count="1" />
        <bin index="470" start="0.47" width="0.001" count="1" />
      </delayHistogram>
      <jitterHistogram nBins="471" >
        <bin index="0" start="0" width="0.001" count="761" />
        <bin index="1" start="0.001" width="0.001" count="1" />
        <bin index="2" start="0.002" width="0.001" count="1" />
        <bin index="3" start="0.003" width="0.001" count="1" />
        <bin index="10" start="0.01" width="0.001" count="1" />
        <bin index="26" start="0.026" width="0.001" count="1" />
        <bin index="39" start="0.039" width="0.001" count="1" />
        <bin index="74" start="0.074" width="0.001" count="1" />
        <bin index="78" start="0.078" width="0.001" count="1" />
        <bin index="81" start="0.081" width="0.001" count="2" />
        <bin index="84" start="0.084" width="0.001" count="1" />
        <bin index="85" start="0.085" width="0.001" count="1" />
        <bin index="88" start="0.088" width="0.001" count="1" />
        <bin index="90" start="0.09" width="0.001" count="1" />
        <bin index="94" start="0.094" width="0.001" count="1" />
        <bin index="95" start="0.095" width="0.001" count="1" />
        <bin index="97" start="0.097" width="0.001" count="1" />
        <bin index="101" start="0.101" width="0.001" count="1" />
        <bin index="104" start="0.104" width="0.001" count="1" />
        <bin index="107" start="0.107" width="0.001" count="1" />
        <bin index="111" start="0.111" width="0.001" count="1" />
        <bin index="112" start="0.112" width="0.001" count="1" />
        <bin index="113" start="0.113" width="0.001" count="1" />
        <bin index="115" start="0.115" width="0.001" count="1" />
        <bin index="117" start="0.117" width="0.001" count="1" />
        <bin index="120" start="0.12" width="0.001" count="2" />
        <bin index="123" start="0.123" width="0.001" count="1" />
        <bin index="124" start="0.124" width="0.001" count="2" />
        <bin index="206" start="0.206" width="0.001" count="1" />
        <bin index="293" start="0.293" width="0.001" count="1" />
        <bin index="305" start="0.305" width="0.001" count="1" />
        <bin index="404" start="0.404" width="0.001" count="1" />
        <bin index="410" start="0.41" width="0.001" count="1" />
        <bin index="412" start="0.412" width="0.001" count="1" />
        <bin index="470" start="0.47" width="0.001" count="1" />
      </jitterHistogram>
      <packetSizeHistogram nBins="5" >
        <bin index="4" start="80" width="20" count="799" />
      </packetSizeHistogram>
      <flowInterruptionsHistogram nBins="3" >
        <bin index="2" start="0.5" width="0.25" count="4" />
      </flowInterruptionsHistogram>
    </Flow>
    <Flow flowId="2" timeFirstTxPacket="+100404588904.0ns" timeFirstRxPacket="+100414692534.0ns" timeLastTxPacket="+199904588904.0ns" timeLastRxPacket="+199904875596.0ns" delaySum="+3802940579.0ns" jitterSum="+3296138762.0ns" lastDelay="+286692.0ns" txBytes="73324" rxBytes="73324" txPackets="797" rxPackets="797" lostPackets="0" timesForwarded="0">
      <delayHistogram nBins="291" >
        <bin index="0" start="0" width="0.001" count="769" />
        <bin index="1" start="0.001" width="0.001" count="1" />
        <bin index="3" start="0.003" width="0.001" count="1" />
        <bin index="8" start="0.008" width="0.001" count="1" />
        <bin index="10" start="0.01" width="0.001" count="1" />
        <bin index="26" start="0.026" width="0.001" count="1" />
        <bin index="38" start="0.038" width="0.001" count="1" />
        <bin index="51" start="0.051" width="0.001" count="1" />
        <bin index="62" start="0.062" width="0.001" count="1" />
        <bin index="72" start="0.072" width="0.001" count="1" />
        <bin index="78" start="0.078" width="0.001" count="1" />
        <bin index="79" start="0.079" width="0.001" count="1" />
        <bin index="116" start="0.116" width="0.001" count="2" />
        <bin index="121" start="0.121" width="0.001" count="1" />
        <bin index="127" start="0.127" width="0.001" count="1" />
        <bin index="139" start="0.139" width="0.001" count="1" />
        <bin index="149" start="0.149" width="0.001" count="1" />
        <bin index="174" start="0.174" width="0.001" count="1" />
        <bin index="178" start="0.178" width="0.001" count="1" />
        <bin index="183" start="0.183" width="0.001" count="1" />
        <bin index="191" start="0.191" width="0.001" count="1" />
        <bin index="197" start="0.197" width="0.001" count="1" />
        <bin index="200" start="0.2" width="0.001" count="1" />
        <bin index="203" start="0.203" width="0.001" count="1" />
        <bin index="214" start="0.214" width="0.001" count="1" />
        <bin index="263" start="0.263" width="0.001" count="1" />
        <bin index="281" start="0.281" width="0.001" count="1" />
        <bin index="290" start="0.29" width="0.001" count="1" />
      </delayHistogram>
      <jitterHistogram nBins="212" >
        <bin index="0" start="0" width="0.001" count="762" />
        <bin index="2" start="0.002" width="0.001" count="1" />
        <bin index="3" start="0.003" width="0.001" count="1" />
        <bin index="8" start="0.008" width="0.001" count="1" />
        <bin index="9" start="0.009" width="0.001" count="1" />
        <bin index="25" start="0.025" width="0.001" count="1" />
        <bin index="37" start="0.037" width="0.001" count="1" />
        <bin index="51" start="0.051" width="0.001" count="2" />
        <bin index="54" start="0.054" width="0.001" count="1" />
        <bin index="71" start="0.071" width="0.001" count="1" />
        <bin index="78" start="0.078" width="0.001" count="1" />
        <bin index="79" start="0.079" width="0.001" count="1" />
        <bin index="82" start="0.082" width="0.001" count="1" />
        <bin index="86" start="0.086" width="0.001" count="1" />
        <bin index="97" start="0.097" width="0.001" count="2" />
        <bin index="102" start="0.102" width="0.001" count="1" />
        <bin index="112" start="0.112" width="0.001" count="1" />
        <bin index="113" start="0.113" width="0.001" count="1" />
        <bin index="114" start="0.114" width="0.001" count="1" />
        <bin index="115" start="0.115" width="0.001" count="1" />
        <bin index="116" start="0.116" width="0.001" count="1" />
        <bin index="120" start="0.12" width="0.001" count="1" />
        <bin index="121" start="0.121" width="0.001" count="1" />
        <bin index="122" start="0.122" width="0.001" count="1" />
        <bin index="123" start="0.123" width="0.001" count="1" />
        <bin index="124" start="0.124" width="0.001" count="1" />
        <bin index="127" start="0.127" width="0.001" count="1" />
        <bin index="139" start="0.139" width="0.001" count="1" />
        <bin index="147" start="0.147" width="0.001" count="1" />
        <bin index="165" start="0.165" width="0.001" count="1" />
        <bin index="178" start="0.178" width="0.001" count="1" />
        <bin index="200" start="0.2" width="0.001" count="1" />
        <bin index="211" start="0.211" width="0.001" count="1" />
      </jitterHistogram>
      <packetSizeHistogram nBins="5" >
        <bin index="4" start="80" width="20" count="797" />
      </packetSizeHistogram>
      <flowInterruptionsHistogram nBins="0" >
      </flowInterruptionsHistogram>
    </Flow>
    <Flow flowId="3" timeFirstTxPacket="+100422508704.0ns" timeFirstRxPacket="+100433209748.0ns" timeLastTxPacket="+199922508704.0ns" timeLastRxPacket="+199922796236.0ns" delaySum="+4159701241.0ns" jitterSum="+3678332000.0ns" lastDelay="+287532.0ns" txBytes="73324" rxBytes="73324" txPackets="797" rxPackets="797" lostPackets="0" timesForwarded="0">
      <delayHistogram nBins="398" >
        <bin index="0" start="0" width="0.001" count="772" />
        <bin index="2" start="0.002" width="0.001" count="1" />
        <bin index="10" start="0.01" width="0.001" count="1" />
        <bin index="19" start="0.019" width="0.001" count="1" />
        <bin index="43" start="0.043" width="0.001" count="1" />
        <bin index="62" start="0.062" width="0.001" count="1" />
        <bin index="74" start="0.074" width="0.001" count="2" />
        <bin index="77" start="0.077" width="0.001" count="1" />
        <bin index="91" start="0.091" width="0.001" count="1" />
        <bin index="97" start="0.097" width="0.001" count="1" />
        <bin index="104" start="0.104" width="0.001" count="1" />
        <bin index="140" start="0.14" width="0.001" count="1" />
        <bin index="146" start="0.146" width="0.001" count="1" />
        <bin index="159" start="0.159" width="0.001" count="1" />
        <bin index="160" start="0.16" width="0.001" count="1" />
        <bin index="198" start="0.198" width="0.001" count="1" />
        <bin index="201" start="0.201" width="0.001" count="1" />
        <bin index="216" start="0.216" width="0.001" count="1" />
        <bin index="218" start="0.218" width="0.001" count="1" />
        <bin index="234" start="0.234" width="0.001" count="1" />
        <bin index="270" start="0.27" width="0.001" count="1" />
        <bin index="290" start="0.29" width="0.001" count="1" />
        <bin index="320" start="0.32" width="0.001" count="1" />
        <bin index="324" start="0.324" width="0.001" count="1" />
        <bin index="397" start="0.397" width="0.001" count="1" />
      </delayHistogram>
      <jitterHistogram nBins="397" >
        <bin index="0" start="0" width="0.001" count="764" />
        <bin index="2" start="0.002" width="0.001" count="1" />
        <bin index="10" start="0.01" width="0.001" count="1" />
        <bin index="13" start="0.013" width="0.001" count="1" />
        <bin index="19" start="0.019" width="0.001" count="1" />
        <bin index="43" start="0.043" width="0.001" count="1" />
        <bin index="61" start="0.061" width="0.001" count="1" />
        <bin index="71" start="0.071" width="0.001" count="2" />
        <bin index="72" start="0.072" width="0.001" count="1" />
        <bin index="73" start="0.073" width="0.001" count="1" />
        <bin index="76" start="0.076" width="0.001" count="2" />
        <bin index="84" start="0.084" width="0.001" count="1" />
        <bin index="85" start="0.085" width="0.001" count="1" />
        <bin index="91" start="0.091" width="0.001" count="1" />
        <bin index="93" start="0.093" width="0.001" count="1" />
        <bin index="97" start="0.097" width="0.001" count="1" />
        <bin index="104" start="0.104" width="0.001" count="1" />
        <bin index="107" start="0.107" width="0.001" count="1" />
        <bin index="116" start="0.116" width="0.001" count="1" />
        <bin index="119" start="0.119" width="0.001" count="1" />
        <bin index="120" start="0.12" width="0.001" count="2" />
        <bin index="123" start="0.123" width="0.001" count="1" />
        <bin index="124" start="0.124" width="0.001" count="2" />
        <bin index="129" start="0.129" width="0.001" count="1" />
        <bin index="159" start="0.159" width="0.001" count="1" />
        <bin index="270" start="0.27" width="0.001" count="1" />
        <bin index="289" start="0.289" width="0.001" count="1" />
        <bin index="323" start="0.323" width="0.001" count="1" />
        <bin index="396" start="0.396" width="0.001" count="1" />
      </jitterHistogram>
      <packetSizeHistogram nBins="5" >
        <bin index="4" start="80" width="20" count="797" />
      </packetSizeHistogram>
      <flowInterruptionsHistogram nBins="3" >
        <bin index="2" start="0.5" width="0.25" count="1" />
      </flowInterruptionsHistogram>
    </Flow>
    <Flow flowId="4" timeFirstTxPacket="+100454044915.0ns" timeFirstRxPacket="+100463627441.0ns" timeLastTxPacket="+199954044915.0ns" timeLastRxPacket="+199954333276.0ns" delaySum="+5434240868.0ns" jitterSum="+4181147251.0ns" lastDelay="+288361.0ns" txBytes="73324" rxBytes="73324" txPackets="797" rxPackets="797" lostPackets="0" timesForwarded="0">
      <delayHistogram nBins="480" >
        <bin index="0" start="0" width="0.001" count="766" />
        <bin index="2" start="0.002" width="0.001" count="1" />
        <bin index="4" start="0.004" width="0.001" count="1" />
        <bin index="5" start="0.005" width="0.001" count="1" />
        <bin index="9" start="0.009" width="0.001" count="1" />
        <bin index="11" start="0.011" width="0.001" count="1" />
        <bin index="29" start="0.029" width="0.001" count="1" />
        <bin index="35" start="0.035" width="0.001" count="2" />
        <bin index="74" start="0.074" width="0.001" count="1" />
        <bin index="75" start="0.075" width="0.001" count="1" />
        <bin index="92" start="0.092" width="0.001" count="1" />
        <bin index="104" start="0.104" width="0.001" count="1" />
        <bin index="105" start="0.105" width="0.001" count="1" />
        <bin index="115" start="0.115" width="0.001" count="1" />
        <bin index="152" start="0.152" width="0.001" count="1" />
        <bin index="159" start="0.159" width="0.001" count="2" />
        <bin index="170" start="0.17" width="0.001" count="1" />
        <bin index="185" start="0.185" width="0.001" count="1" />
        <bin index="194" start="0.194" width="0.001" count="1" />
        <bin index="199" start="0.199" width="0.001" count="1" />
        <bin index="202" start="0.202" width="0.001" count="1" />
        <bin index="227" start="0.227" width="0.001" count="1" />
        <bin index="252" start="0.252" width="0.001" count="1" />
        <bin index="284" start="0.284" width="0.001" count="2" />
        <bin index="311" start="0.311" width="0.001" count="1" />
        <bin index="396" start="0.396" width="0.001" count="1" />
        <bin index="403" start="0.403" width="0.001" count="1" />
        <bin index="448" start="0.448" width="0.001" count="1" />
        <bin index="479" start="0.479" width="0.001" count="1" />
      </delayHistogram>
      <jitterHistogram nBins="479" >
        <bin index="0" start="0" width="0.001" count="758" />
        <bin index="1" start="0.001" width="0.001" count="1" />
        <bin index="4" start="0.004" width="0.001" count="1" />
        <bin index="5" start="0.005" width="0.001" count="1" />
        <bin index="9" start="0.009" width="0.001" count="2" />
        <bin index="10" start="0.01" width="0.001" count="1" />
        <bin index="28" start="0.028" width="0.001" count="1" />
        <bin index="29" start="0.029" width="0.001" count="1" />
        <bin index="35" start="0.035" width="0.001" count="2" />
        <bin index="51" start="0.051" width="0.001" count="1" />
        <bin index="74" start="0.074" width="0.001" count="1" />
        <bin index="75" start="0.075" width="0.001" count="2" />
        <bin index="84" start="0.084" width="0.001" count="1" />
        <bin index="86" start="0.086" width="0.001" count="1" />
        <bin index="87" start="0.087" width="0.001" count="1" />
        <bin index="94" start="0.094" width="0.001" count="1" />
        <bin index="100" start="0.1" width="0.001" count="1" />
        <bin index="101" start="0.101" width="0.001" count="1" />
        <bin index="102" start="0.102" width="0.001" count="1" />
        <bin index="109" start="0.109" width="0.001" count="1" />
        <bin index="110" start="0.11" width="0.001" count="1" />
        <bin index="112" start="0.112" width="0.001" count="1" />
        <bin index="114" start="0.114" width="0.001" count="1" />
        <bin index="119" start="0.119" width="0.001" count="1" />
        <bin index="121" start="0.121" width="0.001" count="1" />
        <bin index="122" start="0.122" width="0.001" count="1" />
        <bin index="123" start="0.123" width="0.001" count="1" />
        <bin index="124" start="0.124" width="0.001" count="3" />
        <bin index="170" start="0.17" width="0.001" count="1" />
        <bin index="177" start="0.177" width="0.001" count="1" />
        <bin index="183" start="0.183" width="0.001" count="1" />
        <bin index="311" start="0.311" width="0.001" count="1" />
        <bin index="448" start="0.448" width="0.001" count="1" />
        <bin index="478" start="0.478" width="0.001" count="1" />
      </jitterHistogram>
      <packetSizeHistogram nBins="5" >
        <bin index="4" start="80" width="20" count="797" />
      </packetSizeHistogram>
      <flowInterruptionsHistogram nBins="3" >
        <bin index="2" start="0.5" width="0.25" count="2" />
      </flowInterruptionsHistogram>
    </Flow>
    <Flow flowId="5" timeFirstTxPacket="+100459054896.0ns" timeFirstRxPacket="+100468953408.0ns" timeLastTxPacket="+199959054896.0ns" timeLastRxPacket="+199959342274.0ns" delaySum="+4290155087.0ns" jitterSum="+3488099778.0ns" lastDelay="+287378.0ns" txBytes="73324" rxBytes="73324" txPackets="797" rxPackets="797" lostPackets="0" timesForwarded="0">
      <delayHistogram nBins="441" >
        <bin index="0" start="0" width="0.001" count="767" />
        <bin index="2" start="0.002" width="0.001" count="2" />
        <bin index="5" start="0.005" width="0.001" count="1" />
        <bin index="9" start="0.009" width="0.001" count="2" />
        <bin index="11" start="0.011" width="0.001" count="1" />
        <bin index="14" start="0.014" width="0.001" count="1" />
        <bin index="22" start="0.022" width="0.001" count="1" />
        <bin index="31" start="0.031" width="0.001" count="1" />
        <bin index="57" start="0.057" width="0.001" count="1" />
        <bin index="67" start="0.067" width="0.001" count="1" />
        <bin index="78" start="0.078" width="0.001" count="1" />
        <bin index="81" start="0.081" width="0.001" count="1" />
        <bin index="105" start="0.105" width="0.001" count="1" />
        <bin index="132" start="0.132" width="0.001" count="1" />
        <bin index="134" start="0.134" width="0.001" count="1" />
        <bin index="135" start="0.135" width="0.001" count="1" />
        <bin index="145" start="0.145" width="0.001" count="1" />
        <bin index="175" start="0.175" width="0.001" count="1" />
        <bin index="183" start="0.183" width="0.001" count="1" />
        <bin index="194" start="0.194" width="0.001" count="1" />
        <bin index="205" start="0.205" width="0.001" count="1" />
        <bin index="213" start="0.213" width="0.001" count="1" />
        <bin index="215" start="0.215" width="0.001" count="1" />
        <bin index="223" start="0.223" width="0.001" count="1" />
        <bin index="254" start="0.254" width="0.001" count="1" />
        <bin index="260" start="0.26" width="0.001" count="1" />
        <bin index="281" start="0.281" width="0.001" count="1" />
        <bin index="373" start="0.373" width="0.001" count="1" />
        <bin index="440" start="0.44" width="0.001" count="1" />
      </delayHistogram>
      <jitterHistogram nBins="440" >
        <bin index="0" start="0" width="0.001" count="759" />
        <bin index="1" start="0.001" width="0.001" count="1" />
        <bin index="2" start="0.002" width="0.001" count="2" />
        <bin index="5" start="0.005" width="0.001" count="1" />
        <bin index="8" start="0.008" width="0.001" count="1" />
        <bin index="9" start="0.009" width="0.001" count="2" />
        <bin index="11" start="0.011" width="0.001" count="2" />
        <bin index="19" start="0.019" width="0.001" count="1" />
        <bin index="22" start="0.022" width="0.001" count="1" />
        <bin index="31" start="0.031" width="0.001" count="1" />
        <bin index="37" start="0.037" width="0.001" count="1" />
        <bin index="57" start="0.057" width="0.001" count="1" />
        <bin index="64" start="0.064" width="0.001" count="1" />
        <bin index="67" start="0.067" width="0.001" count="1" />
        <bin index="68" start="0.068" width="0.001" count="1" />
        <bin index="78" start="0.078" width="0.001" count="1" />
        <bin index="81" start="0.081" width="0.001" count="1" />
        <bin index="98" start="0.098" width="0.001" count="1" />
        <bin index="99" start="0.099" width="0.001" count="1" />
        <bin index="115" start="0.115" width="0.001" count="1" />
        <bin index="116" start="0.116" width="0.001" count="1" />
        <bin index="117" start="0.117" width="0.001" count="1" />
        <bin index="118" start="0.118" width="0.001" count="1" />
        <bin index="120" start="0.12" width="0.001" count="2" />
        <bin index="122" start="0.122" width="0.001" count="2" />
        <bin index="123" start="0.123" width="0.001" count="1" />
        <bin index="125" start="0.125" width="0.001" count="1" />
        <bin index="157" start="0.157" width="0.001" count="1" />
        <bin index="174" start="0.174" width="0.001" count="1" />
        <bin index="182" start="0.182" width="0.001" count="1" />
        <bin index="260" start="0.26" width="0.001" count="1" />
        <bin index="281" start="0.281" width="0.001" count="1" />
        <bin index="439" start="0.439" width="0.001" count="1" />
      </jitterHistogram>
      <packetSizeHistogram nBins="5" >
        <bin index="4" start="80" width="20" count="797" />
      </packetSizeHistogram>
      <flowInterruptionsHistogram nBins="3" >
        <bin index="2" start="0.5" width="0.25" count="1" />
      </flowInterruptionsHistogram>
    </Flow>
    <Flow flowId="6" timeFirstTxPacket="+100471832416.0ns" timeFirstRxPacket="+100480552576.0ns" timeLastTxPacket="+199971832416.0ns" timeLastRxPacket="+199972119139.0ns" delaySum="+4605951466.0ns" jitterSum="+3676811981.0ns" lastDelay="+286723.0ns" txBytes="73324" rxBytes="73324" txPackets="797" rxPackets="797" lostPackets="0" timesForwarded="0">
      <delayHistogram nBins="464" >
        <bin index="0" start="0" width="0.001" count="767" />
        <bin index="1" start="0.001" width="0.001" count="3" />
        <bin index="8" start="0.008" width="0.001" count="1" />
        <bin index="9" start="0.009" width="0.001" count="2" />
        <bin index="22" start="0.022" width="0.001" count="1" />
        <bin index="28" start="0.028" width="0.001" count="1" />
        <bin index="59" start="0.059" width="0.001" count="1" />
        <bin index="65" start="0.065" width="0.001" count="1" />
        <bin index="69" start="0.069" width="0.001" count="1" />
        <bin index="77" start="0.077" width="0.001" count="1" />
        <bin index="84" start="0.084" width="0.001" count="1" />
        <bin index="110" start="0.11" width="0.001" count="1" />
        <bin index="117" start="0.117" width="0.001" count="1" />
        <bin index="129" start="0.129" width="0.001" count="1" />
        <bin index="133" start="0.133" width="0.001" count="1" />
        <bin index="137" start="0.137" width="0.001" count="1" />
        <bin index="140" start="0.14" width="0.001" count="1" />
        <bin index="168" start="0.168" width="0.001" count="1" />
        <bin index="189" start="0.189" width="0.001" count="1" />
        <bin index="193" start="0.193" width="0.001" count="1" />
        <bin index="194" start="0.194" width="0.001" count="1" />
        <bin index="257" start="0.257" width="0.001" count="1" />
        <bin index="300" start="0.3" width="0.001" count="1" />
        <bin index="303" start="0.303" width="0.001" count="1" />
        <bin index="346" start="0.346" width="0.001" count="1" />
        <bin index="371" start="0.371" width="0.001" count="1" />
        <bin index="386" start="0.386" width="0.001" count="1" />
        <bin index="463" start="0.463" width="0.001" count="1" />
      </delayHistogram>
      <jitterHistogram nBins="464" >
        <bin index="0" start="0" width="0.001" count="761" />
        <bin index="1" start="0.001" width="0.001" count="1" />
        <bin index="8" start="0.008" width="0.001" count="2" />
        <bin index="9" start="0.009" width="0.001" count="1" />
        <bin index="20" start="0.02" width="0.001" count="1" />
        <bin index="22" start="0.022" width="0.001" count="1" />
        <bin index="28" start="0.028" width="0.001" count="1" />
        <bin index="45" start="0.045" width="0.001" count="1" />
        <bin index="56" start="0.056" width="0.001" count="1" />
        <bin index="57" start="0.057" width="0.001" count="1" />
        <bin index="59" start="0.059" width="0.001" count="1" />
        <bin index="64" start="0.064" width="0.001" count="2" />
        <bin index="68" start="0.068" width="0.001" count="1" />
        <bin index="76" start="0.076" width="0.001" count="1" />
        <bin index="82" start="0.082" width="0.001" count="1" />
        <bin index="83" start="0.083" width="0.001" count="1" />
        <bin index="90" start="0.09" width="0.001" count="1" />
        <bin index="91" start="0.091" width="0.001" count="1" />
        <bin index="106" start="0.106" width="0.001" count="1" />
        <bin index="110" start="0.11" width="0.001" count="1" />
        <bin index="111" start="0.111" width="0.001" count="1" />
        <bin index="113" start="0.113" width="0.001" count="1" />
        <bin index="114" start="0.114" width="0.001" count="2" />
        <bin index="115" start="0.115" width="0.001" count="1" />
        <bin index="120" start="0.12" width="0.001" count="1" />
        <bin index="123" start="0.123" width="0.001" count="1" />
        <bin index="124" start="0.124" width="0.001" count="3" />
        <bin index="134" start="0.134" width="0.001" count="1" />
        <bin index="346" start="0.346" width="0.001" count="1" />
        <bin index="385" start="0.385" width="0.001" count="1" />
        <bin index="463" start="0.463" width="0.001" count="1" />
      </jitterHistogram>
      <packetSizeHistogram nBins="5" >
        <bin index="4" start="80" width="20" count="797" />
      </packetSizeHistogram>
      <flowInterruptionsHistogram nBins="3" >
        <bin index="2" start="0.5" width="0.25" count="2" />
      </flowInterruptionsHistogram>
    </Flow>
    <Flow flowId="7" timeFirstTxPacket="+100642345429.0ns" timeFirstRxPacket="+100646767211.0ns" timeLastTxPacket="+199892345429.0ns" timeLastRxPacket="+199892631857.0ns" delaySum="+3706741842.0ns" jitterSum="+3253213764.0ns" lastDelay="+286428.0ns" txBytes="73140" rxBytes="73140" txPackets="795" rxPackets="795" lostPackets="0" timesForwarded="0">
      <delayHistogram nBins="350" >
        <bin index="0" start="0" width="0.001" count="765" />
        <bin index="1" start="0.001" width="0.001" count="1" />
        <bin index="2" start="0.002" width="0.001" count="1" />
        <bin index="4" start="0.004" width="0.001" count="1" />
        <bin index="7" start="0.007" width="0.001" count="1" />
        <bin index="8" start="0.008" width="0.001" count="1" />
        <bin index="9" start="0.009" width="0.001" count="1" />
        <bin index="20" start="0.02" width="0.001" count="1" />
        <bin index="31" start="0.031" width="0.001" count="1" />
        <bin index="36" start="0.036" width="0.001" count="1" />
        <bin index="50" start="0.05" width="0.001" count="1" />
        <bin index="53" start="0.053" width="0.001" count="1" />
        <bin index="68" start="0.068" width="0.001" count="1" />
        <bin index="74" start="0.074" width="0.001" count="1" />
        <bin index="97" start="0.097" width="0.001" count="1" />
        <bin index="102" start="0.102" width="0.001" count="1" />
        <bin index="112" start="0.112" width="0.001" count="1" />
        <bin index="128" start="0.128" width="0.001" count="1" />
        <bin index="130" start="0.13" width="0.001" count="1" />
        <bin index="137" start="0.137" width="0.001" count="1" />
        <bin index="141" start="0.141" width="0.001" count="1" />
        <bin index="153" start="0.153" width="0.001" count="1" />
        <bin index="161" start="0.161" width="0.001" count="1" />
        <bin index="198" start="0.198" width="0.001" count="1" />
        <bin index="217" start="0.217" width="0.001" count="1" />
        <bin index="220" start="0.22" width="0.001" count="1" />
        <bin index="225" start="0.225" width="0.001" count="1" />
        <bin index="244" start="0.244" width="0.001" count="1" />
        <bin index="249" start="0.249" width="0.001" count="2" />
        <bin index="349" start="0.349" width="0.001" count="1" />
      </delayHistogram>
      <jitterHistogram nBins="350" >
        <bin index="0" start="0" width="0.001" count="757" />
        <bin index="1" start="0.001" width="0.001" count="1" />
        <bin index="2" start="0.002" width="0.001" count="1" />
        <bin index="4" start="0.004" width="0.001" count="2" />
        <bin index="7" start="0.007" width="0.001" count="2" />
        <bin index="9" start="0.009" width="0.001" count="1" />
        <bin index="19" start="0.019" width="0.001" count="1" />
        <bin index="31" start="0.031" width="0.001" count="1" />
        <bin index="35" start="0.035" width="0.001" count="1" />
        <bin index="50" start="0.05" width="0.001" count="1" />
        <bin index="52" start="0.052" width="0.001" count="1" />
        <bin index="61" start="0.061" width="0.001" count="1" />
        <bin index="66" start="0.066" width="0.001" count="1" />
        <bin index="71" start="0.071" width="0.001" count="1" />
        <bin index="73" start="0.073" width="0.001" count="1" />
        <bin index="86" start="0.086" width="0.001" count="1" />
        <bin index="87" start="0.087" width="0.001" count="2" />
        <bin index="88" start="0.088" width="0.001" count="2" />
        <bin index="91" start="0.091" width="0.001" count="1" />
        <bin index="100" start="0.1" width="0.001" count="1" />
        <bin index="101" start="0.101" width="0.001" count="1" />
        <bin index="105" start="0.105" width="0.001" count="1" />
        <bin index="111" start="0.111" width="0.001" count="1" />
        <bin index="116" start="0.116" width="0.001" count="1" />
        <bin index="118" start="0.118" width="0.001" count="1" />
        <bin index="120" start="0.12" width="0.001" count="1" />
        <bin index="121" start="0.121" width="0.001" count="1" />
        <bin index="122" start="0.122" width="0.001" count="1" />
        <bin index="123" start="0.123" width="0.001" count="1" />
        <bin index="142" start="0.142" width="0.001" count="1" />
        <bin index="166" start="0.166" width="0.001" count="1" />
        <bin index="196" start="0.196" width="0.001" count="1" />
        <bin index="224" start="0.224" width="0.001" count="1" />
        <bin index="349" start="0.349" width="0.001" count="1" />
      </jitterHistogram>
      <packetSizeHistogram nBins="5" >
        <bin index="4" start="80" width="20" count="795" />
      </packetSizeHistogram>
      <flowInterruptionsHistogram nBins="0" >
      </flowInterruptionsHistogram>
    </Flow>
    <Flow flowId="8" timeFirstTxPacket="+100759855346.0ns" timeFirstRxPacket="+100770536073.0ns" timeLastTxPacket="+199884855346.0ns" timeLastRxPacket="+199885142118.0ns" delaySum="+6246477762.0ns" jitterSum="+5538290945.0ns" lastDelay="+286772.0ns" txBytes="73048" rxBytes="73048" txPackets="794" rxPackets="794" lostPackets="0" timesForwarded="2">
      <delayHistogram nBins="496" >
        <bin index="0" start="0" width="0.001" count="765" />
        <bin index="2" start="0.002" width="0.001" count="1" />
        <bin index="10" start="0.01" width="0.001" count="1" />
        <bin index="38" start="0.038" width="0.001" count="1" />
        <bin index="51" start="0.051" width="0.001" count="1" />
        <bin index="68" start="0.068" width="0.001" count="1" />
        <bin index="78" start="0.078" width="0.001" count="1" />
        <bin index="93" start="0.093" width="0.001" count="1" />
        <bin index="96" start="0.096" width="0.001" count="1" />
        <bin index="97" start="0.097" width="0.001" count="1" />
        <bin index="102" start="0.102" width="0.001" count="1" />
        <bin index="111" start="0.111" width="0.001" count="1" />
        <bin index="117" start="0.117" width="0.001" count="1" />
        <bin index="148" start="0.148" width="0.001" count="1" />
        <bin index="173" start="0.173" width="0.001" count="1" />
        <bin index="181" start="0.181" width="0.001" count="1" />
        <bin index="213" start="0.213" width="0.001" count="1" />
        <bin index="217" start="0.217" width="0.001" count="2" />
        <bin index="235" start="0.235" width="0.001" count="1" />
        <bin index="252" start="0.252" width="0.001" count="1" />
        <bin index="283" start="0.283" width="0.001" count="1" />
        <bin index="334" start="0.334" width="0.001" count="1" />
        <bin index="339" start="0.339" width="0.001" count="1" />
        <bin index="344" start="0.344" width="0.001" count="1" />
        <bin index="403" start="0.403" width="0.001" count="1" />
        <bin index="417" start="0.417" width="0.001" count="1" />
        <bin index="420" start="0.42" width="0.001" count="1" />
        <bin index="478" start="0.478" width="0.001" count="1" />
        <bin index="495" start="0.495" width="0.001" count="1" />
      </delayHistogram>
      <jitterHistogram nBins="495" >
        <bin index="0" start="0" width="0.001" count="757" />
        <bin index="1" start="0.001" width="0.001" count="1" />
        <bin index="10" start="0.01" width="0.001" count="1" />
        <bin index="38" start="0.038" width="0.001" count="1" />
        <bin index="50" start="0.05" width="0.001" count="1" />
        <bin index="66" start="0.066" width="0.001" count="1" />
        <bin index="68" start="0.068" width="0.001" count="1" />
        <bin index="72" start="0.072" width="0.001" count="1" />
        <bin index="78" start="0.078" width="0.001" count="1" />
        <bin index="79" start="0.079" width="0.001" count="1" />
        <bin index="92" start="0.092" width="0.001" count="1" />
        <bin index="95" start="0.095" width="0.001" count="1" />
        <bin index="96" start="0.096" width="0.001" count="1" />
        <bin index="101" start="0.101" width="0.001" count="1" />
        <bin index="103" start="0.103" width="0.001" count="1" />
        <bin index="109" start="0.109" width="0.001" count="1" />
        <bin index="110" start="0.11" width="0.001" count="2" />
        <bin index="113" start="0.113" width="0.001" count="1" />
        <bin index="115" start="0.115" width="0.001" count="1" />
        <bin index="117" start="0.117" width="0.001" count="2" />
        <bin index="121" start="0.121" width="0.001" count="2" />
        <bin index="122" start="0.122" width="0.001" count="1" />
        <bin index="123" start="0.123" width="0.001" count="2" />
        <bin index="137" start="0.137" width="0.001" count="1" />
        <bin index="155" start="0.155" width="0.001" count="1" />
        <bin index="173" start="0.173" width="0.001" count="1" />
        <bin index="246" start="0.246" width="0.001" count="1" />
        <bin index="283" start="0.283" width="0.001" count="1" />
        <bin index="381" start="0.381" width="0.001" count="1" />
        <bin index="402" start="0.402" width="0.001" count="1" />
        <bin index="417" start="0.417" width="0.001" count="1" />
        <bin index="477" start="0.477" width="0.001" count="1" />
        <bin index="494" start="0.494" width="0.001" count="1" />
      </jitterHistogram>
      <packetSizeHistogram nBins="5" >
        <bin index="4" start="80" width="20" count="794" />
      </packetSizeHistogram>
      <flowInterruptionsHistogram nBins="3" >
        <bin index="2" start="0.5" width="0.25" count="4" />
      </flowInterruptionsHistogram>
    </Flow>
    <Flow flowId="9" timeFirstTxPacket="+100895734582.0ns" timeFirstRxPacket="+100900134498.0ns" timeLastTxPacket="+199895734582.0ns" timeLastRxPacket="+199896020993.0ns" delaySum="+4653598119.0ns" jitterSum="+3655873127.0ns" lastDelay="+286411.0ns" txBytes="72956" rxBytes="72956" txPackets="793" rxPackets="793" lostPackets="0" timesForwarded="0">
      <delayHistogram nBins="421" >
        <bin index="0" start="0" width="0.001" count="765" />
        <bin index="1" start="0.001" width="0.001" count="1" />
        <bin index="2" start="0.002" width="0.001" count="1" />
        <bin index="4" start="0.004" width="0.001" count="1" />
        <bin index="7" start="0.007" width="0.001" count="1" />
        <bin index="23" start="0.023" width="0.001" count="1" />
        <bin index="44" start="0.044" width="0.001" count="1" />
        <bin index="59" start="0.059" width="0.001" count="1" />
        <bin index="63" start="0.063" width="0.001" count="1" />
        <bin index="64" start="0.064" width="0.001" count="1" />
        <bin index="88" start="0.088" width="0.001" count="1" />
        <bin index="98" start="0.098" width="0.001" count="1" />
        <bin index="106" start="0.106" width="0.001" count="1" />
        <bin index="112" start="0.112" width="0.001" count="1" />
        <bin index="128" start="0.128" width="0.001" count="1" />
        <bin index="147" start="0.147" width="0.001" count="1" />
        <bin index="167" start="0.167" width="0.001" count="1" />
        <bin index="178" start="0.178" width="0.001" count="1" />
        <bin index="180" start="0.18" width="0.001" count="1" />
        <bin index="181" start="0.181" width="0.001" count="1" />
        <bin index="200" start="0.2" width="0.001" count="1" />
        <bin index="216" start="0.216" width="0.001" count="1" />
        <bin index="263" start="0.263" width="0.001" count="1" />
        <bin index="286" start="0.286" width="0.001" count="1" />
        <bin index="290" start="0.29" width="0.001" count="1" />
        <bin index="301" start="0.301" width="0.001" count="1" />
        <bin index="389" start="0.389" width="0.001" count="1" />
        <bin index="401" start="0.401" width="0.001" count="1" />
        <bin index="420" start="0.42" width="0.001" count="1" />
      </delayHistogram>
      <jitterHistogram nBins="421" >
        <bin index="0" start="0" width="0.001" count="757" />
        <bin index="1" start="0.001" width="0.001" count="1" />
        <bin index="2" start="0.002" width="0.001" count="1" />
        <bin index="4" start="0.004" width="0.001" count="1" />
        <bin index="6" start="0.006" width="0.001" count="1" />
        <bin index="18" start="0.018" width="0.001" count="1" />
        <bin index="22" start="0.022" width="0.001" count="1" />
        <bin index="23" start="0.023" width="0.001" count="1" />
        <bin index="26" start="0.026" width="0.001" count="1" />
        <bin index="43" start="0.043" width="0.001" count="1" />
        <bin index="59" start="0.059" width="0.001" count="1" />
        <bin index="61" start="0.061" width="0.001" count="1" />
        <bin index="63" start="0.063" width="0.001" count="2" />
        <bin index="68" start="0.068" width="0.001" count="2" />
        <bin index="87" start="0.087" width="0.001" count="1" />
        <bin index="98" start="0.098" width="0.001" count="1" />
        <bin index="100" start="0.1" width="0.001" count="1" />
        <bin index="103" start="0.103" width="0.001" count="1" />
        <bin index="106" start="0.106" width="0.001" count="1" />
        <bin index="109" start="0.109" width="0.001" count="1" />
        <bin index="112" start="0.112" width="0.001" count="2" />
        <bin index="116" start="0.116" width="0.001" count="2" />
        <bin index="117" start="0.117" width="0.001" count="1" />
        <bin index="118" start="0.118" width="0.001" count="1" />
        <bin index="120" start="0.12" width="0.001" count="1" />
        <bin index="123" start="0.123" width="0.001" count="1" />
        <bin index="124" start="0.124" width="0.001" count="1" />
        <bin index="174" start="0.174" width="0.001" count="1" />
        <bin index="178" start="0.178" width="0.001" count="1" />
        <bin index="290" start="0.29" width="0.001" count="1" />
        <bin index="388" start="0.388" width="0.001" count="1" />
        <bin index="420" start="0.42" width="0.001" count="1" />
      </jitterHistogram>
      <packetSizeHistogram nBins="5" >
        <bin index="4" start="80" width="20" count="793" />
      </packetSizeHistogram>
      <flowInterruptionsHistogram nBins="3" >
        <bin index="2" start="0.5" width="0.25" count="2" />
      </flowInterruptionsHistogram>
    </Flow>
    <Flow flowId="10" timeFirstTxPacket="+101049626889.0ns" timeFirstRxPacket="+101051945497.0ns" timeLastTxPacket="+199924626889.0ns" timeLastRxPacket="+199924913914.0ns" delaySum="+4197222101.0ns" jitterSum="+3374642915.0ns" lastDelay="+287025.0ns" txBytes="72864" rxBytes="72864" txPackets="792" rxPackets="792" lostPackets="0" timesForwarded="0">
      <delayHistogram nBins="420" >
        <bin index="0" start="0" width="0.001" count="765" />
        <bin index="1" start="0.001" width="0.001" count="1" />
        <bin index="2" start="0.002" width="0.001" count="1" />
        <bin index="4" start="0.004" width="0.001" count="1" />
        <bin index="6" start="0.006" width="0.001" count="1" />
        <bin index="27" start="0.027" width="0.001" count="1" />
        <bin index="48" start="0.048" width="0.001" count="1" />
        <bin index="49" start="0.049" width="0.001" count="1" />
        <bin index="75" start="0.075" width="0.001" count="1" />
        <bin index="86" start="0.086" width="0.001" count="1" />
        <bin index="99" start="0.099" width="0.001" count="1" />
        <bin index="120" start="0.12" width="0.001" count="1" />
        <bin index="128" start="0.128" width="0.001" count="1" />
        <bin index="137" start="0.137" width="0.001" count="1" />
        <bin index="143" start="0.143" width="0.001" count="1" />
        <bin index="147" start="0.147" width="0.001" count="1" />
        <bin index="160" start="0.16" width="0.001" count="1" />
        <bin index="161" start="0.161" width="0.001" count="1" />
        <bin index="162" start="0.162" width="0.001" count="1" />
        <bin index="168" start="0.168" width="0.001" count="1" />
        <bin index="193" start="0.193" width="0.001" count="1" />
        <bin index="194" start="0.194" width="0.001" count="1" />
        <bin index="224" start="0.224" width="0.001" count="1" />
        <bin index="251" start="0.251" width="0.001" count="1" />
        <bin index="264" start="0.264" width="0.001" count="1" />
        <bin index="331" start="0.331" width="0.001" count="1" />
        <bin index="365" start="0.365" width="0.001" count="1" />
        <bin index="419" start="0.419" width="0.001" count="1" />
      </delayHistogram>
      <jitterHistogram nBins="420" >
        <bin index="0" start="0" width="0.001" count="757" />
        <bin index="1" start="0.001" width="0.001" count="2" />
        <bin index="2" start="0.002" width="0.001" count="1" />
        <bin index="4" start="0.004" width="0.001" count="1" />
        <bin index="6" start="0.006" width="0.001" count="1" />
        <bin index="24" start="0.024" width="0.001" count="1" />
        <bin index="27" start="0.027" width="0.001" count="1" />
        <bin index="46" start="0.046" width="0.001" count="1" />
        <bin index="47" start="0.047" width="0.001" count="1" />
        <bin index="48" start="0.048" width="0.001" count="1" />
        <bin index="54" start="0.054" width="0.001" count="1" />
        <bin index="63" start="0.063" width="0.001" count="1" />
        <bin index="70" start="0.07" width="0.001" count="1" />
        <bin index="75" start="0.075" width="0.001" count="1" />
        <bin index="80" start="0.08" width="0.001" count="1" />
        <bin index="86" start="0.086" width="0.001" count="1" />
        <bin index="87" start="0.087" width="0.001" count="1" />
        <bin index="98" start="0.098" width="0.001" count="1" />
        <bin index="100" start="0.1" width="0.001" count="1" />
        <bin index="104" start="0.104" width="0.001" count="1" />
        <bin index="113" start="0.113" width="0.001" count="1" />
        <bin index="115" start="0.115" width="0.001" count="1" />
        <bin index="119" start="0.119" width="0.001" count="3" />
        <bin index="121" start="0.121" width="0.001" count="2" />
        <bin index="122" start="0.122" width="0.001" count="1" />
        <bin index="137" start="0.137" width="0.001" count="1" />
        <bin index="147" start="0.147" width="0.001" count="1" />
        <bin index="159" start="0.159" width="0.001" count="1" />
        <bin index="193" start="0.193" width="0.001" count="1" />
        <bin index="331" start="0.331" width="0.001" count="1" />
        <bin index="419" start="0.419" width="0.001" count="1" />
      </jitterHistogram>
      <packetSizeHistogram nBins="5" >
        <bin index="4" start="80" width="20" count="792" />
      </packetSizeHistogram>
      <flowInterruptionsHistogram nBins="3" >
        <bin index="2" start="0.5" width="0.25" count="1" />
      </flowInterruptionsHistogram>
    </Flow>
  </FlowStats>
  <Ipv4FlowClassifier>
    <Flow flowId="2" sourceAddress="10.1.1.11" destinationAddress="10.1.1.1" protocol="17" sourcePort="49153" destinationPort="9">
      <Dscp value="0x0" packets="797" />
    </Flow>
    <Flow flowId="7" sourceAddress="10.1.1.12" destinationAddress="10.1.1.2" protocol="17" sourcePort="49153" destinationPort="9">
      <Dscp value="0x0" packets="795" />
    </Flow>
    <Flow flowId="4" sourceAddress="10.1.1.13" destinationAddress="10.1.1.3" protocol="17" sourcePort="49153" destinationPort="9">
      <Dscp value="0x0" packets="797" />
    </Flow>
    <Flow flowId="3" sourceAddress="10.1.1.14" destinationAddress="10.1.1.4" protocol="17" sourcePort="49153" destinationPort="9">
      <Dscp value="0x0" packets="797" />
    </Flow>
    <Flow flowId="1" sourceAddress="10.1.1.15" destinationAddress="10.1.1.5" protocol="17" sourcePort="49153" destinationPort="9">
      <Dscp value="0x0" packets="799" />
    </Flow>
    <Flow flowId="9" sourceAddress="10.1.1.16" destinationAddress="10.1.1.6" protocol="17" sourcePort="49153" destinationPort="9">
      <Dscp value="0x0" packets="793" />
    </Flow>
    <Flow flowId="8" sourceAddress="10.1.1.17" destinationAddress="10.1.1.7" protocol="17" sourcePort="49153" destinationPort="9">
      <Dscp value="0x0" packets="794" />
    </Flow>
    <Flow flowId="10" sourceAddress="10.1.1.18" destinationAddress="10.1.1.8" protocol="17" sourcePort="49153" destinationPort="9">
      <Dscp value="0x0" packets="792" />
    </Flow>
    <Flow flowId="6" sourceAddress="10.1.1.19" destinationAddress="10.1.1.9" protocol="17" sourcePort="49153" destinationPort="9">
      <Dscp value="0x0" packets="797" />
    </Flow>
    <Flow flowId="5" sourceAddress="10.1.1.20" destinationAddress="10.1.1.10" protocol="17" sourcePort="49153" destinationPort="9">
      <Dscp value="0x0" packets="797" />
    </Flow>
  </Ipv4FlowClassifier>
  <Ipv6FlowClassifier>
  </Ipv6FlowClassifier>
  <FlowProbes>
    <FlowProbe index="0">
      <FlowStats  flowId="2" packets="797" bytes="73324" delayFromFirstProbeSum="+3802940579.0ns" >
      </FlowStats>
    </FlowProbe>
    <FlowProbe index="1">
    </FlowProbe>
    <FlowProbe index="2">
      <FlowStats  flowId="7" packets="795" bytes="73140" delayFromFirstProbeSum="+3706741842.0ns" >
      </FlowStats>
    </FlowProbe>
    <FlowProbe index="3">
    </FlowProbe>
    <FlowProbe index="4">
      <FlowStats  flowId="4" packets="797" bytes="73324" delayFromFirstProbeSum="+5434240868.0ns" >
      </FlowStats>
    </FlowProbe>
    <FlowProbe index="5">
    </FlowProbe>
    <FlowProbe index="6">
      <FlowStats  flowId="3" packets="797" bytes="73324" delayFromFirstProbeSum="+4159701241.0ns" >
      </FlowStats>
      <FlowStats  flowId="8" packets="1" bytes="92" delayFromFirstProbeSum="+414325182.0ns" >
      </FlowStats>
    </FlowProbe>
    <FlowProbe index="7">
    </FlowProbe>
    <FlowProbe index="8">
      <FlowStats  flowId="1" packets="799" bytes="73508" delayFromFirstProbeSum="+6316497542.0ns" >
      </FlowStats>
    </FlowProbe>
    <FlowProbe index="9">
    </FlowProbe>
    <FlowProbe index="10">
      <FlowStats  flowId="8" packets="1" bytes="92" delayFromFirstProbeSum="+472380832.0ns" >
      </FlowStats>
      <FlowStats  flowId="9" packets="793" bytes="72956" delayFromFirstProbeSum="+4653598119.0ns" >
      </FlowStats>
    </FlowProbe>
    <FlowProbe index="11">
    </FlowProbe>
    <FlowProbe index="12">
      <FlowStats  flowId="8" packets="794" bytes="73048" delayFromFirstProbeSum="+6246477762.0ns" >
      </FlowStats>
    </FlowProbe>
    <FlowProbe index="13">
    </FlowProbe>
    <FlowProbe index="14">
      <FlowStats  flowId="10" packets="792" bytes="72864" delayFromFirstProbeSum="+4197222101.0ns" >
      </FlowStats>
    </FlowProbe>
    <FlowProbe index="15">
    </FlowProbe>
    <FlowProbe index="16">
      <FlowStats  flowId="6" packets="797" bytes="73324" delayFromFirstProbeSum="+4605951466.0ns" >
      </FlowStats>
    </FlowProbe>
    <FlowProbe index="17">
    </FlowProbe>
    <FlowProbe index="18">
      <FlowStats  flowId="5" packets="797" bytes="73324" delayFromFirstProbeSum="+4290155087.0ns" >
      </FlowStats>
    </FlowProbe>
    <FlowProbe index="19">
    </FlowProbe>
    <FlowProbe index="20">
      <FlowStats  flowId="2" packets="797" bytes="73324" delayFromFirstProbeSum="+0.0ns" >
      </FlowStats>
    </FlowProbe>
    <FlowProbe index="21">
    </FlowProbe>
    <FlowProbe index="22">
      <FlowStats  flowId="7" packets="795" bytes="73140" delayFromFirstProbeSum="+0.0ns" >
      </FlowStats>
    </FlowProbe>
    <FlowProbe index="23">
    </FlowProbe>
    <FlowProbe index="24">
      <FlowStats  flowId="4" packets="797" bytes="73324" delayFromFirstProbeSum="+0.0ns" >
      </FlowStats>
    </FlowProbe>
    <FlowProbe index="25">
    </FlowProbe>
    <FlowProbe index="26">
      <FlowStats  flowId="3" packets="797" bytes="73324" delayFromFirstProbeSum="+0.0ns" >
      </FlowStats>
    </FlowProbe>
    <FlowProbe index="27">
    </FlowProbe>
    <FlowProbe index="28">
      <FlowStats  flowId="1" packets="799" bytes="73508" delayFromFirstProbeSum="+0.0ns" >
      </FlowStats>
    </FlowProbe>
    <FlowProbe index="29">
    </FlowProbe>
    <FlowProbe index="30">
      <FlowStats  flowId="9" packets="793" bytes="72956" delayFromFirstProbeSum="+0.0ns" >
      </FlowStats>
    </FlowProbe>
    <FlowProbe index="31">
    </FlowProbe>
    <FlowProbe index="32">
      <FlowStats  flowId="8" packets="794" bytes="73048" delayFromFirstProbeSum="+0.0ns" >
      </FlowStats>
    </FlowProbe>
    <FlowProbe index="33">
    </FlowProbe>
    <FlowProbe index="34">
      <FlowStats  flowId="10" packets="792" bytes="72864" delayFromFirstProbeSum="+0.0ns" >
      </FlowStats>
    </FlowProbe>
    <FlowProbe index="35">
    </FlowProbe>
    <FlowProbe index="36">
      <FlowStats  flowId="6" packets="797" bytes="73324" delayFromFirstProbeSum="+0.0ns" >
      </FlowStats>
    </FlowProbe>
    <FlowProbe index="37">
    </FlowProbe>
    <FlowProbe index="38">
      <FlowStats  flowId="5" packets="797" bytes="73324" delayFromFirstProbeSum="+0.0ns" >
      </FlowStats>
    </FlowProbe>
    <FlowProbe index="39">
    </FlowProbe>
    <FlowProbe index="40">
    </FlowProbe>
    <FlowProbe index="41">
    </FlowProbe>
    <FlowProbe index="42">
    </FlowProbe>
    <FlowProbe index="43">
    </FlowProbe>
    <FlowProbe index="44">
    </FlowProbe>
    <FlowProbe index="45">
    </FlowProbe>
    <FlowProbe index="46">
    </FlowProbe>
    <FlowProbe index="47">
    </FlowProbe>
    <FlowProbe index="48">
    </FlowProbe>
    <FlowProbe index="49">
    </FlowProbe>
    <FlowProbe index="50">
    </FlowProbe>
    <FlowProbe index="51">
    </FlowProbe>
    <FlowProbe index="52">
    </FlowProbe>
    <FlowProbe index="53">
    </FlowProbe>
    <FlowProbe index="54">
    </FlowProbe>
    <FlowProbe index="55">
    </FlowProbe>
    <FlowProbe index="56">
    </FlowProbe>
    <FlowProbe index="57">
    </FlowProbe>
    <FlowProbe index="58">
    </FlowProbe>
    <FlowProbe index="59">
    </FlowProbe>
    <FlowProbe index="60">
    </FlowProbe>
    <FlowProbe index="61">
    </FlowProbe>
    <FlowProbe index="62">
    </FlowProbe>
    <FlowProbe index="63">
    </FlowProbe>
    <FlowProbe index="64">
    </FlowProbe>
    <FlowProbe index="65">
    </FlowProbe>
    <FlowProbe index="66">
    </FlowProbe>
    <FlowProbe index="67">
    </FlowProbe>
    <FlowProbe index="68">
    </FlowProbe>
    <FlowProbe index="69">
    </FlowProbe>
    <FlowProbe index="70">
    </FlowProbe>
    <FlowProbe index="71">
    </FlowProbe>
    <FlowProbe index="72">
    </FlowProbe>
    <FlowProbe index="73">
    </FlowProbe>
    <FlowProbe index="74">
    </FlowProbe>
    <FlowProbe index="75">
    </FlowProbe>
    <FlowProbe index="76">
    </FlowProbe>
    <FlowProbe index="77">
    </FlowProbe>
    <FlowProbe index="78">
    </FlowProbe>
    <FlowProbe index="79">
    </FlowProbe>
    <FlowProbe index="80">
    </FlowProbe>
    <FlowProbe index="81">
    </FlowProbe>
    <FlowProbe index="82">
    </FlowProbe>
    <FlowProbe index="83">
    </FlowProbe>
    <FlowProbe index="84">
    </FlowProbe>
    <FlowProbe index="85">
    </FlowProbe>
    <FlowProbe index="86">
    </FlowProbe>
    <FlowProbe index="87">
    </FlowProbe>
    <FlowProbe index="88">
    </FlowProbe>
    <FlowProbe index="89">
    </FlowProbe>
    <FlowProbe index="90">
    </FlowProbe>
    <FlowProbe index="91">
    </FlowProbe>
    <FlowProbe index="92">
    </FlowProbe>
    <FlowProbe index="93">
    </FlowProbe>
    <FlowProbe index="94">
    </FlowProbe>
    <FlowProbe index="95">
    </FlowProbe>
    <FlowProbe index="96">
    </FlowProbe>
    <FlowProbe index="97">
    </FlowProbe>
    <FlowProbe index="98">
    </FlowProbe>
    <FlowProbe index="99">
    </FlowProbe>
  </FlowProbes>
</FlowMonitor>
