<?xml version="1.0" ?>
<FlowMonitor>
  <FlowStats>
    <Flow flowId="1" timeFirstTxPacket="+100220527457.0ns" timeFirstRxPacket="+109232440714.0ns" timeLastTxPacket="+199970527457.0ns" timeLastRxPacket="+199971410603.0ns" delaySum="+16508834746.0ns" jitterSum="+11723839267.0ns" lastDelay="+883146.0ns" txBytes="73508" rxBytes="36064" txPackets="799" rxPackets="392" lostPackets="362" timesForwarded="477">
      <delayHistogram nBins="1057" >
        <bin index="0" start="0" width="0.001" count="51" />
        <bin index="1" start="0.001" width="0.001" count="80" />
        <bin index="2" start="0.002" width="0.001" count="64" />
        <bin index="3" start="0.003" width="0.001" count="42" />
        <bin index="4" start="0.004" width="0.001" count="25" />
        <bin index="5" start="0.005" width="0.001" count="14" />
        <bin index="6" start="0.006" width="0.001" count="10" />
        <bin index="7" start="0.007" width="0.001" count="8" />
        <bin index="8" start="0.008" width="0.001" count="3" />
        <bin index="9" start="0.009" width="0.001" count="10" />
        <bin index="10" start="0.01" width="0.001" count="3" />
        <bin index="11" start="0.011" width="0.001" count="6" />
        <bin index="12" start="0.012" width="0.001" count="4" />
        <bin index="13" start="0.013" width="0.001" count="3" />
        <bin index="14" start="0.014" width="0.001" count="2" />
        <bin index="16" start="0.016" width="0.001" count="6" />
        <bin index="17" start="0.017" width="0.001" count="2" />
        <bin index="19" start="0.019" width="0.001" count="2" />
        <bin index="20" start="0.02" width="0.001" count="1" />
        <bin index="21" start="0.021" width="0.001" count="2" />
        <bin index="22" start="0.022" width="0.001" count="2" />
        <bin index="24" start="0.024" width="0.001" count="4" />
        <bin index="26" start="0.026" width="0.001" count="2" />
        <bin index="27" start="0.027" width="0.001" count="1" />
        <bin index="28" start="0.028" width="0.001" count="1" />
        <bin index="29" start="0.029" width="0.001" count="2" />
        <bin index="30" start="0.03" width="0.001" count="1" />
        <bin index="31" start="0.031" width="0.001" count="1" />
        <bin index="32" start="0.032" width="0.001" count="1" />
        <bin index="33" start="0.033" width="0.001" count="1" />
        <bin index="34" start="0.034" width="0.001" count="3" />
        <bin index="36" start="0.036" width="0.001" count="3" />
        <bin index="37" start="0.037" width="0.001" count="1" />
        <bin index="38" start="0.038" width="0.001" count="1" />
        <bin index="41" start="0.041" width="0.001" count="1" />
        <bin index="42" start="0.042" width="0.001" count="1" />
        <bin index="43" start="0.043" width="0.001" count="1" />
        <bin index="46" start="0.046" width="0.001" count="1" />
        <bin index="49" start="0.049" width="0.001" count="2" />
        <bin index="51" start="0.051" width="0.001" count="1" />
        <bin index="54" start="0.054" width="0.001" count="1" />
        <bin index="67" start="0.067" width="0.001" count="1" />
        <bin index="70" start="0.07" width="0.001" count="1" />
        <bin index="130" start="0.13" width="0.001" count="1" />
        <bin index="254" start="0.254" width="0.001" count="1" />
        <bin index="325" start="0.325" width="0.001" count="1" />
        <bin index="341" start="0.341" width="0.001" count="1" />
        <bin index="461" start="0.461" width="0.001" count="1" />
        <bin index="556" start="0.556" width="0.001" count="1" />
        <bin index="576" start="0.576" width="0.001" count="1" />
        <bin index="674" start="0.674" width="0.001" count="1" />
        <bin index="680" start="0.68" width="0.001" count="1" />
        <bin index="754" start="0.754" width="0.001" count="1" />
        <bin index="763" start="0.763" width="0.001" count="1" />
        <bin index="772" start="0.772" width="0.001" count="1" />
        <bin index="802" start="0.802" width="0.001" count="1" />
        <bin index="878" start="0.878" width="0.001" count="1" />
        <bin index="897" start="0.897" width="0.001" count="1" />
        <bin index="933" start="0.933" width="0.001" count="1" />
        <bin index="1002" start="1.002" width="0.001" count="1" />
        <bin index="1021" start="1.021" width="0.001" count="1" />
        <bin index="1046" start="1.046" width="0.001" count="1" />
        <bin index="1056" start="1.056" width="0.001" count="1" />
      </delayHistogram>
      <jitterHistogram nBins="1012" >
        <bin index="0" start="0" width="0.001" count="150" />
        <bin index="1" start="0.001" width="0.001" count="52" />
        <bin index="2" start="0.002" width="0.001" count="29" />
        <bin index="3" start="0.003" width="0.001" count="16" />
        <bin index="4" start="0.004" width="0.001" count="16" />
        <bin index="5" start="0.005" width="0.001" count="10" />
        <bin index="6" start="0.006" width="0.001" count="11" />
        <bin index="7" start="0.007" width="0.001" count="4" />
        <bin index="8" start="0.008" width="0.001" count="5" />
        <bin index="9" start="0.009" width="0.001" count="2" />
        <bin index="10" start="0.01" width="0.001" count="9" />
        <bin index="11" start="0.011" width="0.001" count="2" />
        <bin index="12" start="0.012" width="0.001" count="3" />
        <bin index="13" start="0.013" width="0.001" count="2" />
        <bin index="14" start="0.014" width="0.001" count="2" />
        <bin index="15" start="0.015" width="0.001" count="8" />
        <bin index="18" start="0.018" width="0.001" count="2" />
        <bin index="19" start="0.019" width="0.001" count="1" />
        <bin index="20" start="0.02" width="0.001" count="3" />
        <bin index="21" start="0.021" width="0.001" count="4" />
        <bin index="22" start="0.022" width="0.001" count="2" />
        <bin index="23" start="0.023" width="0.001" count="1" />
        <bin index="24" start="0.024" width="0.001" count="3" />
        <bin index="25" start="0.025" width="0.001" count="5" />
        <bin index="26" start="0.026" width="0.001" count="1" />
        <bin index="27" start="0.027" width="0.001" count="1" />
        <bin index="28" start="0.028" width="0.001" count="3" />
        <bin index="29" start="0.029" width="0.001" count="2" />
        <bin index="30" start="0.03" width="0.001" count="2" />
        <bin index="32" start="0.032" width="0.001" count="1" />
        <bin index="33" start="0.033" width="0.001" count="2" />
        <bin index="35" start="0.035" width="0.001" count="1" />
        <bin index="36" start="0.036" width="0.001" count="1" />
        <bin index="38" start="0.038" width="0.001" count="2" />
        <bin index="40" start="0.04" width="0.001" count="1" />
        <bin index="41" start="0.041" width="0.001" count="1" />
        <bin index="46" start="0.046" width="0.001" count="1" />
        <bin index="47" start="0.047" width="0.001" count="2" />
        <bin index="48" start="0.048" width="0.001" count="2" />
        <bin index="53" start="0.053" width="0.001" count="1" />
        <bin index="114" start="0.114" width="0.001" count="1" />
        <bin index="121" start="0.121" width="0.001" count="2" />
        <bin index="123" start="0.123" width="0.001" count="3" />
        <bin index="124" start="0.124" width="0.001" count="3" />
        <bin index="206" start="0.206" width="0.001" count="1" />
        <bin index="207" start="0.207" width="0.001" count="1" />
        <bin index="251" start="0.251" width="0.001" count="1" />
        <bin index="283" start="0.283" width="0.001" count="1" />
        <bin index="313" start="0.313" width="0.001" count="1" />
        <bin index="337" start="0.337" width="0.001" count="1" />
        <bin index="372" start="0.372" width="0.001" count="1" />
        <bin index="376" start="0.376" width="0.001" count="1" />
        <bin index="461" start="0.461" width="0.001" count="1" />
        <bin index="554" start="0.554" width="0.001" count="1" />
        <bin index="670" start="0.67" width="0.001" count="1" />
        <bin index="753" start="0.753" width="0.001" count="1" />
        <bin index="768" start="0.768" width="0.001" count="1" />
        <bin index="878" start="0.878" width="0.001" count="1" />
        <bin index="950" start="0.95" width="0.001" count="1" />
        <bin index="1011" start="1.011" width="0.001" count="1" />
      </jitterHistogram>
      <packetSizeHistogram nBins="5" >
        <bin index="4" start="80" width="20" count="392" />
      </packetSizeHistogram>
      <flowInterruptionsHistogram nBins="66" >
        <bin index="2" start="0.5" width="0.25" count="9" />
        <bin index="3" start="0.75" width="0.25" count="5" />
        <bin index="4" start="1" width="0.25" count="1" />
        <bin index="5" start="1.25" width="0.25" count="2" />
        <bin index="19" start="4.75" width="0.25" count="1" />
        <bin index="23" start="5.75" width="0.25" count="1" />
        <bin index="65" start="16.25" width="0.25" count="1" />
      </flowInterruptionsHistogram>
    </Flow>
    <Flow flowId="2" timeFirstTxPacket="+100404588904.0ns" timeFirstRxPacket="+100434516473.0ns" timeLastTxPacket="+199904588904.0ns" timeLastRxPacket="+199904875596.0ns" delaySum="+13581022109.0ns" jitterSum="+10355201111.0ns" lastDelay="+286692.0ns" txBytes="73324" rxBytes="50600" txPackets="797" rxPackets="550" lostPackets="247" timesForwarded="89">
      <delayHistogram nBins="1573" >
        <bin index="0" start="0" width="0.001" count="440" />
        <bin index="1" start="0.001" width="0.001" count="36" />
        <bin index="2" start="0.002" width="0.001" count="21" />
        <bin index="3" start="0.003" width="0.001" count="9" />
        <bin index="4" start="0.004" width="0.001" count="3" />
        <bin index="6" start="0.006" width="0.001" count="1" />
        <bin index="10" start="0.01" width="0.001" count="1" />
        <bin index="14" start="0.014" width="0.001" count="1" />
        <bin index="21" start="0.021" width="0.001" count="1" />
        <bin index="29" start="0.029" width="0.001" count="1" />
        <bin index="32" start="0.032" width="0.001" count="1" />
        <bin index="33" start="0.033" width="0.001" count="1" />
        <bin index="35" start="0.035" width="0.001" count="1" />
        <bin index="37" start="0.037" width="0.001" count="1" />
        <bin index="41" start="0.041" width="0.001" count="1" />
        <bin index="43" start="0.043" width="0.001" count="1" />
        <bin index="47" start="0.047" width="0.001" count="1" />
        <bin index="48" start="0.048" width="0.001" count="1" />
        <bin index="51" start="0.051" width="0.001" count="1" />
        <bin index="64" start="0.064" width="0.001" count="1" />
        <bin index="67" start="0.067" width="0.001" count="1" />
        <bin index="69" start="0.069" width="0.001" count="1" />
        <bin index="77" start="0.077" width="0.001" count="1" />
        <bin index="81" start="0.081" width="0.001" count="1" />
        <bin index="111" start="0.111" width="0.001" count="1" />
        <bin index="122" start="0.122" width="0.001" count="1" />
        <bin index="164" start="0.164" width="0.001" count="1" />
        <bin index="168" start="0.168" width="0.001" count="1" />
        <bin index="187" start="0.187" width="0.001" count="1" />
        <bin index="268" start="0.268" width="0.001" count="1" />
        <bin index="273" start="0.273" width="0.001" count="1" />
        <bin index="284" start="0.284" width="0.001" count="2" />
        <bin index="310" start="0.31" width="0.001" count="1" />
        <bin index="312" start="0.312" width="0.001" count="1" />
        <bin index="388" start="0.388" width="0.001" count="1" />
        <bin index="429" start="0.429" width="0.001" count="1" />
        <bin index="468" start="0.468" width="0.001" count="1" />
        <bin index="658" start="0.658" width="0.001" count="1" />
        <bin index="898" start="0.898" width="0.001" count="1" />
        <bin index="1022" start="1.022" width="0.001" count="1" />
        <bin index="1048" start="1.048" width="0.001" count="1" />
        <bin index="1104" start="1.104" width="0.001" count="1" />
        <bin index="1172" start="1.172" width="0.001" count="1" />
        <bin index="1228" start="1.228" width="0.001" count="1" />
        <bin index="1572" start="1.572" width="0.001" count="1" />
      </delayHistogram>
      <jitterHistogram nBins="1289" >
        <bin index="0" start="0" width="0.001" count="455" />
        <bin index="1" start="0.001" width="0.001" count="31" />
        <bin index="2" start="0.002" width="0.001" count="7" />
        <bin index="3" start="0.003" width="0.001" count="5" />
        <bin index="4" start="0.004" width="0.001" count="3" />
        <bin index="5" start="0.005" width="0.001" count="1" />
        <bin index="6" start="0.006" width="0.001" count="2" />
        <bin index="8" start="0.008" width="0.001" count="1" />
        <bin index="10" start="0.01" width="0.001" count="2" />
        <bin index="11" start="0.011" width="0.001" count="1" />
        <bin index="13" start="0.013" width="0.001" count="1" />
        <bin index="21" start="0.021" width="0.001" count="1" />
        <bin index="24" start="0.024" width="0.001" count="1" />
        <bin index="27" start="0.027" width="0.001" count="1" />
        <bin index="28" start="0.028" width="0.001" count="1" />
        <bin index="29" start="0.029" width="0.001" count="2" />
        <bin index="33" start="0.033" width="0.001" count="2" />
        <bin index="41" start="0.041" width="0.001" count="1" />
        <bin index="43" start="0.043" width="0.001" count="1" />
        <bin index="45" start="0.045" width="0.001" count="1" />
        <bin index="49" start="0.049" width="0.001" count="1" />
        <bin index="51" start="0.051" width="0.001" count="1" />
        <bin index="64" start="0.064" width="0.001" count="1" />
        <bin index="69" start="0.069" width="0.001" count="1" />
        <bin index="79" start="0.079" width="0.001" count="1" />
        <bin index="101" start="0.101" width="0.001" count="1" />
        <bin index="104" start="0.104" width="0.001" count="1" />
        <bin index="105" start="0.105" width="0.001" count="1" />
        <bin index="110" start="0.11" width="0.001" count="1" />
        <bin index="118" start="0.118" width="0.001" count="1" />
        <bin index="119" start="0.119" width="0.001" count="1" />
        <bin index="121" start="0.121" width="0.001" count="1" />
        <bin index="122" start="0.122" width="0.001" count="1" />
        <bin index="123" start="0.123" width="0.001" count="4" />
        <bin index="124" start="0.124" width="0.001" count="1" />
        <bin index="157" start="0.157" width="0.001" count="1" />
        <bin index="228" start="0.228" width="0.001" count="1" />
        <bin index="330" start="0.33" width="0.001" count="1" />
        <bin index="426" start="0.426" width="0.001" count="1" />
        <bin index="657" start="0.657" width="0.001" count="1" />
        <bin index="792" start="0.792" width="0.001" count="1" />
        <bin index="887" start="0.887" width="0.001" count="1" />
        <bin index="925" start="0.925" width="0.001" count="1" />
        <bin index="1020" start="1.02" width="0.001" count="1" />
        <bin index="1260" start="1.26" width="0.001" count="1" />
        <bin index="1288" start="1.288" width="0.001" count="1" />
      </jitterHistogram>
      <packetSizeHistogram nBins="5" >
        <bin index="4" start="80" width="20" count="550" />
      </packetSizeHistogram>
      <flowInterruptionsHistogram nBins="57" >
        <bin index="2" start="0.5" width="0.25" count="2" />
        <bin index="3" start="0.75" width="0.25" count="1" />
        <bin index="4" start="1" width="0.25" count="2" />
        <bin index="55" start="13.75" width="0.25" count="1" />
        <bin index="56" start="14" width="0.25" count="1" />
      </flowInterruptionsHistogram>
    </Flow>
    <Flow flowId="3" timeFirstTxPacket="+100422508704.0ns" timeFirstRxPacket="+106591446968.0ns" timeLastTxPacket="+199922508704.0ns" timeLastRxPacket="+197177402176.0ns" delaySum="+15111339410.0ns" jitterSum="+12489745784.0ns" lastDelay="+4893472.0ns" txBytes="73324" rxBytes="41952" txPackets="797" rxPackets="456" lostPackets="319" timesForwarded="118">
      <delayHistogram nBins="1918" >
        <bin index="0" start="0" width="0.001" count="320" />
        <bin index="1" start="0.001" width="0.001" count="75" />
        <bin index="2" start="0.002" width="0.001" count="10" />
        <bin index="3" start="0.003" width="0.001" count="11" />
        <bin index="4" start="0.004" width="0.001" count="3" />
        <bin index="5" start="0.005" width="0.001" count="4" />
        <bin index="6" start="0.006" width="0.001" count="1" />
        <bin index="7" start="0.007" width="0.001" count="1" />
        <bin index="15" start="0.015" width="0.001" count="1" />
        <bin index="17" start="0.017" width="0.001" count="1" />
        <bin index="28" start="0.028" width="0.001" count="2" />
        <bin index="40" start="0.04" width="0.001" count="1" />
        <bin index="43" start="0.043" width="0.001" count="1" />
        <bin index="53" start="0.053" width="0.001" count="1" />
        <bin index="56" start="0.056" width="0.001" count="1" />
        <bin index="68" start="0.068" width="0.001" count="1" />
        <bin index="95" start="0.095" width="0.001" count="1" />
        <bin index="133" start="0.133" width="0.001" count="1" />
        <bin index="175" start="0.175" width="0.001" count="1" />
        <bin index="179" start="0.179" width="0.001" count="2" />
        <bin index="187" start="0.187" width="0.001" count="1" />
        <bin index="257" start="0.257" width="0.001" count="1" />
        <bin index="266" start="0.266" width="0.001" count="1" />
        <bin index="297" start="0.297" width="0.001" count="1" />
        <bin index="308" start="0.308" width="0.001" count="1" />
        <bin index="364" start="0.364" width="0.001" count="1" />
        <bin index="414" start="0.414" width="0.001" count="1" />
        <bin index="447" start="0.447" width="0.001" count="1" />
        <bin index="452" start="0.452" width="0.001" count="1" />
        <bin index="883" start="0.883" width="0.001" count="1" />
        <bin index="1007" start="1.007" width="0.001" count="1" />
        <bin index="1058" start="1.058" width="0.001" count="1" />
        <bin index="1168" start="1.168" width="0.001" count="1" />
        <bin index="1414" start="1.414" width="0.001" count="1" />
        <bin index="1539" start="1.539" width="0.001" count="1" />
        <bin index="1691" start="1.691" width="0.001" count="1" />
        <bin index="1917" start="1.917" width="0.001" count="1" />
      </delayHistogram>
      <jitterHistogram nBins="1677" >
        <bin index="0" start="0" width="0.001" count="370" />
        <bin index="1" start="0.001" width="0.001" count="17" />
        <bin index="2" start="0.002" width="0.001" count="16" />
        <bin index="3" start="0.003" width="0.001" count="6" />
        <bin index="4" start="0.004" width="0.001" count="4" />
        <bin index="5" start="0.005" width="0.001" count="1" />
        <bin index="14" start="0.014" width="0.001" count="3" />
        <bin index="22" start="0.022" width="0.001" count="1" />
        <bin index="26" start="0.026" width="0.001" count="1" />
        <bin index="27" start="0.027" width="0.001" count="2" />
        <bin index="36" start="0.036" width="0.001" count="1" />
        <bin index="38" start="0.038" width="0.001" count="2" />
        <bin index="39" start="0.039" width="0.001" count="1" />
        <bin index="53" start="0.053" width="0.001" count="1" />
        <bin index="56" start="0.056" width="0.001" count="1" />
        <bin index="67" start="0.067" width="0.001" count="1" />
        <bin index="77" start="0.077" width="0.001" count="1" />
        <bin index="82" start="0.082" width="0.001" count="1" />
        <bin index="94" start="0.094" width="0.001" count="1" />
        <bin index="107" start="0.107" width="0.001" count="1" />
        <bin index="110" start="0.11" width="0.001" count="1" />
        <bin index="117" start="0.117" width="0.001" count="1" />
        <bin index="119" start="0.119" width="0.001" count="1" />
        <bin index="121" start="0.121" width="0.001" count="3" />
        <bin index="122" start="0.122" width="0.001" count="1" />
        <bin index="123" start="0.123" width="0.001" count="1" />
        <bin index="124" start="0.124" width="0.001" count="1" />
        <bin index="128" start="0.128" width="0.001" count="1" />
        <bin index="132" start="0.132" width="0.001" count="1" />
        <bin index="225" start="0.225" width="0.001" count="1" />
        <bin index="265" start="0.265" width="0.001" count="1" />
        <bin index="281" start="0.281" width="0.001" count="1" />
        <bin index="351" start="0.351" width="0.001" count="1" />
        <bin index="450" start="0.45" width="0.001" count="1" />
        <bin index="883" start="0.883" width="0.001" count="1" />
        <bin index="1006" start="1.006" width="0.001" count="1" />
        <bin index="1054" start="1.054" width="0.001" count="1" />
        <bin index="1086" start="1.086" width="0.001" count="1" />
        <bin index="1234" start="1.234" width="0.001" count="1" />
        <bin index="1651" start="1.651" width="0.001" count="1" />
        <bin index="1676" start="1.676" width="0.001" count="1" />
      </jitterHistogram>
      <packetSizeHistogram nBins="5" >
        <bin index="4" start="80" width="20" count="456" />
      </packetSizeHistogram>
      <flowInterruptionsHistogram nBins="64" >
        <bin index="2" start="0.5" width="0.25" count="2" />
        <bin index="6" start="1.5" width="0.25" count="1" />
        <bin index="11" start="2.75" width="0.25" count="1" />
        <bin index="55" start="13.75" width="0.25" count="1" />
        <bin index="63" start="15.75" width="0.25" count="1" />
      </flowInterruptionsHistogram>
    </Flow>
    <Flow flowId="4" timeFirstTxPacket="+100454044915.0ns" timeFirstRxPacket="+100473596975.0ns" timeLastTxPacket="+199954044915.0ns" timeLastRxPacket="+195774181196.0ns" delaySum="+11346962142.0ns" jitterSum="+10705247829.0ns" lastDelay="+320136281.0ns" txBytes="73324" rxBytes="24012" txPackets="797" rxPackets="261" lostPackets="459" timesForwarded="462">
      <delayHistogram nBins="1036" >
        <bin index="0" start="0" width="0.001" count="5" />
        <bin index="1" start="0.001" width="0.001" count="58" />
        <bin index="2" start="0.002" width="0.001" count="74" />
        <bin index="3" start="0.003" width="0.001" count="27" />
        <bin index="4" start="0.004" width="0.001" count="13" />
        <bin index="5" start="0.005" width="0.001" count="6" />
        <bin index="6" start="0.006" width="0.001" count="7" />
        <bin index="7" start="0.007" width="0.001" count="5" />
        <bin index="8" start="0.008" width="0.001" count="2" />
        <bin index="9" start="0.009" width="0.001" count="4" />
        <bin index="10" start="0.01" width="0.001" count="3" />
        <bin index="11" start="0.011" width="0.001" count="2" />
        <bin index="12" start="0.012" width="0.001" count="1" />
        <bin index="13" start="0.013" width="0.001" count="2" />
        <bin index="14" start="0.014" width="0.001" count="2" />
        <bin index="15" start="0.015" width="0.001" count="2" />
        <bin index="16" start="0.016" width="0.001" count="1" />
        <bin index="19" start="0.019" width="0.001" count="2" />
        <bin index="20" start="0.02" width="0.001" count="1" />
        <bin index="21" start="0.021" width="0.001" count="1" />
        <bin index="23" start="0.023" width="0.001" count="2" />
        <bin index="24" start="0.024" width="0.001" count="2" />
        <bin index="25" start="0.025" width="0.001" count="2" />
        <bin index="27" start="0.027" width="0.001" count="1" />
        <bin index="29" start="0.029" width="0.001" count="1" />
        <bin index="31" start="0.031" width="0.001" count="3" />
        <bin index="33" start="0.033" width="0.001" count="1" />
        <bin index="34" start="0.034" width="0.001" count="1" />
        <bin index="35" start="0.035" width="0.001" count="3" />
        <bin index="36" start="0.036" width="0.001" count="1" />
        <bin index="38" start="0.038" width="0.001" count="1" />
        <bin index="39" start="0.039" width="0.001" count="1" />
        <bin index="40" start="0.04" width="0.001" count="1" />
        <bin index="41" start="0.041" width="0.001" count="1" />
        <bin index="44" start="0.044" width="0.001" count="1" />
        <bin index="45" start="0.045" width="0.001" count="1" />
        <bin index="92" start="0.092" width="0.001" count="1" />
        <bin index="121" start="0.121" width="0.001" count="1" />
        <bin index="216" start="0.216" width="0.001" count="1" />
        <bin index="246" start="0.246" width="0.001" count="1" />
        <bin index="249" start="0.249" width="0.001" count="1" />
        <bin index="320" start="0.32" width="0.001" count="1" />
        <bin index="326" start="0.326" width="0.001" count="1" />
        <bin index="394" start="0.394" width="0.001" count="1" />
        <bin index="401" start="0.401" width="0.001" count="1" />
        <bin index="428" start="0.428" width="0.001" count="1" />
        <bin index="438" start="0.438" width="0.001" count="1" />
        <bin index="461" start="0.461" width="0.001" count="1" />
        <bin index="518" start="0.518" width="0.001" count="1" />
        <bin index="551" start="0.551" width="0.001" count="1" />
        <bin index="578" start="0.578" width="0.001" count="1" />
        <bin index="641" start="0.641" width="0.001" count="1" />
        <bin index="774" start="0.774" width="0.001" count="1" />
        <bin index="913" start="0.913" width="0.001" count="1" />
        <bin index="1027" start="1.027" width="0.001" count="1" />
        <bin index="1035" start="1.035" width="0.001" count="1" />
      </delayHistogram>
      <jitterHistogram nBins="1004" >
        <bin index="0" start="0" width="0.001" count="100" />
        <bin index="1" start="0.001" width="0.001" count="34" />
        <bin index="2" start="0.002" width="0.001" count="12" />
        <bin index="3" start="0.003" width="0.001" count="4" />
        <bin index="4" start="0.004" width="0.001" count="11" />
        <bin index="5" start="0.005" width="0.001" count="4" />
        <bin index="6" start="0.006" width="0.001" count="7" />
        <bin index="7" start="0.007" width="0.001" count="3" />
        <bin index="8" start="0.008" width="0.001" count="4" />
        <bin index="10" start="0.01" width="0.001" count="4" />
        <bin index="11" start="0.011" width="0.001" count="2" />
        <bin index="13" start="0.013" width="0.001" count="1" />
        <bin index="14" start="0.014" width="0.001" count="3" />
        <bin index="16" start="0.016" width="0.001" count="4" />
        <bin index="17" start="0.017" width="0.001" count="1" />
        <bin index="18" start="0.018" width="0.001" count="2" />
        <bin index="19" start="0.019" width="0.001" count="4" />
        <bin index="20" start="0.02" width="0.001" count="2" />
        <bin index="21" start="0.021" width="0.001" count="4" />
        <bin index="22" start="0.022" width="0.001" count="2" />
        <bin index="23" start="0.023" width="0.001" count="2" />
        <bin index="24" start="0.024" width="0.001" count="2" />
        <bin index="26" start="0.026" width="0.001" count="1" />
        <bin index="27" start="0.027" width="0.001" count="2" />
        <bin index="28" start="0.028" width="0.001" count="1" />
        <bin index="29" start="0.029" width="0.001" count="1" />
        <bin index="30" start="0.03" width="0.001" count="1" />
        <bin index="31" start="0.031" width="0.001" count="1" />
        <bin index="33" start="0.033" width="0.001" count="4" />
        <bin index="34" start="0.034" width="0.001" count="4" />
        <bin index="35" start="0.035" width="0.001" count="1" />
        <bin index="36" start="0.036" width="0.001" count="2" />
        <bin index="37" start="0.037" width="0.001" count="1" />
        <bin index="38" start="0.038" width="0.001" count="1" />
        <bin index="40" start="0.04" width="0.001" count="1" />
        <bin index="42" start="0.042" width="0.001" count="1" />
        <bin index="43" start="0.043" width="0.001" count="1" />
        <bin index="76" start="0.076" width="0.001" count="1" />
        <bin index="83" start="0.083" width="0.001" count="1" />
        <bin index="107" start="0.107" width="0.001" count="1" />
        <bin index="112" start="0.112" width="0.001" count="1" />
        <bin index="116" start="0.116" width="0.001" count="1" />
        <bin index="117" start="0.117" width="0.001" count="1" />
        <bin index="121" start="0.121" width="0.001" count="1" />
        <bin index="123" start="0.123" width="0.001" count="1" />
        <bin index="124" start="0.124" width="0.001" count="3" />
        <bin index="149" start="0.149" width="0.001" count="1" />
        <bin index="183" start="0.183" width="0.001" count="1" />
        <bin index="202" start="0.202" width="0.001" count="1" />
        <bin index="242" start="0.242" width="0.001" count="1" />
        <bin index="398" start="0.398" width="0.001" count="1" />
        <bin index="457" start="0.457" width="0.001" count="1" />
        <bin index="509" start="0.509" width="0.001" count="1" />
        <bin index="640" start="0.64" width="0.001" count="1" />
        <bin index="742" start="0.742" width="0.001" count="1" />
        <bin index="769" start="0.769" width="0.001" count="1" />
        <bin index="777" start="0.777" width="0.001" count="1" />
        <bin index="811" start="0.811" width="0.001" count="1" />
        <bin index="907" start="0.907" width="0.001" count="1" />
        <bin index="1003" start="1.003" width="0.001" count="1" />
      </jitterHistogram>
      <packetSizeHistogram nBins="5" >
        <bin index="4" start="80" width="20" count="261" />
      </packetSizeHistogram>
      <flowInterruptionsHistogram nBins="61" >
        <bin index="2" start="0.5" width="0.25" count="4" />
        <bin index="4" start="1" width="0.25" count="3" />
        <bin index="5" start="1.25" width="0.25" count="1" />
        <bin index="11" start="2.75" width="0.25" count="1" />
        <bin index="15" start="3.75" width="0.25" count="1" />
        <bin index="58" start="14.5" width="0.25" count="1" />
        <bin index="59" start="14.75" width="0.25" count="1" />
        <bin index="60" start="15" width="0.25" count="1" />
      </flowInterruptionsHistogram>
    </Flow>
    <Flow flowId="5" timeFirstTxPacket="+100459054896.0ns" timeFirstRxPacket="+100469394191.0ns" timeLastTxPacket="+199959054896.0ns" timeLastRxPacket="+197335258101.0ns" delaySum="+11982950904.0ns" jitterSum="+8322654188.0ns" lastDelay="+1203205.0ns" txBytes="73324" rxBytes="66424" txPackets="797" rxPackets="722" lostPackets="48" timesForwarded="0">
      <delayHistogram nBins="711" >
        <bin index="0" start="0" width="0.001" count="565" />
        <bin index="1" start="0.001" width="0.001" count="49" />
        <bin index="2" start="0.002" width="0.001" count="13" />
        <bin index="3" start="0.003" width="0.001" count="8" />
        <bin index="4" start="0.004" width="0.001" count="7" />
        <bin index="5" start="0.005" width="0.001" count="7" />
        <bin index="6" start="0.006" width="0.001" count="2" />
        <bin index="7" start="0.007" width="0.001" count="3" />
        <bin index="8" start="0.008" width="0.001" count="4" />
        <bin index="9" start="0.009" width="0.001" count="3" />
        <bin index="10" start="0.01" width="0.001" count="1" />
        <bin index="13" start="0.013" width="0.001" count="3" />
        <bin index="16" start="0.016" width="0.001" count="1" />
        <bin index="19" start="0.019" width="0.001" count="1" />
        <bin index="21" start="0.021" width="0.001" count="1" />
        <bin index="22" start="0.022" width="0.001" count="1" />
        <bin index="25" start="0.025" width="0.001" count="2" />
        <bin index="30" start="0.03" width="0.001" count="2" />
        <bin index="32" start="0.032" width="0.001" count="3" />
        <bin index="35" start="0.035" width="0.001" count="1" />
        <bin index="36" start="0.036" width="0.001" count="2" />
        <bin index="39" start="0.039" width="0.001" count="1" />
        <bin index="40" start="0.04" width="0.001" count="1" />
        <bin index="41" start="0.041" width="0.001" count="1" />
        <bin index="44" start="0.044" width="0.001" count="1" />
        <bin index="45" start="0.045" width="0.001" count="1" />
        <bin index="50" start="0.05" width="0.001" count="1" />
        <bin index="52" start="0.052" width="0.001" count="1" />
        <bin index="60" start="0.06" width="0.001" count="1" />
        <bin index="67" start="0.067" width="0.001" count="1" />
        <bin index="88" start="0.088" width="0.001" count="1" />
        <bin index="125" start="0.125" width="0.001" count="1" />
        <bin index="132" start="0.132" width="0.001" count="1" />
        <bin index="134" start="0.134" width="0.001" count="1" />
        <bin index="137" start="0.137" width="0.001" count="1" />
        <bin index="141" start="0.141" width="0.001" count="1" />
        <bin index="164" start="0.164" width="0.001" count="1" />
        <bin index="166" start="0.166" width="0.001" count="1" />
        <bin index="168" start="0.168" width="0.001" count="1" />
        <bin index="182" start="0.182" width="0.001" count="1" />
        <bin index="196" start="0.196" width="0.001" count="1" />
        <bin index="219" start="0.219" width="0.001" count="1" />
        <bin index="245" start="0.245" width="0.001" count="1" />
        <bin index="250" start="0.25" width="0.001" count="1" />
        <bin index="260" start="0.26" width="0.001" count="1" />
        <bin index="261" start="0.261" width="0.001" count="1" />
        <bin index="283" start="0.283" width="0.001" count="1" />
        <bin index="289" start="0.289" width="0.001" count="1" />
        <bin index="292" start="0.292" width="0.001" count="1" />
        <bin index="319" start="0.319" width="0.001" count="1" />
        <bin index="349" start="0.349" width="0.001" count="1" />
        <bin index="377" start="0.377" width="0.001" count="1" />
        <bin index="383" start="0.383" width="0.001" count="1" />
        <bin index="398" start="0.398" width="0.001" count="1" />
        <bin index="399" start="0.399" width="0.001" count="2" />
        <bin index="410" start="0.41" width="0.001" count="1" />
        <bin index="428" start="0.428" width="0.001" count="1" />
        <bin index="467" start="0.467" width="0.001" count="1" />
        <bin index="488" start="0.488" width="0.001" count="1" />
        <bin index="522" start="0.522" width="0.001" count="1" />
        <bin index="579" start="0.579" width="0.001" count="1" />
        <bin index="631" start="0.631" width="0.001" count="1" />
        <bin index="710" start="0.71" width="0.001" count="1" />
      </delayHistogram>
      <jitterHistogram nBins="711" >
        <bin index="0" start="0" width="0.001" count="546" />
        <bin index="1" start="0.001" width="0.001" count="45" />
        <bin index="2" start="0.002" width="0.001" count="13" />
        <bin index="3" start="0.003" width="0.001" count="5" />
        <bin index="4" start="0.004" width="0.001" count="14" />
        <bin index="5" start="0.005" width="0.001" count="3" />
        <bin index="6" start="0.006" width="0.001" count="4" />
        <bin index="7" start="0.007" width="0.001" count="3" />
        <bin index="8" start="0.008" width="0.001" count="5" />
        <bin index="9" start="0.009" width="0.001" count="2" />
        <bin index="10" start="0.01" width="0.001" count="2" />
        <bin index="11" start="0.011" width="0.001" count="1" />
        <bin index="12" start="0.012" width="0.001" count="3" />
        <bin index="13" start="0.013" width="0.001" count="1" />
        <bin index="14" start="0.014" width="0.001" count="2" />
        <bin index="15" start="0.015" width="0.001" count="1" />
        <bin index="18" start="0.018" width="0.001" count="1" />
        <bin index="20" start="0.02" width="0.001" count="2" />
        <bin index="21" start="0.021" width="0.001" count="1" />
        <bin index="22" start="0.022" width="0.001" count="2" />
        <bin index="23" start="0.023" width="0.001" count="1" />
        <bin index="25" start="0.025" width="0.001" count="2" />
        <bin index="28" start="0.028" width="0.001" count="2" />
        <bin index="29" start="0.029" width="0.001" count="1" />
        <bin index="30" start="0.03" width="0.001" count="2" />
        <bin index="31" start="0.031" width="0.001" count="2" />
        <bin index="32" start="0.032" width="0.001" count="2" />
        <bin index="33" start="0.033" width="0.001" count="1" />
        <bin index="34" start="0.034" width="0.001" count="1" />
        <bin index="36" start="0.036" width="0.001" count="1" />
        <bin index="38" start="0.038" width="0.001" count="1" />
        <bin index="39" start="0.039" width="0.001" count="2" />
        <bin index="40" start="0.04" width="0.001" count="2" />
        <bin index="42" start="0.042" width="0.001" count="1" />
        <bin index="43" start="0.043" width="0.001" count="1" />
        <bin index="45" start="0.045" width="0.001" count="1" />
        <bin index="49" start="0.049" width="0.001" count="2" />
        <bin index="56" start="0.056" width="0.001" count="1" />
        <bin index="66" start="0.066" width="0.001" count="1" />
        <bin index="86" start="0.086" width="0.001" count="1" />
        <bin index="88" start="0.088" width="0.001" count="2" />
        <bin index="91" start="0.091" width="0.001" count="1" />
        <bin index="94" start="0.094" width="0.001" count="1" />
        <bin index="99" start="0.099" width="0.001" count="1" />
        <bin index="104" start="0.104" width="0.001" count="1" />
        <bin index="106" start="0.106" width="0.001" count="1" />
        <bin index="107" start="0.107" width="0.001" count="1" />
        <bin index="109" start="0.109" width="0.001" count="1" />
        <bin index="110" start="0.11" width="0.001" count="2" />
        <bin index="111" start="0.111" width="0.001" count="1" />
        <bin index="112" start="0.112" width="0.001" count="2" />
        <bin index="117" start="0.117" width="0.001" count="2" />
        <bin index="118" start="0.118" width="0.001" count="1" />
        <bin index="119" start="0.119" width="0.001" count="2" />
        <bin index="120" start="0.12" width="0.001" count="2" />
        <bin index="121" start="0.121" width="0.001" count="2" />
        <bin index="122" start="0.122" width="0.001" count="1" />
        <bin index="123" start="0.123" width="0.001" count="1" />
        <bin index="136" start="0.136" width="0.001" count="1" />
        <bin index="137" start="0.137" width="0.001" count="1" />
        <bin index="160" start="0.16" width="0.001" count="1" />
        <bin index="166" start="0.166" width="0.001" count="1" />
        <bin index="203" start="0.203" width="0.001" count="1" />
        <bin index="243" start="0.243" width="0.001" count="1" />
        <bin index="260" start="0.26" width="0.001" count="1" />
        <bin index="266" start="0.266" width="0.001" count="1" />
        <bin index="355" start="0.355" width="0.001" count="1" />
        <bin index="579" start="0.579" width="0.001" count="1" />
        <bin index="631" start="0.631" width="0.001" count="1" />
        <bin index="710" start="0.71" width="0.001" count="1" />
      </jitterHistogram>
      <packetSizeHistogram nBins="5" >
        <bin index="4" start="80" width="20" count="722" />
      </packetSizeHistogram>
      <flowInterruptionsHistogram nBins="10" >
        <bin index="2" start="0.5" width="0.25" count="3" />
        <bin index="3" start="0.75" width="0.25" count="3" />
        <bin index="9" start="2.25" width="0.25" count="1" />
      </flowInterruptionsHistogram>
    </Flow>
    <Flow flowId="6" timeFirstTxPacket="+100471832416.0ns" timeFirstRxPacket="+100484224576.0ns" timeLastTxPacket="+199971832416.0ns" timeLastRxPacket="+199972119139.0ns" delaySum="+12838033610.0ns" jitterSum="+7996240013.0ns" lastDelay="+286723.0ns" txBytes="73324" rxBytes="58052" txPackets="797" rxPackets="631" lostPackets="166" timesForwarded="228">
      <delayHistogram nBins="1014" >
        <bin index="0" start="0" width="0.001" count="275" />
        <bin index="1" start="0.001" width="0.001" count="217" />
        <bin index="2" start="0.002" width="0.001" count="57" />
        <bin index="3" start="0.003" width="0.001" count="13" />
        <bin index="4" start="0.004" width="0.001" count="12" />
        <bin index="5" start="0.005" width="0.001" count="3" />
        <bin index="6" start="0.006" width="0.001" count="5" />
        <bin index="7" start="0.007" width="0.001" count="1" />
        <bin index="9" start="0.009" width="0.001" count="2" />
        <bin index="10" start="0.01" width="0.001" count="1" />
        <bin index="11" start="0.011" width="0.001" count="5" />
        <bin index="12" start="0.012" width="0.001" count="2" />
        <bin index="15" start="0.015" width="0.001" count="1" />
        <bin index="16" start="0.016" width="0.001" count="2" />
        <bin index="21" start="0.021" width="0.001" count="2" />
        <bin index="47" start="0.047" width="0.001" count="1" />
        <bin index="50" start="0.05" width="0.001" count="1" />
        <bin index="54" start="0.054" width="0.001" count="1" />
        <bin index="64" start="0.064" width="0.001" count="1" />
        <bin index="75" start="0.075" width="0.001" count="1" />
        <bin index="85" start="0.085" width="0.001" count="1" />
        <bin index="97" start="0.097" width="0.001" count="1" />
        <bin index="106" start="0.106" width="0.001" count="1" />
        <bin index="123" start="0.123" width="0.001" count="1" />
        <bin index="126" start="0.126" width="0.001" count="1" />
        <bin index="131" start="0.131" width="0.001" count="1" />
        <bin index="142" start="0.142" width="0.001" count="1" />
        <bin index="146" start="0.146" width="0.001" count="1" />
        <bin index="171" start="0.171" width="0.001" count="1" />
        <bin index="181" start="0.181" width="0.001" count="1" />
        <bin index="228" start="0.228" width="0.001" count="2" />
        <bin index="272" start="0.272" width="0.001" count="1" />
        <bin index="281" start="0.281" width="0.001" count="1" />
        <bin index="326" start="0.326" width="0.001" count="1" />
        <bin index="353" start="0.353" width="0.001" count="1" />
        <bin index="371" start="0.371" width="0.001" count="1" />
        <bin index="484" start="0.484" width="0.001" count="1" />
        <bin index="538" start="0.538" width="0.001" count="1" />
        <bin index="591" start="0.591" width="0.001" count="1" />
        <bin index="599" start="0.599" width="0.001" count="1" />
        <bin index="685" start="0.685" width="0.001" count="1" />
        <bin index="758" start="0.758" width="0.001" count="1" />
        <bin index="765" start="0.765" width="0.001" count="1" />
        <bin index="882" start="0.882" width="0.001" count="1" />
        <bin index="889" start="0.889" width="0.001" count="1" />
        <bin index="1007" start="1.007" width="0.001" count="1" />
        <bin index="1013" start="1.013" width="0.001" count="1" />
      </delayHistogram>
      <jitterHistogram nBins="910" >
        <bin index="0" start="0" width="0.001" count="456" />
        <bin index="1" start="0.001" width="0.001" count="72" />
        <bin index="2" start="0.002" width="0.001" count="18" />
        <bin index="3" start="0.003" width="0.001" count="13" />
        <bin index="4" start="0.004" width="0.001" count="6" />
        <bin index="5" start="0.005" width="0.001" count="2" />
        <bin index="6" start="0.006" width="0.001" count="3" />
        <bin index="7" start="0.007" width="0.001" count="2" />
        <bin index="8" start="0.008" width="0.001" count="1" />
        <bin index="9" start="0.009" width="0.001" count="6" />
        <bin index="10" start="0.01" width="0.001" count="2" />
        <bin index="11" start="0.011" width="0.001" count="2" />
        <bin index="12" start="0.012" width="0.001" count="1" />
        <bin index="13" start="0.013" width="0.001" count="2" />
        <bin index="14" start="0.014" width="0.001" count="2" />
        <bin index="18" start="0.018" width="0.001" count="1" />
        <bin index="19" start="0.019" width="0.001" count="2" />
        <bin index="38" start="0.038" width="0.001" count="1" />
        <bin index="44" start="0.044" width="0.001" count="2" />
        <bin index="46" start="0.046" width="0.001" count="1" />
        <bin index="47" start="0.047" width="0.001" count="2" />
        <bin index="50" start="0.05" width="0.001" count="1" />
        <bin index="51" start="0.051" width="0.001" count="1" />
        <bin index="54" start="0.054" width="0.001" count="2" />
        <bin index="60" start="0.06" width="0.001" count="2" />
        <bin index="74" start="0.074" width="0.001" count="1" />
        <bin index="81" start="0.081" width="0.001" count="1" />
        <bin index="83" start="0.083" width="0.001" count="1" />
        <bin index="94" start="0.094" width="0.001" count="1" />
        <bin index="96" start="0.096" width="0.001" count="1" />
        <bin index="101" start="0.101" width="0.001" count="1" />
        <bin index="102" start="0.102" width="0.001" count="1" />
        <bin index="113" start="0.113" width="0.001" count="1" />
        <bin index="121" start="0.121" width="0.001" count="1" />
        <bin index="122" start="0.122" width="0.001" count="1" />
        <bin index="123" start="0.123" width="0.001" count="1" />
        <bin index="124" start="0.124" width="0.001" count="4" />
        <bin index="125" start="0.125" width="0.001" count="1" />
        <bin index="143" start="0.143" width="0.001" count="1" />
        <bin index="245" start="0.245" width="0.001" count="1" />
        <bin index="247" start="0.247" width="0.001" count="1" />
        <bin index="281" start="0.281" width="0.001" count="1" />
        <bin index="371" start="0.371" width="0.001" count="1" />
        <bin index="411" start="0.411" width="0.001" count="1" />
        <bin index="421" start="0.421" width="0.001" count="1" />
        <bin index="534" start="0.534" width="0.001" count="1" />
        <bin index="683" start="0.683" width="0.001" count="1" />
        <bin index="757" start="0.757" width="0.001" count="1" />
        <bin index="909" start="0.909" width="0.001" count="1" />
      </jitterHistogram>
      <packetSizeHistogram nBins="5" >
        <bin index="4" start="80" width="20" count="631" />
      </packetSizeHistogram>
      <flowInterruptionsHistogram nBins="58" >
        <bin index="2" start="0.5" width="0.25" count="1" />
        <bin index="3" start="0.75" width="0.25" count="1" />
        <bin index="4" start="1" width="0.25" count="1" />
        <bin index="5" start="1.25" width="0.25" count="1" />
        <bin index="13" start="3.25" width="0.25" count="1" />
        <bin index="57" start="14.25" width="0.25" count="1" />
      </flowInterruptionsHistogram>
    </Flow>
    <Flow flowId="7" timeFirstTxPacket="+100642345429.0ns" timeFirstRxPacket="+100659213085.0ns" timeLastTxPacket="+199892345429.0ns" timeLastRxPacket="+199892631857.0ns" delaySum="+8671545033.0ns" jitterSum="+5320861330.0ns" lastDelay="+286428.0ns" txBytes="73140" rxBytes="66792" txPackets="795" rxPackets="726" lostPackets="69" timesForwarded="87">
      <delayHistogram nBins="529" >
        <bin index="0" start="0" width="0.001" count="608" />
        <bin index="1" start="0.001" width="0.001" count="57" />
        <bin index="2" start="0.002" width="0.001" count="16" />
        <bin index="3" start="0.003" width="0.001" count="4" />
        <bin index="4" start="0.004" width="0.001" count="2" />
        <bin index="6" start="0.006" width="0.001" count="1" />
        <bin index="11" start="0.011" width="0.001" count="1" />
        <bin index="16" start="0.016" width="0.001" count="1" />
        <bin index="22" start="0.022" width="0.001" count="1" />
        <bin index="43" start="0.043" width="0.001" count="1" />
        <bin index="53" start="0.053" width="0.001" count="1" />
        <bin index="62" start="0.062" width="0.001" count="1" />
        <bin index="68" start="0.068" width="0.001" count="1" />
        <bin index="69" start="0.069" width="0.001" count="1" />
        <bin index="80" start="0.08" width="0.001" count="1" />
        <bin index="82" start="0.082" width="0.001" count="1" />
        <bin index="101" start="0.101" width="0.001" count="1" />
        <bin index="103" start="0.103" width="0.001" count="1" />
        <bin index="120" start="0.12" width="0.001" count="1" />
        <bin index="129" start="0.129" width="0.001" count="1" />
        <bin index="137" start="0.137" width="0.001" count="1" />
        <bin index="173" start="0.173" width="0.001" count="1" />
        <bin index="178" start="0.178" width="0.001" count="1" />
        <bin index="180" start="0.18" width="0.001" count="1" />
        <bin index="185" start="0.185" width="0.001" count="1" />
        <bin index="223" start="0.223" width="0.001" count="1" />
        <bin index="224" start="0.224" width="0.001" count="1" />
        <bin index="233" start="0.233" width="0.001" count="1" />
        <bin index="241" start="0.241" width="0.001" count="1" />
        <bin index="246" start="0.246" width="0.001" count="1" />
        <bin index="261" start="0.261" width="0.001" count="1" />
        <bin index="262" start="0.262" width="0.001" count="1" />
        <bin index="286" start="0.286" width="0.001" count="1" />
        <bin index="300" start="0.3" width="0.001" count="1" />
        <bin index="343" start="0.343" width="0.001" count="1" />
        <bin index="359" start="0.359" width="0.001" count="1" />
        <bin index="382" start="0.382" width="0.001" count="1" />
        <bin index="385" start="0.385" width="0.001" count="1" />
        <bin index="415" start="0.415" width="0.001" count="1" />
        <bin index="429" start="0.429" width="0.001" count="1" />
        <bin index="444" start="0.444" width="0.001" count="1" />
        <bin index="457" start="0.457" width="0.001" count="1" />
        <bin index="492" start="0.492" width="0.001" count="1" />
        <bin index="528" start="0.528" width="0.001" count="1" />
      </delayHistogram>
      <jitterHistogram nBins="529" >
        <bin index="0" start="0" width="0.001" count="651" />
        <bin index="1" start="0.001" width="0.001" count="21" />
        <bin index="2" start="0.002" width="0.001" count="3" />
        <bin index="3" start="0.003" width="0.001" count="3" />
        <bin index="4" start="0.004" width="0.001" count="1" />
        <bin index="6" start="0.006" width="0.001" count="1" />
        <bin index="8" start="0.008" width="0.001" count="2" />
        <bin index="10" start="0.01" width="0.001" count="1" />
        <bin index="15" start="0.015" width="0.001" count="1" />
        <bin index="22" start="0.022" width="0.001" count="1" />
        <bin index="37" start="0.037" width="0.001" count="1" />
        <bin index="40" start="0.04" width="0.001" count="1" />
        <bin index="43" start="0.043" width="0.001" count="1" />
        <bin index="46" start="0.046" width="0.001" count="1" />
        <bin index="48" start="0.048" width="0.001" count="1" />
        <bin index="52" start="0.052" width="0.001" count="1" />
        <bin index="57" start="0.057" width="0.001" count="1" />
        <bin index="58" start="0.058" width="0.001" count="1" />
        <bin index="62" start="0.062" width="0.001" count="1" />
        <bin index="68" start="0.068" width="0.001" count="1" />
        <bin index="69" start="0.069" width="0.001" count="1" />
        <bin index="71" start="0.071" width="0.001" count="1" />
        <bin index="76" start="0.076" width="0.001" count="1" />
        <bin index="77" start="0.077" width="0.001" count="1" />
        <bin index="82" start="0.082" width="0.001" count="1" />
        <bin index="83" start="0.083" width="0.001" count="1" />
        <bin index="96" start="0.096" width="0.001" count="1" />
        <bin index="97" start="0.097" width="0.001" count="1" />
        <bin index="98" start="0.098" width="0.001" count="1" />
        <bin index="101" start="0.101" width="0.001" count="1" />
        <bin index="102" start="0.102" width="0.001" count="1" />
        <bin index="103" start="0.103" width="0.001" count="1" />
        <bin index="112" start="0.112" width="0.001" count="3" />
        <bin index="115" start="0.115" width="0.001" count="1" />
        <bin index="117" start="0.117" width="0.001" count="1" />
        <bin index="120" start="0.12" width="0.001" count="2" />
        <bin index="121" start="0.121" width="0.001" count="1" />
        <bin index="122" start="0.122" width="0.001" count="1" />
        <bin index="123" start="0.123" width="0.001" count="1" />
        <bin index="124" start="0.124" width="0.001" count="1" />
        <bin index="136" start="0.136" width="0.001" count="1" />
        <bin index="155" start="0.155" width="0.001" count="1" />
        <bin index="179" start="0.179" width="0.001" count="1" />
        <bin index="359" start="0.359" width="0.001" count="1" />
        <bin index="412" start="0.412" width="0.001" count="1" />
        <bin index="489" start="0.489" width="0.001" count="1" />
        <bin index="528" start="0.528" width="0.001" count="1" />
      </jitterHistogram>
      <packetSizeHistogram nBins="5" >
        <bin index="4" start="80" width="20" count="726" />
      </packetSizeHistogram>
      <flowInterruptionsHistogram nBins="33" >
        <bin index="2" start="0.5" width="0.25" count="2" />
        <bin index="3" start="0.75" width="0.25" count="1" />
        <bin index="32" start="8" width="0.25" count="1" />
      </flowInterruptionsHistogram>
    </Flow>
    <Flow flowId="8" timeFirstTxPacket="+100759855346.0ns" timeFirstRxPacket="+100775113433.0ns" timeLastTxPacket="+199884855346.0ns" timeLastRxPacket="+199885142118.0ns" delaySum="+12871446989.0ns" jitterSum="+9538026263.0ns" lastDelay="+286772.0ns" txBytes="73048" rxBytes="62744" txPackets="794" rxPackets="682" lostPackets="112" timesForwarded="95">
      <delayHistogram nBins="1034" >
        <bin index="0" start="0" width="0.001" count="541" />
        <bin index="1" start="0.001" width="0.001" count="56" />
        <bin index="2" start="0.002" width="0.001" count="17" />
        <bin index="3" start="0.003" width="0.001" count="9" />
        <bin index="4" start="0.004" width="0.001" count="7" />
        <bin index="5" start="0.005" width="0.001" count="1" />
        <bin index="6" start="0.006" width="0.001" count="1" />
        <bin index="7" start="0.007" width="0.001" count="1" />
        <bin index="9" start="0.009" width="0.001" count="1" />
        <bin index="10" start="0.01" width="0.001" count="1" />
        <bin index="12" start="0.012" width="0.001" count="2" />
        <bin index="13" start="0.013" width="0.001" count="2" />
        <bin index="15" start="0.015" width="0.001" count="1" />
        <bin index="16" start="0.016" width="0.001" count="1" />
        <bin index="20" start="0.02" width="0.001" count="1" />
        <bin index="21" start="0.021" width="0.001" count="1" />
        <bin index="22" start="0.022" width="0.001" count="2" />
        <bin index="23" start="0.023" width="0.001" count="1" />
        <bin index="25" start="0.025" width="0.001" count="1" />
        <bin index="27" start="0.027" width="0.001" count="1" />
        <bin index="29" start="0.029" width="0.001" count="1" />
        <bin index="30" start="0.03" width="0.001" count="1" />
        <bin index="37" start="0.037" width="0.001" count="1" />
        <bin index="50" start="0.05" width="0.001" count="1" />
        <bin index="55" start="0.055" width="0.001" count="1" />
        <bin index="65" start="0.065" width="0.001" count="1" />
        <bin index="76" start="0.076" width="0.001" count="1" />
        <bin index="113" start="0.113" width="0.001" count="1" />
        <bin index="119" start="0.119" width="0.001" count="1" />
        <bin index="140" start="0.14" width="0.001" count="1" />
        <bin index="163" start="0.163" width="0.001" count="1" />
        <bin index="176" start="0.176" width="0.001" count="1" />
        <bin index="188" start="0.188" width="0.001" count="1" />
        <bin index="198" start="0.198" width="0.001" count="1" />
        <bin index="219" start="0.219" width="0.001" count="1" />
        <bin index="263" start="0.263" width="0.001" count="2" />
        <bin index="286" start="0.286" width="0.001" count="1" />
        <bin index="307" start="0.307" width="0.001" count="1" />
        <bin index="317" start="0.317" width="0.001" count="1" />
        <bin index="370" start="0.37" width="0.001" count="1" />
        <bin index="376" start="0.376" width="0.001" count="1" />
        <bin index="401" start="0.401" width="0.001" count="1" />
        <bin index="463" start="0.463" width="0.001" count="1" />
        <bin index="464" start="0.464" width="0.001" count="1" />
        <bin index="518" start="0.518" width="0.001" count="1" />
        <bin index="531" start="0.531" width="0.001" count="1" />
        <bin index="630" start="0.63" width="0.001" count="1" />
        <bin index="754" start="0.754" width="0.001" count="1" />
        <bin index="785" start="0.785" width="0.001" count="1" />
        <bin index="878" start="0.878" width="0.001" count="1" />
        <bin index="909" start="0.909" width="0.001" count="1" />
        <bin index="1013" start="1.013" width="0.001" count="1" />
        <bin index="1033" start="1.033" width="0.001" count="1" />
      </delayHistogram>
      <jitterHistogram nBins="1033" >
        <bin index="0" start="0" width="0.001" count="558" />
        <bin index="1" start="0.001" width="0.001" count="35" />
        <bin index="2" start="0.002" width="0.001" count="12" />
        <bin index="3" start="0.003" width="0.001" count="6" />
        <bin index="4" start="0.004" width="0.001" count="4" />
        <bin index="6" start="0.006" width="0.001" count="2" />
        <bin index="7" start="0.007" width="0.001" count="1" />
        <bin index="8" start="0.008" width="0.001" count="2" />
        <bin index="9" start="0.009" width="0.001" count="4" />
        <bin index="10" start="0.01" width="0.001" count="1" />
        <bin index="12" start="0.012" width="0.001" count="1" />
        <bin index="13" start="0.013" width="0.001" count="2" />
        <bin index="14" start="0.014" width="0.001" count="1" />
        <bin index="16" start="0.016" width="0.001" count="1" />
        <bin index="18" start="0.018" width="0.001" count="2" />
        <bin index="19" start="0.019" width="0.001" count="1" />
        <bin index="20" start="0.02" width="0.001" count="2" />
        <bin index="22" start="0.022" width="0.001" count="2" />
        <bin index="24" start="0.024" width="0.001" count="1" />
        <bin index="26" start="0.026" width="0.001" count="1" />
        <bin index="27" start="0.027" width="0.001" count="2" />
        <bin index="35" start="0.035" width="0.001" count="1" />
        <bin index="37" start="0.037" width="0.001" count="1" />
        <bin index="43" start="0.043" width="0.001" count="1" />
        <bin index="48" start="0.048" width="0.001" count="1" />
        <bin index="52" start="0.052" width="0.001" count="1" />
        <bin index="54" start="0.054" width="0.001" count="1" />
        <bin index="61" start="0.061" width="0.001" count="1" />
        <bin index="62" start="0.062" width="0.001" count="1" />
        <bin index="64" start="0.064" width="0.001" count="1" />
        <bin index="65" start="0.065" width="0.001" count="1" />
        <bin index="67" start="0.067" width="0.001" count="1" />
        <bin index="75" start="0.075" width="0.001" count="1" />
        <bin index="87" start="0.087" width="0.001" count="1" />
        <bin index="98" start="0.098" width="0.001" count="1" />
        <bin index="99" start="0.099" width="0.001" count="1" />
        <bin index="109" start="0.109" width="0.001" count="1" />
        <bin index="111" start="0.111" width="0.001" count="1" />
        <bin index="112" start="0.112" width="0.001" count="1" />
        <bin index="113" start="0.113" width="0.001" count="1" />
        <bin index="115" start="0.115" width="0.001" count="1" />
        <bin index="120" start="0.12" width="0.001" count="1" />
        <bin index="121" start="0.121" width="0.001" count="1" />
        <bin index="122" start="0.122" width="0.001" count="1" />
        <bin index="123" start="0.123" width="0.001" count="2" />
        <bin index="124" start="0.124" width="0.001" count="2" />
        <bin index="143" start="0.143" width="0.001" count="1" />
        <bin index="163" start="0.163" width="0.001" count="1" />
        <bin index="187" start="0.187" width="0.001" count="1" />
        <bin index="275" start="0.275" width="0.001" count="1" />
        <bin index="345" start="0.345" width="0.001" count="1" />
        <bin index="382" start="0.382" width="0.001" count="1" />
        <bin index="405" start="0.405" width="0.001" count="1" />
        <bin index="463" start="0.463" width="0.001" count="1" />
        <bin index="531" start="0.531" width="0.001" count="1" />
        <bin index="782" start="0.782" width="0.001" count="1" />
        <bin index="877" start="0.877" width="0.001" count="1" />
        <bin index="1009" start="1.009" width="0.001" count="1" />
        <bin index="1032" start="1.032" width="0.001" count="1" />
      </jitterHistogram>
      <packetSizeHistogram nBins="5" >
        <bin index="4" start="80" width="20" count="682" />
      </packetSizeHistogram>
      <flowInterruptionsHistogram nBins="24" >
        <bin index="2" start="0.5" width="0.25" count="3" />
        <bin index="4" start="1" width="0.25" count="2" />
        <bin index="18" start="4.5" width="0.25" count="1" />
        <bin index="23" start="5.75" width="0.25" count="1" />
      </flowInterruptionsHistogram>
    </Flow>
    <Flow flowId="9" timeFirstTxPacket="+100895734582.0ns" timeFirstRxPacket="+100900834498.0ns" timeLastTxPacket="+199895734582.0ns" timeLastRxPacket="+199896020993.0ns" delaySum="+12957296680.0ns" jitterSum="+10673434335.0ns" lastDelay="+286411.0ns" txBytes="72956" rxBytes="50784" txPackets="793" rxPackets="552" lostPackets="241" timesForwarded="12">
      <delayHistogram nBins="2285" >
        <bin index="0" start="0" width="0.001" count="463" />
        <bin index="1" start="0.001" width="0.001" count="26" />
        <bin index="2" start="0.002" width="0.001" count="4" />
        <bin index="3" start="0.003" width="0.001" count="6" />
        <bin index="4" start="0.004" width="0.001" count="3" />
        <bin index="5" start="0.005" width="0.001" count="3" />
        <bin index="6" start="0.006" width="0.001" count="2" />
        <bin index="7" start="0.007" width="0.001" count="1" />
        <bin index="9" start="0.009" width="0.001" count="1" />
        <bin index="10" start="0.01" width="0.001" count="1" />
        <bin index="11" start="0.011" width="0.001" count="2" />
        <bin index="12" start="0.012" width="0.001" count="1" />
        <bin index="14" start="0.014" width="0.001" count="1" />
        <bin index="15" start="0.015" width="0.001" count="1" />
        <bin index="17" start="0.017" width="0.001" count="3" />
        <bin index="19" start="0.019" width="0.001" count="1" />
        <bin index="22" start="0.022" width="0.001" count="1" />
        <bin index="24" start="0.024" width="0.001" count="1" />
        <bin index="36" start="0.036" width="0.001" count="1" />
        <bin index="42" start="0.042" width="0.001" count="1" />
        <bin index="53" start="0.053" width="0.001" count="1" />
        <bin index="63" start="0.063" width="0.001" count="1" />
        <bin index="64" start="0.064" width="0.001" count="1" />
        <bin index="75" start="0.075" width="0.001" count="1" />
        <bin index="78" start="0.078" width="0.001" count="1" />
        <bin index="82" start="0.082" width="0.001" count="1" />
        <bin index="117" start="0.117" width="0.001" count="1" />
        <bin index="127" start="0.127" width="0.001" count="1" />
        <bin index="136" start="0.136" width="0.001" count="1" />
        <bin index="137" start="0.137" width="0.001" count="1" />
        <bin index="142" start="0.142" width="0.001" count="1" />
        <bin index="198" start="0.198" width="0.001" count="1" />
        <bin index="201" start="0.201" width="0.001" count="1" />
        <bin index="211" start="0.211" width="0.001" count="1" />
        <bin index="220" start="0.22" width="0.001" count="1" />
        <bin index="228" start="0.228" width="0.001" count="1" />
        <bin index="235" start="0.235" width="0.001" count="1" />
        <bin index="277" start="0.277" width="0.001" count="1" />
        <bin index="282" start="0.282" width="0.001" count="1" />
        <bin index="284" start="0.284" width="0.001" count="1" />
        <bin index="319" start="0.319" width="0.001" count="1" />
        <bin index="353" start="0.353" width="0.001" count="1" />
        <bin index="469" start="0.469" width="0.001" count="1" />
        <bin index="733" start="0.733" width="0.001" count="1" />
        <bin index="882" start="0.882" width="0.001" count="1" />
        <bin index="1006" start="1.006" width="0.001" count="1" />
        <bin index="1073" start="1.073" width="0.001" count="1" />
        <bin index="2081" start="2.081" width="0.001" count="1" />
        <bin index="2284" start="2.284" width="0.001" count="1" />
      </delayHistogram>
      <jitterHistogram nBins="2081" >
        <bin index="0" start="0" width="0.001" count="455" />
        <bin index="1" start="0.001" width="0.001" count="21" />
        <bin index="2" start="0.002" width="0.001" count="5" />
        <bin index="3" start="0.003" width="0.001" count="6" />
        <bin index="4" start="0.004" width="0.001" count="7" />
        <bin index="5" start="0.005" width="0.001" count="1" />
        <bin index="6" start="0.006" width="0.001" count="3" />
        <bin index="7" start="0.007" width="0.001" count="2" />
        <bin index="8" start="0.008" width="0.001" count="1" />
        <bin index="10" start="0.01" width="0.001" count="5" />
        <bin index="11" start="0.011" width="0.001" count="2" />
        <bin index="12" start="0.012" width="0.001" count="1" />
        <bin index="13" start="0.013" width="0.001" count="2" />
        <bin index="15" start="0.015" width="0.001" count="2" />
        <bin index="16" start="0.016" width="0.001" count="3" />
        <bin index="17" start="0.017" width="0.001" count="1" />
        <bin index="23" start="0.023" width="0.001" count="1" />
        <bin index="35" start="0.035" width="0.001" count="1" />
        <bin index="41" start="0.041" width="0.001" count="1" />
        <bin index="50" start="0.05" width="0.001" count="1" />
        <bin index="56" start="0.056" width="0.001" count="1" />
        <bin index="61" start="0.061" width="0.001" count="1" />
        <bin index="63" start="0.063" width="0.001" count="1" />
        <bin index="73" start="0.073" width="0.001" count="1" />
        <bin index="75" start="0.075" width="0.001" count="1" />
        <bin index="77" start="0.077" width="0.001" count="2" />
        <bin index="80" start="0.08" width="0.001" count="1" />
        <bin index="84" start="0.084" width="0.001" count="1" />
        <bin index="98" start="0.098" width="0.001" count="1" />
        <bin index="101" start="0.101" width="0.001" count="1" />
        <bin index="115" start="0.115" width="0.001" count="1" />
        <bin index="116" start="0.116" width="0.001" count="1" />
        <bin index="118" start="0.118" width="0.001" count="1" />
        <bin index="121" start="0.121" width="0.001" count="1" />
        <bin index="122" start="0.122" width="0.001" count="1" />
        <bin index="124" start="0.124" width="0.001" count="1" />
        <bin index="136" start="0.136" width="0.001" count="1" />
        <bin index="159" start="0.159" width="0.001" count="1" />
        <bin index="164" start="0.164" width="0.001" count="1" />
        <bin index="203" start="0.203" width="0.001" count="1" />
        <bin index="316" start="0.316" width="0.001" count="1" />
        <bin index="379" start="0.379" width="0.001" count="1" />
        <bin index="468" start="0.468" width="0.001" count="1" />
        <bin index="498" start="0.498" width="0.001" count="1" />
        <bin index="753" start="0.753" width="0.001" count="1" />
        <bin index="964" start="0.964" width="0.001" count="1" />
        <bin index="1050" start="1.05" width="0.001" count="1" />
        <bin index="1402" start="1.402" width="0.001" count="1" />
        <bin index="2080" start="2.08" width="0.001" count="1" />
      </jitterHistogram>
      <packetSizeHistogram nBins="5" >
        <bin index="4" start="80" width="20" count="552" />
      </packetSizeHistogram>
      <flowInterruptionsHistogram nBins="53" >
        <bin index="2" start="0.5" width="0.25" count="2" />
        <bin index="3" start="0.75" width="0.25" count="3" />
        <bin index="4" start="1" width="0.25" count="1" />
        <bin index="6" start="1.5" width="0.25" count="1" />
        <bin index="7" start="1.75" width="0.25" count="1" />
        <bin index="8" start="2" width="0.25" count="1" />
        <bin index="27" start="6.75" width="0.25" count="1" />
        <bin index="52" start="13" width="0.25" count="1" />
      </flowInterruptionsHistogram>
    </Flow>
    <Flow flowId="10" timeFirstTxPacket="+101049626889.0ns" timeFirstRxPacket="+101052325497.0ns" timeLastTxPacket="+199924626889.0ns" timeLastRxPacket="+199930871774.0ns" delaySum="+5554412514.0ns" jitterSum="+4776681327.0ns" lastDelay="+6244885.0ns" txBytes="72864" rxBytes="72312" txPackets="792" rxPackets="786" lostPackets="0" timesForwarded="1">
      <delayHistogram nBins="455" >
        <bin index="0" start="0" width="0.001" count="648" />
        <bin index="1" start="0.001" width="0.001" count="50" />
        <bin index="2" start="0.002" width="0.001" count="10" />
        <bin index="3" start="0.003" width="0.001" count="3" />
        <bin index="4" start="0.004" width="0.001" count="4" />
        <bin index="5" start="0.005" width="0.001" count="5" />
        <bin index="6" start="0.006" width="0.001" count="6" />
        <bin index="7" start="0.007" width="0.001" count="4" />
        <bin index="8" start="0.008" width="0.001" count="4" />
        <bin index="9" start="0.009" width="0.001" count="2" />
        <bin index="10" start="0.01" width="0.001" count="5" />
        <bin index="11" start="0.011" width="0.001" count="1" />
        <bin index="13" start="0.013" width="0.001" count="2" />
        <bin index="14" start="0.014" width="0.001" count="2" />
        <bin index="15" start="0.015" width="0.001" count="3" />
        <bin index="16" start="0.016" width="0.001" count="1" />
        <bin index="19" start="0.019" width="0.001" count="1" />
        <bin index="20" start="0.02" width="0.001" count="2" />
        <bin index="21" start="0.021" width="0.001" count="1" />
        <bin index="23" start="0.023" width="0.001" count="1" />
        <bin index="28" start="0.028" width="0.001" count="1" />
        <bin index="31" start="0.031" width="0.001" count="1" />
        <bin index="37" start="0.037" width="0.001" count="1" />
        <bin index="51" start="0.051" width="0.001" count="2" />
        <bin index="53" start="0.053" width="0.001" count="1" />
        <bin index="72" start="0.072" width="0.001" count="2" />
        <bin index="99" start="0.099" width="0.001" count="1" />
        <bin index="117" start="0.117" width="0.001" count="1" />
        <bin index="119" start="0.119" width="0.001" count="2" />
        <bin index="130" start="0.13" width="0.001" count="1" />
        <bin index="132" start="0.132" width="0.001" count="1" />
        <bin index="133" start="0.133" width="0.001" count="1" />
        <bin index="134" start="0.134" width="0.001" count="2" />
        <bin index="135" start="0.135" width="0.001" count="1" />
        <bin index="148" start="0.148" width="0.001" count="1" />
        <bin index="157" start="0.157" width="0.001" count="1" />
        <bin index="177" start="0.177" width="0.001" count="1" />
        <bin index="182" start="0.182" width="0.001" count="1" />
        <bin index="188" start="0.188" width="0.001" count="1" />
        <bin index="212" start="0.212" width="0.001" count="1" />
        <bin index="224" start="0.224" width="0.001" count="1" />
        <bin index="230" start="0.23" width="0.001" count="1" />
        <bin index="234" start="0.234" width="0.001" count="1" />
        <bin index="294" start="0.294" width="0.001" count="1" />
        <bin index="309" start="0.309" width="0.001" count="1" />
        <bin index="319" start="0.319" width="0.001" count="1" />
        <bin index="454" start="0.454" width="0.001" count="1" />
      </delayHistogram>
      <jitterHistogram nBins="454" >
        <bin index="0" start="0" width="0.001" count="651" />
        <bin index="1" start="0.001" width="0.001" count="28" />
        <bin index="2" start="0.002" width="0.001" count="4" />
        <bin index="3" start="0.003" width="0.001" count="5" />
        <bin index="4" start="0.004" width="0.001" count="9" />
        <bin index="5" start="0.005" width="0.001" count="3" />
        <bin index="6" start="0.006" width="0.001" count="7" />
        <bin index="7" start="0.007" width="0.001" count="3" />
        <bin index="8" start="0.008" width="0.001" count="7" />
        <bin index="9" start="0.009" width="0.001" count="4" />
        <bin index="10" start="0.01" width="0.001" count="3" />
        <bin index="11" start="0.011" width="0.001" count="5" />
        <bin index="12" start="0.012" width="0.001" count="3" />
        <bin index="13" start="0.013" width="0.001" count="2" />
        <bin index="14" start="0.014" width="0.001" count="2" />
        <bin index="15" start="0.015" width="0.001" count="4" />
        <bin index="16" start="0.016" width="0.001" count="2" />
        <bin index="17" start="0.017" width="0.001" count="1" />
        <bin index="18" start="0.018" width="0.001" count="1" />
        <bin index="19" start="0.019" width="0.001" count="3" />
        <bin index="21" start="0.021" width="0.001" count="1" />
        <bin index="26" start="0.026" width="0.001" count="1" />
        <bin index="27" start="0.027" width="0.001" count="1" />
        <bin index="29" start="0.029" width="0.001" count="2" />
        <bin index="31" start="0.031" width="0.001" count="1" />
        <bin index="36" start="0.036" width="0.001" count="1" />
        <bin index="43" start="0.043" width="0.001" count="2" />
        <bin index="47" start="0.047" width="0.001" count="1" />
        <bin index="48" start="0.048" width="0.001" count="1" />
        <bin index="51" start="0.051" width="0.001" count="1" />
        <bin index="53" start="0.053" width="0.001" count="1" />
        <bin index="57" start="0.057" width="0.001" count="1" />
        <bin index="70" start="0.07" width="0.001" count="1" />
        <bin index="72" start="0.072" width="0.001" count="1" />
        <bin index="76" start="0.076" width="0.001" count="2" />
        <bin index="77" start="0.077" width="0.001" count="1" />
        <bin index="79" start="0.079" width="0.001" count="1" />
        <bin index="88" start="0.088" width="0.001" count="2" />
        <bin index="97" start="0.097" width="0.001" count="1" />
        <bin index="98" start="0.098" width="0.001" count="1" />
        <bin index="105" start="0.105" width="0.001" count="1" />
        <bin index="111" start="0.111" width="0.001" count="1" />
        <bin index="113" start="0.113" width="0.001" count="1" />
        <bin index="115" start="0.115" width="0.001" count="1" />
        <bin index="116" start="0.116" width="0.001" count="1" />
        <bin index="117" start="0.117" width="0.001" count="1" />
        <bin index="121" start="0.121" width="0.001" count="1" />
        <bin index="133" start="0.133" width="0.001" count="1" />
        <bin index="134" start="0.134" width="0.001" count="1" />
        <bin index="161" start="0.161" width="0.001" count="1" />
        <bin index="294" start="0.294" width="0.001" count="1" />
        <bin index="299" start="0.299" width="0.001" count="1" />
        <bin index="381" start="0.381" width="0.001" count="1" />
        <bin index="453" start="0.453" width="0.001" count="1" />
      </jitterHistogram>
      <packetSizeHistogram nBins="5" >
        <bin index="4" start="80" width="20" count="786" />
      </packetSizeHistogram>
      <flowInterruptionsHistogram nBins="4" >
        <bin index="3" start="0.75" width="0.25" count="1" />
      </flowInterruptionsHistogram>
    </Flow>
  </FlowStats>
  <Ipv4FlowClassifier>
    <Flow flowId="2" sourceAddress="10.1.1.11" destinationAddress="10.1.1.1" protocol="17" sourcePort="49153" destinationPort="9">
      <Dscp value="0x0" packets="797" />
    </Flow>
    <Flow flowId="7" sourceAddress="10.1.1.12" destinationAddress="10.1.1.2" protocol="17" sourcePort="49153" destinationPort="9">
      <Dscp value="0x0" packets="795" />
    </Flow>
    <Flow flowId="4" sourceAddress="10.1.1.13" destinationAddress="10.1.1.3" protocol="17" sourcePort="49153" destinationPort="9">
      <Dscp value="0x0" packets="797" />
    </Flow>
    <Flow flowId="3" sourceAddress="10.1.1.14" destinationAddress="10.1.1.4" protocol="17" sourcePort="49153" destinationPort="9">
      <Dscp value="0x0" packets="797" />
    </Flow>
    <Flow flowId="1" sourceAddress="10.1.1.15" destinationAddress="10.1.1.5" protocol="17" sourcePort="49153" destinationPort="9">
      <Dscp value="0x0" packets="799" />
    </Flow>
    <Flow flowId="9" sourceAddress="10.1.1.16" destinationAddress="10.1.1.6" protocol="17" sourcePort="49153" destinationPort="9">
      <Dscp value="0x0" packets="793" />
    </Flow>
    <Flow flowId="8" sourceAddress="10.1.1.17" destinationAddress="10.1.1.7" protocol="17" sourcePort="49153" destinationPort="9">
      <Dscp value="0x0" packets="794" />
    </Flow>
    <Flow flowId="10" sourceAddress="10.1.1.18" destinationAddress="10.1.1.8" protocol="17" sourcePort="49153" destinationPort="9">
      <Dscp value="0x0" packets="792" />
    </Flow>
    <Flow flowId="6" sourceAddress="10.1.1.19" destinationAddress="10.1.1.9" protocol="17" sourcePort="49153" destinationPort="9">
      <Dscp value="0x0" packets="797" />
    </Flow>
    <Flow flowId="5" sourceAddress="10.1.1.20" destinationAddress="10.1.1.10" protocol="17" sourcePort="49153" destinationPort="9">
      <Dscp value="0x0" packets="797" />
    </Flow>
  </Ipv4FlowClassifier>
  <Ipv6FlowClassifier>
  </Ipv6FlowClassifier>
  <FlowProbes>
    <FlowProbe index="0">
      <FlowStats  flowId="2" packets="550" bytes="50600" delayFromFirstProbeSum="+13581022109.0ns" >
      </FlowStats>
    </FlowProbe>
    <FlowProbe index="1">
    </FlowProbe>
    <FlowProbe index="2">
      <FlowStats  flowId="2" packets="116" bytes="10672" delayFromFirstProbeSum="+1639973477.0ns" >
      </FlowStats>
      <FlowStats  flowId="7" packets="726" bytes="66792" delayFromFirstProbeSum="+8671545033.0ns" >
      </FlowStats>
    </FlowProbe>
    <FlowProbe index="3">
    </FlowProbe>
    <FlowProbe index="4">
      <FlowStats  flowId="4" packets="261" bytes="24012" delayFromFirstProbeSum="+11346962142.0ns" >
      </FlowStats>
    </FlowProbe>
    <FlowProbe index="5">
    </FlowProbe>
    <FlowProbe index="6">
      <FlowStats  flowId="1" packets="77" bytes="7084" delayFromFirstProbeSum="+2006414797.0ns" >
      </FlowStats>
      <FlowStats  flowId="3" packets="456" bytes="41952" delayFromFirstProbeSum="+15111339410.0ns" >
      </FlowStats>
      <FlowStats  flowId="4" packets="4" bytes="368" delayFromFirstProbeSum="+1870152296.0ns" >
      </FlowStats>
    </FlowProbe>
    <FlowProbe index="7">
    </FlowProbe>
    <FlowProbe index="8">
      <FlowStats  flowId="1" packets="392" bytes="36064" delayFromFirstProbeSum="+16508834746.0ns" >
      </FlowStats>
    </FlowProbe>
    <FlowProbe index="9">
    </FlowProbe>
    <FlowProbe index="10">
      <FlowStats  flowId="4" packets="2" bytes="184" delayFromFirstProbeSum="+901797273.0ns" >
      </FlowStats>
      <FlowStats  flowId="9" packets="552" bytes="50784" delayFromFirstProbeSum="+12957296680.0ns" >
      </FlowStats>
    </FlowProbe>
    <FlowProbe index="11">
    </FlowProbe>
    <FlowProbe index="12">
      <FlowStats  flowId="8" packets="682" bytes="62744" delayFromFirstProbeSum="+12871446989.0ns" >
      </FlowStats>
    </FlowProbe>
    <FlowProbe index="13">
    </FlowProbe>
    <FlowProbe index="14">
      <FlowStats  flowId="4" packets="1" bytes="92" delayFromFirstProbeSum="+247284259.0ns" >
      </FlowStats>
      <FlowStats  flowId="10" packets="786" bytes="72312" delayFromFirstProbeSum="+5554412514.0ns" >
      </FlowStats>
    </FlowProbe>
    <FlowProbe index="15">
    </FlowProbe>
    <FlowProbe index="16">
      <FlowStats  flowId="4" packets="2" bytes="184" delayFromFirstProbeSum="+883871792.0ns" >
      </FlowStats>
      <FlowStats  flowId="6" packets="631" bytes="58052" delayFromFirstProbeSum="+12838033610.0ns" >
      </FlowStats>
      <FlowStats  flowId="9" packets="1" bytes="92" delayFromFirstProbeSum="+731320458.0ns" >
      </FlowStats>
    </FlowProbe>
    <FlowProbe index="17">
    </FlowProbe>
    <FlowProbe index="18">
      <FlowStats  flowId="5" packets="722" bytes="66424" delayFromFirstProbeSum="+11982950904.0ns" >
      </FlowStats>
    </FlowProbe>
    <FlowProbe index="19">
    </FlowProbe>
    <FlowProbe index="20">
      <FlowStats  flowId="1" packets="50" bytes="4600" delayFromFirstProbeSum="+565253012.0ns" >
      </FlowStats>
      <FlowStats  flowId="2" packets="797" bytes="73324" delayFromFirstProbeSum="+0.0ns" >
      </FlowStats>
      <FlowStats  flowId="3" packets="117" bytes="10764" delayFromFirstProbeSum="+510659381.0ns" >
      </FlowStats>
      <FlowStats  flowId="9" packets="2" bytes="184" delayFromFirstProbeSum="+1880849856.0ns" >
      </FlowStats>
    </FlowProbe>
    <FlowProbe index="21">
    </FlowProbe>
    <FlowProbe index="22">
      <FlowStats  flowId="7" packets="795" bytes="73140" delayFromFirstProbeSum="+0.0ns" >
      </FlowStats>
    </FlowProbe>
    <FlowProbe index="23">
    </FlowProbe>
    <FlowProbe index="24">
      <FlowStats  flowId="4" packets="797" bytes="73324" delayFromFirstProbeSum="+0.0ns" >
      </FlowStats>
    </FlowProbe>
    <FlowProbe index="25">
    </FlowProbe>
    <FlowProbe index="26">
      <FlowStats  flowId="3" packets="797" bytes="73324" delayFromFirstProbeSum="+0.0ns" >
      </FlowStats>
      <FlowStats  flowId="4" packets="237" bytes="21804" delayFromFirstProbeSum="+2001425656.0ns" >
      </FlowStats>
    </FlowProbe>
    <FlowProbe index="27">
    </FlowProbe>
    <FlowProbe index="28">
      <FlowStats  flowId="1" packets="799" bytes="73508" delayFromFirstProbeSum="+0.0ns" >
      </FlowStats>
    </FlowProbe>
    <FlowProbe index="29">
    </FlowProbe>
    <FlowProbe index="30">
      <FlowStats  flowId="9" packets="793" bytes="72956" delayFromFirstProbeSum="+0.0ns" >
      </FlowStats>
    </FlowProbe>
    <FlowProbe index="31">
    </FlowProbe>
    <FlowProbe index="32">
      <FlowStats  flowId="8" packets="794" bytes="73048" delayFromFirstProbeSum="+0.0ns" >
      </FlowStats>
    </FlowProbe>
    <FlowProbe index="33">
    </FlowProbe>
    <FlowProbe index="34">
      <FlowStats  flowId="4" packets="1" bytes="92" delayFromFirstProbeSum="+1017154053.0ns" >
      </FlowStats>
      <FlowStats  flowId="5" packets="1" bytes="92" delayFromFirstProbeSum="+1026116921.0ns" >
      </FlowStats>
      <FlowStats  flowId="8" packets="114" bytes="10488" delayFromFirstProbeSum="+2938991489.0ns" >
      </FlowStats>
      <FlowStats  flowId="10" packets="792" bytes="72864" delayFromFirstProbeSum="+0.0ns" >
      </FlowStats>
    </FlowProbe>
    <FlowProbe index="35">
    </FlowProbe>
    <FlowProbe index="36">
      <FlowStats  flowId="1" packets="2" bytes="184" delayFromFirstProbeSum="+1880288611.0ns" >
      </FlowStats>
      <FlowStats  flowId="4" packets="1" bytes="92" delayFromFirstProbeSum="+767079138.0ns" >
      </FlowStats>
      <FlowStats  flowId="6" packets="797" bytes="73324" delayFromFirstProbeSum="+0.0ns" >
      </FlowStats>
    </FlowProbe>
    <FlowProbe index="37">
    </FlowProbe>
    <FlowProbe index="38">
      <FlowStats  flowId="5" packets="797" bytes="73324" delayFromFirstProbeSum="+0.0ns" >
      </FlowStats>
    </FlowProbe>
    <FlowProbe index="39">
    </FlowProbe>
    <FlowProbe index="40">
      <FlowStats  flowId="3" packets="205" bytes="18860" delayFromFirstProbeSum="+1040908639.0ns" >
      </FlowStats>
    </FlowProbe>
    <FlowProbe index="41">
    </FlowProbe>
    <FlowProbe index="42">
    </FlowProbe>
    <FlowProbe index="43">
    </FlowProbe>
    <FlowProbe index="44">
    </FlowProbe>
    <FlowProbe index="45">
    </FlowProbe>
    <FlowProbe index="46">
      <FlowStats  flowId="1" packets="104" bytes="9568" delayFromFirstProbeSum="+5569307087.0ns" >
      </FlowStats>
      <FlowStats  flowId="2" packets="118" bytes="10856" delayFromFirstProbeSum="+495492740.0ns" >
      </FlowStats>
      <FlowStats  flowId="4" packets="216" bytes="19872" delayFromFirstProbeSum="+2606782930.0ns" >
      </FlowStats>
      <FlowStats  flowId="7" packets="38" bytes="3496" delayFromFirstProbeSum="+959297149.0ns" >
      </FlowStats>
    </FlowProbe>
    <FlowProbe index="47">
    </FlowProbe>
    <FlowProbe index="48">
      <FlowStats  flowId="10" packets="1" bytes="92" delayFromFirstProbeSum="+448494317.0ns" >
      </FlowStats>
    </FlowProbe>
    <FlowProbe index="49">
    </FlowProbe>
    <FlowProbe index="50">
      <FlowStats  flowId="1" packets="2" bytes="184" delayFromFirstProbeSum="+1963362642.0ns" >
      </FlowStats>
      <FlowStats  flowId="4" packets="243" bytes="22356" delayFromFirstProbeSum="+4141082441.0ns" >
      </FlowStats>
    </FlowProbe>
    <FlowProbe index="51">
    </FlowProbe>
    <FlowProbe index="52">
      <FlowStats  flowId="1" packets="113" bytes="10396" delayFromFirstProbeSum="+2743186754.0ns" >
      </FlowStats>
      <FlowStats  flowId="4" packets="1" bytes="92" delayFromFirstProbeSum="+235804600.0ns" >
      </FlowStats>
    </FlowProbe>
    <FlowProbe index="53">
    </FlowProbe>
    <FlowProbe index="54">
      <FlowStats  flowId="2" packets="2" bytes="184" delayFromFirstProbeSum="+1886958368.0ns" >
      </FlowStats>
    </FlowProbe>
    <FlowProbe index="55">
    </FlowProbe>
    <FlowProbe index="56">
    </FlowProbe>
    <FlowProbe index="57">
    </FlowProbe>
    <FlowProbe index="58">
      <FlowStats  flowId="8" packets="35" bytes="3220" delayFromFirstProbeSum="+21391086.0ns" >
      </FlowStats>
    </FlowProbe>
    <FlowProbe index="59">
    </FlowProbe>
    <FlowProbe index="60">
      <FlowStats  flowId="2" packets="2" bytes="184" delayFromFirstProbeSum="+457526149.0ns" >
      </FlowStats>
      <FlowStats  flowId="3" packets="2" bytes="184" delayFromFirstProbeSum="+949012001.0ns" >
      </FlowStats>
      <FlowStats  flowId="9" packets="1" bytes="92" delayFromFirstProbeSum="+1059749961.0ns" >
      </FlowStats>
    </FlowProbe>
    <FlowProbe index="61">
    </FlowProbe>
    <FlowProbe index="62">
      <FlowStats  flowId="3" packets="2" bytes="184" delayFromFirstProbeSum="+936902638.0ns" >
      </FlowStats>
      <FlowStats  flowId="4" packets="29" bytes="2668" delayFromFirstProbeSum="+3022962820.0ns" >
      </FlowStats>
    </FlowProbe>
    <FlowProbe index="63">
    </FlowProbe>
    <FlowProbe index="64">
    </FlowProbe>
    <FlowProbe index="65">
    </FlowProbe>
    <FlowProbe index="66">
    </FlowProbe>
    <FlowProbe index="67">
    </FlowProbe>
    <FlowProbe index="68">
    </FlowProbe>
    <FlowProbe index="69">
    </FlowProbe>
    <FlowProbe index="70">
      <FlowStats  flowId="7" packets="50" bytes="4600" delayFromFirstProbeSum="+819153670.0ns" >
      </FlowStats>
    </FlowProbe>
    <FlowProbe index="71">
    </FlowProbe>
    <FlowProbe index="72">
    </FlowProbe>
    <FlowProbe index="73">
    </FlowProbe>
    <FlowProbe index="74">
      <FlowStats  flowId="2" packets="1" bytes="92" delayFromFirstProbeSum="+570283306.0ns" >
      </FlowStats>
    </FlowProbe>
    <FlowProbe index="75">
    </FlowProbe>
    <FlowProbe index="76">
      <FlowStats  flowId="8" packets="1" bytes="92" delayFromFirstProbeSum="+1006330683.0ns" >
      </FlowStats>
    </FlowProbe>
    <FlowProbe index="77">
    </FlowProbe>
    <FlowProbe index="78">
    </FlowProbe>
    <FlowProbe index="79">
    </FlowProbe>
    <FlowProbe index="80">
      <FlowStats  flowId="4" packets="117" bytes="10764" delayFromFirstProbeSum="+3237052197.0ns" >
      </FlowStats>
      <FlowStats  flowId="9" packets="117" bytes="10764" delayFromFirstProbeSum="+460570696.0ns" >
      </FlowStats>
    </FlowProbe>
    <FlowProbe index="81">
    </FlowProbe>
    <FlowProbe index="82">
    </FlowProbe>
    <FlowProbe index="83">
    </FlowProbe>
    <FlowProbe index="84">
    </FlowProbe>
    <FlowProbe index="85">
    </FlowProbe>
    <FlowProbe index="86">
      <FlowStats  flowId="1" packets="157" bytes="14444" delayFromFirstProbeSum="+847597387.0ns" >
      </FlowStats>
    </FlowProbe>
    <FlowProbe index="87">
    </FlowProbe>
    <FlowProbe index="88">
      <FlowStats  flowId="2" packets="40" bytes="3680" delayFromFirstProbeSum="+2392394269.0ns" >
      </FlowStats>
    </FlowProbe>
    <FlowProbe index="89">
    </FlowProbe>
    <FlowProbe index="90">
    </FlowProbe>
    <FlowProbe index="91">
    </FlowProbe>
    <FlowProbe index="92">
      <FlowStats  flowId="1" packets="113" bytes="10396" delayFromFirstProbeSum="+3018086027.0ns" >
      </FlowStats>
      <FlowStats  flowId="2" packets="2" bytes="184" delayFromFirstProbeSum="+1901089991.0ns" >
      </FlowStats>
      <FlowStats  flowId="3" packets="2" bytes="184" delayFromFirstProbeSum="+1881473706.0ns" >
      </FlowStats>
      <FlowStats  flowId="4" packets="3" bytes="276" delayFromFirstProbeSum="+1360675270.0ns" >
      </FlowStats>
    </FlowProbe>
    <FlowProbe index="93">
    </FlowProbe>
    <FlowProbe index="94">
      <FlowStats  flowId="1" packets="118" bytes="10856" delayFromFirstProbeSum="+4236198820.0ns" >
      </FlowStats>
      <FlowStats  flowId="4" packets="121" bytes="11132" delayFromFirstProbeSum="+3212115433.0ns" >
      </FlowStats>
      <FlowStats  flowId="6" packets="3" bytes="276" delayFromFirstProbeSum="+2637822063.0ns" >
      </FlowStats>
    </FlowProbe>
    <FlowProbe index="95">
    </FlowProbe>
    <FlowProbe index="96">
      <FlowStats  flowId="2" packets="39" bytes="3588" delayFromFirstProbeSum="+207405559.0ns" >
      </FlowStats>
      <FlowStats  flowId="6" packets="224" bytes="20608" delayFromFirstProbeSum="+2263903916.0ns" >
      </FlowStats>
    </FlowProbe>
    <FlowProbe index="97">
    </FlowProbe>
    <FlowProbe index="98">
      <FlowStats  flowId="1" packets="117" bytes="10764" delayFromFirstProbeSum="+726165792.0ns" >
      </FlowStats>
      <FlowStats  flowId="2" packets="1" bytes="92" delayFromFirstProbeSum="+563267385.0ns" >
      </FlowStats>
      <FlowStats  flowId="3" packets="2" bytes="184" delayFromFirstProbeSum="+631442472.0ns" >
      </FlowStats>
      <FlowStats  flowId="6" packets="117" bytes="10764" delayFromFirstProbeSum="+3863900873.0ns" >
      </FlowStats>
    </FlowProbe>
    <FlowProbe index="99">
    </FlowProbe>
  </FlowProbes>
</FlowMonitor>
